time,drone_x,drone_y,drone_z,target_x,target_y,target_z,error_x,error_y,error_z,position_error,pixel_x,pixel_y,target_radius_px,image_center_x,image_center_y,pixel_error_x,pixel_error_y,vx_command,vz_command,yaw_rate_command,commanded_yaw,tracking_state
1.5194447040557861,-3.864377562316043e-25,6.867394863885855e-22,1.00000197767458,0.0,0.0,1.0,3.864377562316043e-25,-6.867394863885855e-22,-1.9776745801003415e-06,1.9776745801003415e-06,,,,160.0,120.0,,,0.0,0.0,0.6,0.012500000000000178,SEARCHING
1.7529575824737549,-2.9704904657144134e-23,1.3720606589551486e-20,1.0000044924259293,0.0,0.0,1.0,2.9704904657144134e-23,-1.3720606589551486e-20,-4.492425929258914e-06,4.492425929258914e-06,,,,160.0,120.0,,,0.0,0.0,0.6,0.025000000000000355,SEARCHING
1.8344817161560059,-1.603080458823119e-22,5.372671613408068e-20,1.0000068364278787,0.0,0.0,1.0,1.603080458823119e-22,-5.372671613408068e-20,-6.83642787868699e-06,6.83642787868699e-06,,,,160.0,120.0,,,0.0,0.0,0.6,0.03750000000000053,SEARCHING
1.9154953956604004,-3.930782861391403e-22,1.2161356455838298e-19,1.0000116689632497,0.0,0.0,1.0,3.930782861391403e-22,-1.2161356455838298e-19,-1.166896324966693e-05,1.166896324966693e-05,,,,160.0,120.0,,,0.0,0.0,0.6,0.05000000000000071,SEARCHING
2.011552095413208,-2.0277217317995274e-21,2.1182021602485834e-19,1.000016571260054,0.0,0.0,1.0,2.0277217317995274e-21,-2.1182021602485834e-19,-1.6571260053943604e-05,1.6571260053943604e-05,,,,160.0,120.0,,,0.0,0.0,0.6,0.06250000000000089,SEARCHING
2.0910770893096924,-2.542981021682559e-20,4.03937854939505e-19,1.000024343800842,0.0,0.0,1.0,2.542981021682559e-20,-4.03937854939505e-19,-2.4343800842041574e-05,2.4343800842041574e-05,,,,160.0,120.0,,,0.0,0.0,0.6,0.07500000000000107,SEARCHING
2.1836013793945312,-1.0420876266741101e-20,6.575827875119573e-19,1.0000352315442007,0.0,0.0,1.0,1.0420876266741101e-20,-6.575827875119573e-19,-3.523154420070895e-05,3.523154420070895e-05,,,,160.0,120.0,,,0.0,0.0,0.6,0.08750000000000124,SEARCHING
2.2739131450653076,5.960719406612804e-20,8.163852025142906e-19,1.0000468860729363,0.0,0.0,1.0,-5.960719406612804e-20,-8.163852025142906e-19,-4.688607293634739e-05,4.688607293634739e-05,,,,160.0,120.0,,,0.0,0.0,0.6,0.10000000000000142,SEARCHING
2.3559744358062744,8.835465346399972e-20,1.1022886775979877e-18,1.0000644684708224,0.0,0.0,1.0,-8.835465346399972e-20,-1.1022886775979877e-18,-6.44684708224208e-05,6.44684708224208e-05,,,,160.0,120.0,,,0.0,0.0,0.6,0.1125000000000016,SEARCHING
2.448493242263794,2.90585484724114e-19,1.3816641571716834e-18,1.0000805483828674,0.0,0.0,1.0,-2.90585484724114e-19,-1.3816641571716834e-18,-8.054838286741806e-05,8.054838286741806e-05,,,,160.0,120.0,,,0.0,0.0,0.6,0.12500000000000178,SEARCHING
2.543022871017456,5.790320897348499e-19,1.450228025803556e-18,1.0000982200793358,0.0,0.0,1.0,-5.790320897348499e-19,-1.450228025803556e-18,-9.82200793357979e-05,9.82200793357979e-05,,,,160.0,120.0,,,0.0,0.0,0.6,0.13750000000000195,SEARCHING
2.6372618675231934,7.428424192518365e-19,1.907507478717547e-18,1.0001138866263208,0.0,0.0,1.0,-7.428424192518365e-19,-1.907507478717547e-18,-0.00011388662632083602,0.00011388662632083602,,,,160.0,120.0,,,0.0,0.0,0.6,0.15000000000000213,SEARCHING
2.727741241455078,1.3239597696469122e-18,2.099390514633718e-18,1.00013076961779,0.0,0.0,1.0,-1.3239597696469122e-18,-2.099390514633718e-18,-0.00013076961778990537,0.00013076961778990537,,,,160.0,120.0,,,0.0,0.0,0.6,0.1625000000000023,SEARCHING
2.8292713165283203,1.750640119033032e-18,1.951455620900637e-18,1.0001448889623443,0.0,0.0,1.0,-1.750640119033032e-18,-1.951455620900637e-18,-0.00014488896234432502,0.00014488896234432502,,,,160.0,120.0,,,0.0,0.0,0.6,0.1750000000000025,SEARCHING
2.9144155979156494,1.8372873094433974e-18,2.868144912166699e-18,1.0001599170480233,0.0,0.0,1.0,-1.8372873094433974e-18,-2.868144912166699e-18,-0.00015991704802331697,0.00015991704802331697,,,,160.0,120.0,,,0.0,0.0,0.6,0.18750000000000266,SEARCHING
2.9941039085388184,2.85524017020436e-18,2.557695136824201e-18,1.000172077644151,0.0,0.0,1.0,-2.85524017020436e-18,-2.557695136824201e-18,-0.0001720776441509475,0.0001720776441509475,,,,160.0,120.0,,,0.0,0.0,0.6,0.20000000000000284,SEARCHING
3.0866494178771973,3.1579383255805143e-18,1.959937955395332e-18,1.0001851931842964,0.0,0.0,1.0,-3.1579383255805143e-18,-1.959937955395332e-18,-0.00018519318429643938,0.00018519318429643938,,,,160.0,120.0,,,0.0,0.0,0.6,0.21250000000000302,SEARCHING
3.1661837100982666,3.849306875473696e-18,3.474278486064285e-18,1.000196229423335,0.0,0.0,1.0,-3.849306875473696e-18,-3.474278486064285e-18,-0.00019622942333508142,0.00019622942333508142,,,,160.0,120.0,,,0.0,0.0,0.6,0.2250000000000032,SEARCHING
3.260910987854004,6.898838219387859e-18,1.0208894340848079e-18,1.0002085399262395,0.0,0.0,1.0,-6.898838219387859e-18,-1.0208894340848079e-18,-0.0002085399262394816,0.0002085399262394816,,,,160.0,120.0,,,0.0,0.0,0.6,0.23750000000000338,SEARCHING
3.352114677429199,7.758204963341171e-18,4.2378123905825385e-19,1.0002269700715436,0.0,0.0,1.0,-7.758204963341171e-18,-4.2378123905825385e-19,-0.00022697007154359738,0.00022697007154359738,,,,160.0,120.0,,,0.0,0.0,0.6,0.25000000000000355,SEARCHING
3.436141014099121,1.2562099035550675e-17,3.892551746355855e-18,1.0002422525399015,0.0,0.0,1.0,-1.2562099035550675e-17,-3.892551746355855e-18,-0.00024225253990151074,0.00024225253990151074,,,,160.0,120.0,,,0.0,0.0,0.6,0.26250000000000373,SEARCHING
3.5252273082733154,2.0696194057481637e-17,-2.391191934045963e-18,1.0002574613673991,0.0,0.0,1.0,-2.0696194057481637e-17,2.391191934045963e-18,-0.0002574613673991255,0.0002574613673991255,,,,160.0,120.0,,,0.0,0.0,0.6,0.2750000000000039,SEARCHING
3.617220878601074,2.0692307798446656e-17,2.4241767240003097e-18,1.0002742228197057,0.0,0.0,1.0,-2.0692307798446656e-17,-2.4241767240003097e-18,-0.00027422281970568285,0.00027422281970568285,,,,160.0,120.0,,,0.0,0.0,0.6,0.2875000000000041,SEARCHING
3.710362195968628,2.88828243240939e-17,1.0687982312200373e-17,1.0002924337407915,0.0,0.0,1.0,-2.88828243240939e-17,-1.0687982312200373e-17,-0.00029243374079146456,0.00029243374079146456,,,,160.0,120.0,,,0.0,0.0,0.6,0.30000000000000426,SEARCHING
3.7893242835998535,3.077477681399463e-17,-4.611980357124883e-18,1.0003128248690099,0.0,0.0,1.0,-3.077477681399463e-17,4.611980357124883e-18,-0.0003128248690098534,0.0003128248690098534,,,,160.0,120.0,,,0.0,0.0,0.25,0.30520833333333774,SEARCHING
3.8868510723114014,1.4231120189824583e-17,1.1034172707918939e-17,1.0003332200919237,0.0,0.0,1.0,-1.4231120189824583e-17,-1.1034172707918939e-17,-0.0003332200919237138,0.0003332200919237138,,,,160.0,120.0,,,0.0,0.0,0.25,0.3104166666666712,SEARCHING
3.9852983951568604,2.2527235512644142e-17,7.701475688997332e-18,1.0003461271484622,0.0,0.0,1.0,-2.2527235512644142e-17,-7.701475688997332e-18,-0.00034612714846216086,0.00034612714846216086,,,,160.0,120.0,,,0.0,0.0,0.25,0.3156250000000047,SEARCHING
4.075360298156738,8.17445134178032e-18,-3.883713564932424e-17,1.0003572031294614,0.0,0.0,1.0,-8.17445134178032e-18,3.883713564932424e-17,-0.0003572031294614142,0.0003572031294614142,,,,160.0,120.0,,,0.0,0.0,0.25,0.3208333333333382,SEARCHING
4.155898094177246,-1.319608915717993e-17,2.2297600965929777e-18,1.0003676016188199,0.0,0.0,1.0,1.319608915717993e-17,-2.2297600965929777e-18,-0.0003676016188198794,0.0003676016188198794,,,,160.0,120.0,,,0.0,0.0,0.25,0.32604166666667167,SEARCHING
4.238436937332153,4.213111623967038e-17,-3.263936091875959e-17,1.0003787764891978,0.0,0.0,1.0,-4.213111623967038e-17,3.263936091875959e-17,-0.0003787764891978185,0.0003787764891978185,,,,160.0,120.0,,,0.0,0.0,0.25,0.33125000000000515,SEARCHING
4.322978258132935,4.063410148031632e-17,-8.69455116716934e-17,1.0003930256472866,0.0,0.0,1.0,-4.063410148031632e-17,8.69455116716934e-17,-0.0003930256472866045,0.0003930256472866045,,,,160.0,120.0,,,0.0,0.0,0.25,0.33645833333333863,SEARCHING
4.424631357192993,4.01755830578216e-17,7.316502047124019e-17,1.0004088928452453,0.0,0.0,1.0,-4.01755830578216e-17,-7.316502047124019e-17,-0.0004088928452452567,0.0004088928452452567,,,,160.0,120.0,,,0.0,0.0,0.25,0.3416666666666721,SEARCHING
4.524242162704468,1.4390604811585148e-16,-2.2513092695786795e-17,1.000425440230825,0.0,0.0,1.0,-1.4390604811585148e-16,2.2513092695786795e-17,-0.0004254402308250249,0.0004254402308250249,,,,160.0,120.0,,,0.0,0.0,0.25,0.3468750000000056,SEARCHING
4.606231212615967,-1.912817526218964e-18,-5.326891853848243e-17,1.0004420709693789,0.0,0.0,1.0,1.912817526218964e-18,5.326891853848243e-17,-0.0004420709693788716,0.0004420709693788716,,,,160.0,120.0,,,0.0,0.0,0.25,0.3520833333333391,SEARCHING
4.688877582550049,-1.783451829410408e-16,2.5500637792251364e-16,1.0004566957753565,0.0,0.0,1.0,1.783451829410408e-16,-2.5500637792251364e-16,-0.00045669577535645267,0.00045669577535645267,,,,160.0,120.0,,,0.0,0.0,0.25,0.35729166666667256,SEARCHING
4.787409067153931,-1.399051157274239e-16,-2.1309133485311327e-16,1.0004703449718841,0.0,0.0,1.0,1.399051157274239e-16,2.1309133485311327e-16,-0.00047034497188414015,0.00047034497188414015,,,,160.0,120.0,,,0.0,0.0,0.25,0.36250000000000604,SEARCHING
4.8752782344818115,-7.091187209487259e-16,-2.4927685999021596e-16,1.0004842497852549,0.0,0.0,1.0,7.091187209487259e-16,2.4927685999021596e-16,-0.0004842497852548533,0.0004842497852548533,,,,160.0,120.0,,,0.0,0.0,0.25,0.3677083333333395,SEARCHING
4.961796522140503,-7.696468490752059e-16,1.9890950388426566e-16,1.0004980261497396,0.0,0.0,1.0,7.696468490752059e-16,-1.9890950388426566e-16,-0.0004980261497395944,0.0004980261497395944,,,,160.0,120.0,,,0.0,0.0,0.25,0.372916666666673,SEARCHING
5.045857667922974,3.680572676286127e-17,-1.1790844391274345e-15,1.0005114377073436,0.0,0.0,1.0,-3.680572676286127e-17,1.1790844391274345e-15,-0.0005114377073436316,0.0005114377073436316,,,,160.0,120.0,,,0.0,0.0,0.25,0.3781250000000065,SEARCHING
5.133376598358154,-5.240538087164817e-16,-4.655086132268614e-16,1.000524344656495,0.0,0.0,1.0,5.240538087164817e-16,4.655086132268614e-16,-0.0005243446564950904,0.0005243446564950904,,,,160.0,120.0,,,0.0,0.0,0.25,0.38333333333333997,SEARCHING
5.230336904525757,1.2636856840324765e-15,7.745683206166157e-16,1.0005366700236333,0.0,0.0,1.0,-1.2636856840324765e-15,-7.745683206166157e-16,-0.0005366700236333344,0.0005366700236333344,,,,160.0,120.0,,,0.0,0.0,0.25,0.38854166666667345,SEARCHING
5.322834730148315,3.0711994581964127e-15,-1.693313085252458e-15,1.000548377439812,0.0,0.0,1.0,-3.0711994581964127e-15,1.693313085252458e-15,-0.0005483774398120644,0.0005483774398120644,,,,160.0,120.0,,,0.0,0.0,0.25,0.39375000000000693,SEARCHING
5.415383338928223,-1.630869194555149e-16,2.806156688697433e-15,1.0005587250083223,0.0,0.0,1.0,1.630869194555149e-16,-2.806156688697433e-15,-0.000558725008322325,0.000558725008322325,,,,160.0,120.0,,,0.0,0.0,0.25,0.3989583333333404,SEARCHING
5.524909019470215,2.257277112023242e-15,4.187246787465597e-15,1.0005682542301855,0.0,0.0,1.0,-2.257277112023242e-15,-4.187246787465597e-15,-0.000568254230185472,0.000568254230185472,,,,160.0,120.0,,,0.0,0.0,0.25,0.4041666666666739,SEARCHING
5.635453701019287,-1.9959950103451407e-15,-2.9474782728521686e-15,1.0005775614994292,0.0,0.0,1.0,1.9959950103451407e-15,2.9474782728521686e-15,-0.0005775614994292244,0.0005775614994292244,,,,160.0,120.0,,,0.0,0.0,0.25,0.40937500000000737,SEARCHING
5.7229695320129395,-1.2847552750448217e-14,6.444480093802439e-15,1.0005865342569318,0.0,0.0,1.0,1.2847552750448217e-14,-6.444480093802439e-15,-0.0005865342569317811,0.0005865342569317811,,,,160.0,120.0,,,0.0,0.0,0.25,0.41458333333334085,SEARCHING
5.809994459152222,-3.3225380823701185e-15,-4.1765169472350504e-15,1.000595109111227,0.0,0.0,1.0,3.3225380823701185e-15,4.1765169472350504e-15,-0.0005951091112270657,0.0005951091112270657,,,,160.0,120.0,,,0.0,0.0,0.25,0.41979166666667433,SEARCHING
5.889511823654175,-1.0775058220611742e-14,-2.1237728482405254e-14,1.0006032545094103,0.0,0.0,1.0,1.0775058220611742e-14,2.1237728482405254e-14,-0.0006032545094103448,0.0006032545094103448,,,,160.0,120.0,,,0.0,0.0,0.25,0.4250000000000078,SEARCHING
5.99103856086731,-6.705801260812513e-15,7.288717569159464e-15,1.0006109593278543,0.0,0.0,1.0,6.705801260812513e-15,-7.288717569159464e-15,-0.0006109593278542658,0.0006109593278542658,,,,160.0,120.0,,,0.0,0.0,0.25,0.4302083333333413,SEARCHING
6.079973936080933,3.783866798485374e-14,-1.913564647287563e-14,1.000618225370999,0.0,0.0,1.0,-3.783866798485374e-14,1.913564647287563e-14,-0.0006182253709989816,0.0006182253709989816,,,,160.0,120.0,,,0.0,0.0,0.25,0.4354166666666748,SEARCHING
6.160784006118774,2.056606949568985e-14,-8.250775323416663e-15,1.0006250624495272,0.0,0.0,1.0,-2.056606949568985e-14,8.250775323416663e-15,-0.0006250624495272028,0.0006250624495272028,,,,160.0,120.0,,,0.0,0.0,0.25,0.44062500000000826,SEARCHING
6.250321626663208,3.641420559656151e-14,8.04153842085923e-14,1.000631485160388,0.0,0.0,1.0,-3.641420559656151e-14,-8.04153842085923e-14,-0.0006314851603879124,0.0006314851603879124,,,,160.0,120.0,,,0.0,0.0,0.25,0.44583333333334174,SEARCHING
6.330333948135376,6.511954052774415e-14,-3.838455826225624e-15,1.0006375107891436,0.0,0.0,1.0,-6.511954052774415e-14,3.838455826225624e-15,-0.0006375107891436471,0.0006375107891436471,,,,160.0,120.0,,,0.0,0.0,0.25,0.4510416666666752,SEARCHING
6.426579236984253,-7.208826557409402e-14,4.3971161080507787e-14,1.0006431579519468,0.0,0.0,1.0,7.208826557409402e-14,-4.3971161080507787e-14,-0.0006431579519468045,0.0006431579519468045,,,,160.0,120.0,,,0.0,0.0,0.25,0.4562500000000087,SEARCHING
6.519536972045898,-8.444287843916972e-14,1.0706709314029854e-13,1.0006484457244613,0.0,0.0,1.0,8.444287843916972e-14,-1.0706709314029854e-13,-0.0006484457244613218,0.0006484457244613218,,,,160.0,120.0,,,0.0,0.0,0.25,0.4614583333333422,SEARCHING
6.610227108001709,-8.576418972056267e-14,-2.24253212303576e-13,1.0006533930909196,0.0,0.0,1.0,8.576418972056267e-14,2.24253212303576e-13,-0.0006533930909196073,0.0006533930909196073,,,,160.0,120.0,,,0.0,0.0,0.25,0.46666666666667567,SEARCHING
6.704745531082153,-3.0625786477464205e-13,-6.339945684054518e-14,1.0006580186032126,0.0,0.0,1.0,3.0625786477464205e-13,6.339945684054518e-14,-0.0006580186032125734,0.0006580186032125734,,,,160.0,120.0,,,0.0,0.0,0.25,0.47187500000000915,SEARCHING
15.326008796691895,-1.4924844802187644e-14,-3.508192457123894e-14,1.0006623401773795,0.0,0.0,1.0,1.4924844802187644e-14,3.508192457123894e-14,-0.000662340177379539,0.000662340177379539,,,,160.0,120.0,,,0.0,0.0,0.25,0.47708333333334263,SEARCHING
15.42213773727417,2.8660791748209877e-13,-5.458926337737771e-13,1.0006663749795863,0.0,0.0,1.0,-2.8660791748209877e-13,5.458926337737771e-13,-0.0006663749795863261,0.0006663749795863261,,,,160.0,120.0,,,0.0,0.0,0.25,0.4822916666666761,SEARCHING
15.512664318084717,1.0464794773093726e-13,3.89581040951266e-13,1.0006701393700301,0.0,0.0,1.0,-1.0464794773093726e-13,-3.89581040951266e-13,-0.0006701393700301317,0.0006701393700301317,,,,160.0,120.0,,,0.0,0.0,0.25,0.4875000000000096,SEARCHING
15.607211112976074,1.0872727495486935e-12,4.587981341560771e-13,1.0006736488839838,0.0,0.0,1.0,-1.0872727495486935e-12,-4.587981341560771e-13,-0.0006736488839838017,0.0006736488839838017,,,,160.0,120.0,,,0.0,0.0,0.25,0.4927083333333431,SEARCHING
15.690524339675903,1.007957923222994e-12,-2.7006436158406015e-13,1.0006769182363204,0.0,0.0,1.0,-1.007957923222994e-12,2.7006436158406015e-13,-0.000676918236320434,0.000676918236320434,,,,160.0,120.0,,,0.0,0.0,0.25,0.49791666666667656,SEARCHING
15.779674053192139,-7.177204674732267e-13,2.0630810758761e-12,1.000679961340551,0.0,0.0,1.0,7.177204674732267e-13,-2.0630810758761e-12,-0.0006799613405510385,0.0006799613405510385,,,,160.0,120.0,,,0.0,0.0,0.25,0.50312500000001,SEARCHING
15.864709615707397,3.73104528771062e-13,4.323388594117239e-13,1.0006827913365184,0.0,0.0,1.0,-3.73104528771062e-13,-4.323388594117239e-13,-0.0006827913365183846,0.0006827913365183846,,,,160.0,120.0,,,0.0,0.0,0.25,0.5083333333333435,SEARCHING
15.961236715316772,-2.86970694555009e-12,-2.000366369056797e-12,1.0006854206229228,0.0,0.0,1.0,2.86970694555009e-12,2.000366369056797e-12,-0.0006854206229227611,0.0006854206229227611,,,,160.0,120.0,,,0.0,0.0,0.25,0.513541666666677,SEARCHING
16.051764726638794,-6.019528783820592e-12,1.989892129508683e-12,1.0006878608922132,0.0,0.0,1.0,6.019528783820592e-12,-1.989892129508683e-12,-0.0006878608922131768,0.0006878608922131768,,,,160.0,120.0,,,0.0,0.0,0.25,0.5187500000000105,SEARCHING
16.135781049728394,9.044218825345236e-13,-5.9913435247960235e-12,1.0006901231662602,0.0,0.0,1.0,-9.044218825345236e-13,5.9913435247960235e-12,-0.0006901231662601592,0.0006901231662601592,,,,160.0,120.0,,,0.0,0.0,0.25,0.523958333333344,SEARCHING
16.214353799819946,-3.319989285647383e-12,-7.589541276988155e-12,1.000692217831806,0.0,0.0,1.0,3.319989285647383e-12,7.589541276988155e-12,-0.0006922178318060634,0.0006922178318060636,,,,160.0,120.0,,,0.0,0.0,0.25,0.5291666666666774,SEARCHING
16.293895959854126,4.284534356093987e-12,6.4456782469761725e-12,1.000694154675081,0.0,0.0,1.0,-4.284534356093987e-12,-6.4456782469761725e-12,-0.000694154675080938,0.000694154675080938,,,,160.0,120.0,,,0.0,0.0,0.25,0.5343750000000109,SEARCHING
16.373475313186646,2.468671501162066e-11,-8.643383131179866e-12,1.0006959429152098,0.0,0.0,1.0,-2.468671501162066e-11,8.643383131179866e-12,-0.0006959429152098018,0.0006959429152098022,,,,160.0,120.0,,,0.0,0.0,0.25,0.5395833333333444,SEARCHING
16.450839281082153,3.506325400500001e-12,1.1641654128048662e-11,1.0006975912362113,0.0,0.0,1.0,-3.506325400500001e-12,-1.1641654128048662e-11,-0.0006975912362112702,0.0006975912362112703,,,,160.0,120.0,,,0.0,0.0,0.25,0.5447916666666779,SEARCHING
16.54037070274353,1.5135720272002638e-11,4.169740716323969e-11,1.0006991078174825,0.0,0.0,1.0,-1.5135720272002638e-11,-4.169740716323969e-11,-0.0006991078174825027,0.0006991078174825041,,,,160.0,120.0,,,0.0,0.0,0.25,0.5500000000000114,SEARCHING
16.620368480682373,8.705476500665224e-12,-1.3901277827036031e-11,1.0007005003627463,0.0,0.0,1.0,-8.705476500665224e-12,1.3901277827036031e-11,-0.0007005003627462703,0.0007005003627462705,,,,160.0,120.0,,,0.0,0.0,0.25,0.5552083333333449,SEARCHING
16.713608741760254,-7.771011674349673e-11,2.862075359203917e-11,1.000701776127462,0.0,0.0,1.0,7.771011674349673e-11,-2.862075359203917e-11,-0.0007017761274619172,0.0007017761274619221,,,,160.0,120.0,,,0.0,0.0,0.25,0.5604166666666783,SEARCHING
16.794147729873657,-3.3890232493758806e-11,1.6027554447505363e-12,1.0007029419447455,0.0,0.0,1.0,3.3890232493758806e-11,-1.6027554447505363e-12,-0.0007029419447455165,0.0007029419447455173,,,,160.0,120.0,,,0.0,0.0,0.25,0.5656250000000118,SEARCHING
16.8716721534729,-5.0793294278585384e-11,-1.6315716771071718e-10,1.0007040042498403,0.0,0.0,1.0,5.0793294278585384e-11,1.6315716771071718e-10,-0.0007040042498402954,0.0007040042498403162,,,,160.0,120.0,,,0.0,0.0,0.25,0.5708333333333453,SEARCHING
16.951125860214233,-1.0438803039401579e-10,2.2550902183017684e-12,1.000704969103213,0.0,0.0,1.0,1.0438803039401579e-10,-2.2550902183017684e-12,-0.000704969103213049,0.0007049691032130568,,,,160.0,120.0,,,0.0,0.0,0.25,0.5760416666666788,SEARCHING
17.046177864074707,1.7364834212052854e-10,-7.233343843757025e-11,1.0007058422123425,0.0,0.0,1.0,-1.7364834212052854e-10,7.233343843757025e-11,-0.000705842212342489,0.000705842212342514,,,,160.0,120.0,,,0.0,0.0,0.25,0.5812500000000123,SEARCHING
17.139711141586304,1.7017298782613262e-10,-1.517469048338241e-10,1.0007066289522353,0.0,0.0,1.0,-1.7017298782613262e-10,1.517469048338241e-10,-0.0007066289522352776,0.0007066289522353143,,,,160.0,120.0,,,0.0,0.0,0.25,0.5864583333333457,SEARCHING
17.23371696472168,1.2638042620359413e-10,4.873355503260473e-10,1.0007073343847421,0.0,0.0,1.0,-1.2638042620359413e-10,-4.873355503260473e-10,-0.000707334384742131,0.0007073343847423101,,,,160.0,120.0,,,0.0,0.0,0.25,0.5916666666666792,SEARCHING
17.314239263534546,5.270571388358537e-10,1.6769569676661605e-10,1.000707963276883,0.0,0.0,1.0,-5.270571388358537e-10,-1.6769569676661605e-10,-0.0007079632768829391,0.0007079632768831552,,,,160.0,120.0,,,0.0,0.0,0.25,0.5968750000000127,SEARCHING
17.410815954208374,-1.093093855286798e-10,1.0990700175352413e-10,1.0007085201180235,0.0,0.0,1.0,1.093093855286798e-10,-1.0990700175352413e-10,-0.0007085201180234701,0.0007085201180234871,,,,160.0,120.0,,,0.0,0.0,0.25,0.6020833333333462,SEARCHING
17.50333333015442,-6.446744451819734e-10,9.118925192943624e-10,1.0007090091357715,0.0,0.0,1.0,6.446744451819734e-10,-9.118925192943624e-10,-0.0007090091357715433,0.0007090091357724228,,,,160.0,120.0,,,0.0,0.0,0.25,0.6072916666666797,SEARCHING
17.5978741645813,-1.7151722624049874e-10,-9.703794139928804e-10,1.0007094343114877,0.0,0.0,1.0,1.7151722624049874e-10,9.703794139928804e-10,-0.0007094343114877333,0.0007094343114884176,,,,160.0,120.0,,,0.0,0.0,0.25,0.6125000000000131,SEARCHING
17.677412509918213,-1.9326699068084542e-09,-1.0754454693610281e-09,1.0007097993955152,0.0,0.0,1.0,1.9326699068084542e-09,1.0754454693610281e-09,-0.0007097993955151871,0.000709799395518633,,,,160.0,120.0,,,0.0,0.0,0.25,0.6177083333333466,SEARCHING
17.772948503494263,-1.4717575594467255e-09,1.4159809558941535e-10,1.0007101079192815,0.0,0.0,1.0,1.4717575594467255e-09,-1.4159809558941535e-10,-0.0007101079192814996,0.0007101079192830389,,,,160.0,120.0,,,0.0,0.0,0.25,0.6229166666666801,SEARCHING
17.851245641708374,1.9047139107719746e-09,-3.748056210200958e-09,1.0007103632066152,0.0,0.0,1.0,-1.9047139107719746e-09,3.748056210200958e-09,-0.0007103632066152166,0.000710363206627658,,,,160.0,120.0,,,0.0,0.0,0.25,0.6281250000000136,SEARCHING
17.946293592453003,-3.8398389953452516e-10,-1.068330229566735e-10,1.000710568394194,0.0,0.0,1.0,3.8398389953452516e-10,1.068330229566735e-10,-0.0007105683941939223,0.000710568394194034,,,,160.0,120.0,,,0.0,0.0,0.25,0.6333333333333471,SEARCHING
18.03682804107666,5.352505386814684e-09,4.524326691074439e-09,1.0007107264403798,0.0,0.0,1.0,-5.352505386814684e-09,-4.524326691074439e-09,-0.0007107264403798386,0.0007107264404143939,,,,160.0,120.0,,,0.0,0.0,0.25,0.6385416666666806,SEARCHING
18.132368803024292,1.0411576158188032e-08,-1.990071964915951e-09,1.0007108401178486,0.0,0.03125,1.0,-1.0411576158188032e-08,0.03125000199007197,-0.0007108401178486101,0.03125808564280214,,,,160.0,120.0,,,0.0,0.0,0.25,0.643750000000014,SEARCHING
18.22388219833374,-3.807405707062558e-09,1.1897182440743558e-08,1.0007109120528004,0.03125,0.0625,1.0,0.03125000380740571,0.06249998810281756,-0.0007109120528003832,0.06988073158433607,,,,160.0,120.0,,,0.0,0.0,0.25,0.6489583333333475,SEARCHING
18.318724155426025,3.786667678914398e-09,1.3070793307350079e-08,1.0006805803297694,0.0625,0.09375,1.0,0.06249999621333232,0.09374998692920669,-0.0006805803297693647,0.11267551981454645,131.0,131.0,80.44883728027344,160.0,120.0,-29.0,11.0,0.0,-0.12081666666666667,0.53505,0.6601052083333476,TRACKING
18.423322200775146,-8.511583340340887e-09,-1.4137161899042044e-08,1.0005787974016003,0.09375,0.125,1.0,0.09375000851158334,0.12500001413716189,-0.0005787974016002728,0.1562510884334721,129.69155616760253,133.19677124023437,71.83995933532715,160.0,120.0,-30.308443832397472,13.19677124023437,0.0,-0.13086453745524085,0.5174307887077334,0.6708850164314253,TRACKING
18.51187014579773,-4.547975413049397e-08,8.776242499950728e-09,1.0003826129458986,0.09375,0.15625,1.0,0.09375004547975413,0.1562499912237575,-0.0003826129458985861,0.1822176642851802,124.86669900894165,133.44508880615234,63.77718294143678,160.0,120.0,-35.13330099105835,13.445088806152341,0.0,-0.11951602486673993,0.5711572441663743,0.6827841256848917,TRACKING
18.605698585510254,-2.4567209956452436e-09,-2.6181867953900384e-08,1.0000842702939998,0.09375,0.15625,1.0,0.093750002456721,0.15625002618186795,-8.427029399982189e-05,0.18221728991495859,121.62724443149567,133.5031977996826,58.59953727436066,160.0,120.0,-38.37275556850433,13.503197799682596,0.0,-0.10857571507797223,0.595743659516859,0.6951954519248265,TRACKING
18.696242094039917,-1.7316317046516713e-08,-7.969337943405635e-08,0.9996781189557723,0.09375,0.15625,1.0,0.09375001731631705,0.15625007969337942,0.0003218810442277009,0.1822176082556343,120.34961523728371,133.59716752853393,55.01878095440864,160.0,120.0,-39.650384762716286,13.59716752853393,0.0,-0.10027060423397063,0.5865058862758326,0.7074143245555731,TRACKING
18.791770935058594,-2.8238081930386125e-08,1.645950552786513e-08,0.9991747347424019,0.09375,0.15625,1.0,0.09375002823808193,0.15624998354049446,0.0008252652575980735,0.18221911593955054,120.12861480291605,133.2895237922287,52.431459634525766,160.0,120.0,-39.87138519708395,13.289523792228692,0.0,-0.08930159991791342,0.5624955327508612,0.7191329814878826,TRACKING
18.884914875030518,1.1361230627237278e-07,-5.278446557060487e-08,0.9985910428037006,0.09375,0.15625,1.0,0.09374988638769373,0.15625005278446558,0.0014089571962994096,0.1822226806773371,120.07266212189543,132.82725296494866,50.67968181755649,160.0,120.0,-39.92733787810457,12.827252964948656,0.0,-0.07854606882424797,0.5407393698589581,0.7303983850266107,TRACKING
18.975439310073853,2.5653673000435108e-08,-2.1235414249265575e-08,0.9979380391065379,0.09375,0.15625,1.0,0.093749974346327,0.15625002123541426,0.0020619608934621114,0.1822289178718091,120.43485740865097,132.4332260544139,49.43648579310606,160.0,120.0,-39.56514259134903,12.433226054413893,0.0,-0.07026744137656118,0.5157455030722622,0.7411430830072829,TRACKING
19.061968088150024,-8.439169897508512e-09,2.5582247126037474e-07,0.9972306682325272,0.125,0.15625,1.0,0.1250000084391699,0.15624974417752874,0.002769331767472849,0.20011660067014445,127.44637267817195,130.87654208002235,45.28983930830458,160.0,120.0,-32.553627321828046,10.876542080022347,0.0,-0.050513497999061185,0.37225551656568284,0.7488984062690678,TRACKING
19.150495529174805,-9.608843859285774e-07,-8.693654201201938e-07,0.9964888302586407,0.15625,0.15625,1.0,0.15625096088438592,0.15625086936542013,0.0035111697413593435,0.2210000571667259,136.8319253829016,129.40716499544715,40.75941434159671,160.0,120.0,-23.168074617098398,9.407164995447147,-0.7,-0.03424230366035182,0.19788662732439743,0.7530210443383263,TRACKING
19.238500595092773,-2.17315658303647e-05,-1.6353773529883885e-05,0.9957237152048833,0.1875,0.1875,1.0,0.18752173156583035,0.18751635377352988,0.004276284795116658,0.2652264491969379,143.06677002305597,128.14762233493127,35.74426963255422,160.0,120.0,-16.933229976944034,8.14762233493127,-0.47694474063263653,-0.02218310061944196,0.09540458613714128,0.7550086398828499,TRACKING
19.316646099090576,-8.135939775142631e-05,-6.382567301145175e-05,0.9949687504017256,0.21875,0.21875,1.0,0.21883135939775142,0.21881382567301144,0.00503124959827439,0.30950277484062566,147.1988868125938,126.94168510852563,30.987176349874844,160.0,120.0,-12.801113187406202,6.941685108525633,0.11007734906956566,0.06427291767608788,0.0381858815908641,0.7558041790826597,TRACKING
19.41170382499695,-0.00016908140921180942,-0.00013693074648419225,0.9942655346173066,0.21875,0.25,1.0,0.21891908140921182,0.2501369307464842,0.005734465382693399,0.33245591049272966,148.17927642818597,125.91209532054165,27.357134178505074,160.0,120.0,-11.820723571814028,5.912095320541653,0.4869903595656689,0.05141833414087032,0.04126302153667964,0.756663825364674,TRACKING
19.493746280670166,-0.00028221287488315664,-0.0002246332773361839,0.9936298087016597,0.21875,0.28125,1.0,0.21903221287488317,0.2814746332773362,0.006370191298340266,0.35671229133947213,147.23633329770564,124.96216928562258,24.54123383849534,160.0,120.0,-12.763666702294358,4.962169285622579,0.7,0.04113466731269625,0.07700434602328735,0.7582680825734927,TRACKING
19.582277059555054,-0.0004167823569091703,-0.00033293063848763125,0.9930681526455858,0.21875,0.3125,1.0,0.21916678235690917,0.3128329306384876,0.006931847354414211,0.3820295426904711,144.77135117109657,124.25945773462928,22.33007815240112,160.0,120.0,-15.228648828903431,4.2594577346292795,0.7,0.032907733850157,0.13580064713472956,0.7610972627221329,TRACKING
19.663808584213257,-0.0005393032762058362,-0.0004387271949231832,0.992577567954801,0.21875,0.34375,1.0,0.21928930327620583,0.34418872719492316,0.00742243204519899,0.40817737683131167,141.7330265156073,123.26758284550219,20.56372196071234,160.0,120.0,-18.266973484392707,3.26758284550219,0.7,0.026326187080125605,0.19896206746659353,0.7652423057943536,TRACKING
19.761339902877808,-0.0006251828262242188,-0.0004955959502273116,0.9921485804726277,0.21875,0.375,1.0,0.21937518282622423,0.3754955959502273,0.007851419527372339,0.43495293792162215,138.89595957523264,122.29596215951295,19.209312684192025,160.0,120.0,-21.104040424767362,2.2959621595129533,0.7,0.021060949664100485,0.2526142293630708,0.7705051022394178,TRACKING
19.853855848312378,-0.0006585665426519823,-0.0004986568800221782,0.9917735698539049,0.21875,0.375,1.0,0.21940856654265198,0.37549865688002215,0.008226430146095143,0.4349793495603562,137.36848746291489,121.51658156518245,18.284284751072473,160.0,120.0,-22.631512537085115,1.5165815651824488,0.7,0.01684875973128039,0.2777573349184458,0.7762917133835519,TRACKING
19.939875602722168,-0.0006120721371359913,-0.0004410744195899692,0.991442009849483,0.21875,0.34375,1.0,0.219362072137136,0.34419107441958996,0.008557990150516948,0.4082406809687468,137.51684763092396,120.8728301719096,17.901425465241786,160.0,120.0,-22.483152369076038,0.8728301719095981,0.7,0.013479007785024312,0.27038952604343064,0.7819248285094567,TRACKING
20.029431104660034,-0.0004483889026996637,-0.0002532270531653653,0.9911441445245733,0.21875,0.3125,1.0,0.21919838890269966,0.3127532270531654,0.008855855475426666,0.38202217331708593,138.80368548768845,119.79838209220999,18.034882755867855,160.0,120.0,-21.196314512311545,-0.2016179077900091,0.7,0.01078320622801945,0.24315655520786073,0.7869905900762872,TRACKING
20.123955726623535,-0.00012290308000352954,0.00013661327758836037,0.9908679857975475,0.21875,0.28125,1.0,0.21887290308000354,0.28111338672241165,0.009132014202452465,0.35638950262403435,141.6777681866264,118.48640403315426,18.468021100426654,160.0,120.0,-18.322231813373605,-1.5135959668457417,0.6604584817043034,0.008626564982415562,0.18919012602358456,0.7909320510351119,TRACKING
20.207479000091553,0.0004068996126107031,0.0007299413509254541,0.990601872809937,0.21875,0.25,1.0,0.2183431003873893,0.24927005864907453,0.009398127190063055,0.3315080638843816,145.63525681032084,117.61831754403562,19.215642452917706,160.0,120.0,-14.36474318967916,-2.3816824559643806,0.5255065704519566,0.00690125198593245,0.11956145729179576,0.7934229147286911,TRACKING
20.313010215759277,0.001182981656856029,0.0015176843088397605,0.9903370081742419,0.21875,0.25,1.0,0.21756701834314396,0.24848231569116025,0.009662991825758138,0.330412230543895,148.0233051103023,116.76962490948253,19.707563090764914,160.0,120.0,-11.976694889697711,-3.2303750905174695,0.44089903187982343,0.005521001588745959,0.08391034687555698,0.7951710469552653,TRACKING
20.40208339691162,0.002248327633408604,0.002559147559146068,0.9900642599775271,0.21875,0.25,1.0,0.2165016723665914,0.24744085244085393,0.009935740022472883,0.3289356601586114,149.54386688859103,115.55583404150545,20.05565594582581,160.0,120.0,-10.456133111408974,-4.444165958494551,0.38584950267269635,0.004416801270996768,0.06602147619283821,0.7965464943759493,TRACKING
20.487623929977417,0.0036450598979812163,0.003925206616067271,0.9897723327291695,0.21875,0.25,1.0,0.21510494010201878,0.24607479338393273,0.010227667270830465,0.32699777426313026,150.96343550517207,114.24494080861916,20.396173255808506,160.0,120.0,-9.036564494827928,-5.7550591913808375,0.3402201752613109,0.0035334410167974146,-0.1165721754505548,0.7941179073873963,TRACKING
20.596670150756836,0.005410350182230891,0.005618712202331968,0.9894534370533274,0.1875,0.25,1.0,0.1820896498177691,0.24438128779766805,0.010546562946672555,0.30494275591722547,149.71178224218022,113.27154367892277,21.190242241977433,160.0,120.0,-10.28821775781978,-6.728456321077232,0.2506260147647031,0.0028267528134379317,0.0965598772713311,0.7961295714972154,TRACKING
20.703195095062256,0.007555498489311598,0.007613536946961713,0.9891114075200775,0.15625,0.25,1.0,0.14869450151068841,0.2423864630530383,0.010888592479922465,0.2845695234860329,145.67374396767104,112.80999300006445,22.64908823197405,160.0,120.0,-14.326256032328956,-7.190006999935548,0.0990701344362985,0.0022614022507503454,0.17489819793685368,0.7997732839542331,TRACKING
20.779731035232544,0.010063054191259047,0.009927234435141173,0.9887715383144923,0.15625,0.25,1.0,0.14618694580874095,0.24007276556485882,0.011228461685507729,0.2813034557958191,142.85366615344907,112.53778275778114,23.7140911314533,160.0,120.0,-17.14633384655093,-7.4622172422188555,0.011645165763440296,0.08376914117763738,0.22418307009461855,0.8044437645812041,TRACKING
20.875253438949585,0.012912197790311008,0.012586090697928643,0.9884630867185675,0.15625,0.25,1.0,0.143337802209689,0.23741390930207135,0.01153691328143247,0.27756835237551736,141.49473590501535,112.34702201887609,24.53115962454377,160.0,120.0,-18.505264094984653,-7.652977981123911,-0.0380307628369351,0.07595086752978439,0.24299797031403658,0.80950622229608,TRACKING
20.975778818130493,0.016081959609470352,0.01554473459196544,0.9882072778056362,0.15625,0.25,1.0,0.14016804039052966,0.23445526540803457,0.01179272219436378,0.2734143729236386,140.66137097131661,112.68504879408098,25.1041376136805,160.0,120.0,-19.338629028683386,-7.314951205919016,-0.05620166682684105,0.06406326309219065,0.2514108034916864,0.8147439473688234,TRACKING
21.075308322906494,0.019549267065105336,0.018744649283170878,0.9879945860815931,0.15625,0.25,1.0,0.13670073293489465,0.23125535071682912,0.012005413918406926,0.26890566670015215,139.90489113135578,113.23793003158232,25.64200165897533,160.0,120.0,-20.095108868644218,-6.762069968417677,-0.0708234970211985,-0.022386564999165574,0.25859761115516405,0.8201313976012226,TRACKING
21.173832893371582,0.02328704030073234,0.022194858832193704,0.9878014524323654,0.15625,0.25,1.0,0.13296295969926766,0.22780514116780629,0.01219854756763461,0.2640513880994248,139.23817923538127,113.34909955837031,26.1939236598159,160.0,120.0,-20.761820764618733,-6.6509004416296875,-0.08785768892376183,-0.017909251999332458,0.2643929183593106,0.8256395834003749,TRACKING
21.268367290496826,0.027266639885798916,0.02591396450369282,0.9876127680545304,0.15625,0.28125,1.0,0.12898336011420108,0.2553360354963072,0.012387231945469646,0.2863330957549126,137.360046452949,113.4019147129407,25.92114048202975,160.0,120.0,-22.639953547050993,-6.598085287059305,-0.013146457481228946,-0.014327401599465968,0.29287998124371584,0.8317412496762859,TRACKING
21.356409072875977,0.03146144415844075,0.029849985519653864,0.9874239416947236,0.15625,0.3125,1.0,0.12478855584155925,0.28265001448034616,0.012576058305276416,0.30922705508616083,134.7772423221024,114.08776815349934,25.26155669341577,160.0,120.0,-25.22275767789759,-5.91223184650066,0.09177631820785147,-0.011461921279572776,0.33289661668995707,0.8386765958573266,TRACKING
21.454930305480957,0.03583249437737137,0.03392763516001348,0.9872410269580804,0.15625,0.3125,1.0,0.12041750562262862,0.27857236483998654,0.012758973041919641,0.3037527440304084,132.75520750936656,115.10704929977456,25.064408632641637,160.0,120.0,-27.244792490633444,-4.892950700225441,0.12863131090691882,-0.009169537023658221,0.36037504042221175,0.8461844091994561,TRACKING
21.543972969055176,0.04032072369881724,0.03812425510260853,0.9870684079978052,0.15625,0.3125,1.0,0.11592927630118276,0.27437574489739147,0.012931592002194847,0.2981423696213365,131.09208117015075,116.05905195452144,25.093068385264917,160.0,120.0,-28.90791882984925,-3.9409480454785637,0.0,-0.007335629618926577,0.38028549640022635,0.8541070237077943,TRACKING
21.63937258720398,0.04486528932466254,0.042426566896704467,0.9869064547619998,0.15625,0.3125,1.0,0.11138471067533745,0.2700734331032955,0.013093545238000215,0.2924340164333288,130.31080490903548,117.00538320586374,25.254903439374836,160.0,120.0,-29.689195090964517,-2.994616794136263,0.0,-0.005868503695141262,0.3836857615049185,0.86210047707248,TRACKING
21.729832887649536,0.04941621422033414,0.04675694953540788,0.9867613892557979,0.15625,0.3125,1.0,0.10683378577966586,0.2657430504645921,0.013238610744202073,0.2867195275328815,129.85202319087307,118.57849908381144,25.577770098447647,160.0,120.0,-30.14797680912693,-1.4215009161885632,0.0,-0.00469480295611301,0.3822138208587015,0.8700632650070368,TRACKING
21.82842469215393,0.05393233584299398,0.05103442803150549,0.9866369370357893,0.15625,0.3125,1.0,0.10231766415700602,0.2614655719684945,0.013363062964210748,0.28109023671259614,129.0288150740675,120.12602440447743,26.025219639003176,160.0,120.0,-30.971184925932505,0.1260244044774339,0.0,-0.003755842364890408,0.3887921942625597,0.8781631023875072,TRACKING
21.909943342208862,0.0583686626246531,0.05524791708244558,0.9865303326196624,0.15625,0.3125,1.0,0.0978813373753469,0.2572520829175544,0.013469667380337613,0.27557362412093017,128.14372979814388,121.30691586291033,26.707048092195325,160.0,120.0,-31.85627020185612,1.30691586291033,0.0,-0.0030046738919123264,0.39704874483418656,0.8864349512382192,TRACKING
22.00221085548401,0.0626796618986049,0.05939738941610998,0.986437973274332,0.15625,0.3125,1.0,0.0935703381013951,0.25310261058389,0.013562026725667975,0.27018561809559255,127.74712538808063,122.08134727012023,27.303870276650592,160.0,120.0,-32.25287461191937,2.081347270120233,0.0,-0.002403739113529861,0.39663295518719244,0.8946981378046193,TRACKING
22.094733953475952,0.06682592138441515,0.06341252731940437,0.986358118697938,0.15625,0.3125,1.0,0.08942407861558485,0.2490874726805956,0.013641881302062009,0.2650044071484705,127.66063150225241,123.45287572557815,27.929181958661996,160.0,120.0,-32.339368497747586,3.452875725578153,0.0,-0.0019229912908238888,0.3914711442201031,0.9028537866425381,TRACKING
22.18726348876953,0.07076954733689954,0.06721211254567638,0.9862875078283212,0.1875,0.34375,1.0,0.11673045266310046,0.2765378874543236,0.013712492171678803,0.3004783423446536,129.6305556485832,124.73129663556622,26.689267097440602,160.0,120.0,-30.369444351416803,4.731296635566224,0.0,-0.0015383930326591112,0.34959539399621165,0.9101370240174589,TRACKING
22.28379535675049,0.07446742253935305,0.07078540067117742,0.9862226780899893,0.21875,0.375,1.0,0.14428257746064693,0.30421459932882255,0.013777321910010687,0.3369774461332623,132.4462671164033,125.63893953858191,24.709602650049035,160.0,120.0,-27.553732883596695,5.6389395385819086,0.17712149715089648,-0.001230714426127289,0.29605768840637614,0.9163048925259254,TRACKING
22.380829572677612,0.07789484664357649,0.07415990797790298,0.9861682827973723,0.25,0.40625,1.0,0.1721051533564235,0.33209009202209705,0.013831717202627658,0.3742931063108916,136.12416404924613,126.09940112366222,22.492525768704972,160.0,120.0,-23.875835950753867,6.0994011236622185,0.42659917450464024,-0.0009845715409018314,0.23098485130224328,0.9211170769280557,TRACKING
22.472360372543335,0.08105880696628812,0.07732802190109413,0.9861324481334344,0.28125,0.4375,1.0,0.20019119303371188,0.3601719780989059,0.01386755186656563,0.4123016815036188,139.75570663200998,126.23961073038043,20.333865981378203,160.0,120.0,-20.244293367990025,6.239610730380434,0.6351698234459102,-0.0007876572327214651,0.17150655127899794,0.9246901300797017,TRACKING
22.56942105293274,0.08397056742524099,0.08027509256406058,0.9861203180148301,0.3125,0.46875,1.0,0.228529432574759,0.38847490743593943,0.013879681985169867,0.45092249980713145,142.8453741972811,126.41408132533321,18.399155193269976,160.0,120.0,-17.154625802718897,6.414081325333214,0.7,-0.0006301257861771721,0.12575053452192358,0.9273099328822418,TRACKING
22.653151273727417,0.08663838598833577,0.08305086052797533,0.9861335050915184,0.3125,0.46875,1.0,0.2258616140116642,0.38569913947202467,0.013866494908481575,0.44717957752390847,144.8909139740823,126.04305689894217,17.16650696884143,160.0,120.0,-15.10908602591769,6.043056898942169,0.7,-0.0005041006289417377,0.10145812679167414,0.9294236438570689,TRACKING
22.7466139793396,0.0890754253652115,0.08571223896969944,0.9861765116255118,0.3125,0.46875,1.0,0.2234245746347885,0.38303776103030057,0.013823488374488213,0.4436525169056087,146.62659621938397,125.5029869843124,16.45672096002952,160.0,120.0,-13.37340378061603,5.5029869843124,0.7,-0.00040328050315339016,0.0831386075658385,0.9311556981813576,TRACKING
22.834628105163574,0.09131536834830244,0.08826052308155581,0.9862534202669572,0.3125,0.46875,1.0,0.22118463165169755,0.3804894769184442,0.01374657973304283,0.4403224406942318,147.93157877184763,125.08268227771809,16.016952671336693,160.0,120.0,-12.068421228152374,5.082682277718092,0.7,-0.00032262440252271214,0.0725241164661024,0.9326666172744016,TRACKING
22.92716884613037,0.09340763940534243,0.09070315517257822,0.9863640497149749,0.3125,0.46875,1.0,0.2190923605946576,0.3780468448274218,0.013635950285025067,0.4371576586256769,148.56802620170095,124.61624348051676,15.783582789225296,160.0,120.0,-11.431973798299055,4.616243480516758,0.7,-0.00025809952201816976,0.07343078585543103,0.9341964253130559,TRACKING
23.02470302581787,0.09539370315709984,0.0931174748726623,0.986507044363938,0.28125,0.46875,1.0,0.18585629684290017,0.3756325251273377,0.01349295563606201,0.41931422210735103,146.72592174301968,123.40604684876168,15.98045908872276,160.0,120.0,-13.274078256980317,3.406046848761676,0.7,-0.0002064796176145358,0.118453396993187,0.936664204417081,TRACKING
23.118233680725098,0.09731270332170343,0.09559214658516042,0.9866764856288605,0.25,0.46875,1.0,0.15268729667829656,0.3731578534148396,0.013323514371139544,0.4034076228423244,143.6718491329628,121.95657876712477,16.463277926560174,160.0,120.0,-16.32815086703721,1.9565787671247676,0.6079261471512172,-0.00016518369409162866,0.18097703332830498,0.9404345592780876,TRACKING
23.216079235076904,0.0992124563385962,0.09814720012991218,0.9868626320424921,0.21875,0.46875,1.0,0.1195375436614038,0.3706027998700878,0.013137367957507862,0.3896257820691559,139.42324292153324,120.9429302208479,17.279438757732862,160.0,120.0,-20.576757078466756,0.9429302208478987,0.4898511913099461,-0.00013214695527330293,0.2599067507143528,0.9458492832513032,TRACKING
23.310612201690674,0.10114182456170615,0.1007919563926736,0.987056682758762,0.1875,0.46875,1.0,0.08635817543829385,0.3679580436073264,0.012943317241237984,0.378177717193345,133.5165141489966,120.22872495605114,18.461977580679434,160.0,120.0,-26.483485851003394,0.2287249560511384,0.34871704133840004,-0.00010571756421864235,0.3632022498513334,0.9534159967898725,TRACKING
23.40565276145935,0.10313921476002479,0.10360314842055687,0.9872533135017372,0.15625,0.46875,1.0,0.053110785239975214,0.36514685157944315,0.012746686498262827,0.36920923166122444,126.29927675361049,118.72315127819594,20.11926030384544,160.0,120.0,-33.700723246389515,-1.2768487218040576,0.0,-8.457405137491388e-05,0.4833076729906984,0.9634849066438456,TRACKING
23.49716806411743,0.1052404028230582,0.10666872982653598,0.9874456979977806,0.125,0.46875,1.0,0.0197595971769418,0.36208127017346403,0.012554302002219409,0.3628372891390671,118.15799081208802,117.24504833082736,22.206125326192165,160.0,120.0,-41.842009187911984,-2.754951669172641,0.0,-6.76592410999311e-05,0.6126794913180247,0.976249062712971,TRACKING
23.594218969345093,0.10748885417061643,0.11000631633279594,0.9876223380666348,0.125,0.46875,1.0,0.017511145829383568,0.35874368366720405,0.012377661933365203,0.3593840248457207,113.18850411696855,116.24644343286005,23.565566297077396,160.0,120.0,-46.811495883031455,-3.7535565671399524,0.0,-5.412739287994489e-05,0.6759751432521759,0.9903318781973915,TRACKING
23.685746669769287,0.10990111936214779,0.11358675401282611,0.9877835317837421,0.125,0.46875,1.0,0.01509888063785221,0.35516324598717386,0.01221646821625788,0.3556938987280225,109.44752767602955,115.98518823135903,24.633834657278776,160.0,120.0,-50.55247232397045,-4.014811768640968,0.0,-4.3301914303955914e-05,0.715126995673886,1.0052303572739305,TRACKING
23.779303312301636,0.11245095395167809,0.1174008879665661,0.9879307419098947,0.125,0.46875,1.0,0.01254904604832191,0.3513491120334339,0.012069258090105284,0.35178024969325805,106.85385723807644,115.81537235038337,25.489543892129884,160.0,120.0,-53.14614276192356,-4.18462764961663,0.0,-3.464153144316473e-05,0.7336978788482772,1.0205157297499365,TRACKING
23.874382495880127,0.11513088380158315,0.12147452523881136,0.9880605863006036,0.125,0.46875,1.0,0.00986911619841685,0.34727547476118864,0.01193941369939644,0.3476207767447627,105.84528468582879,115.52999202774919,26.03443354087075,160.0,120.0,-54.15471531417121,-4.470007972250812,0.0,-2.7713225154531786e-05,0.7251452878819189,1.0356229232474767,TRACKING
23.972912073135376,0.11796975277472244,0.12580492805615168,0.988169585537318,0.125,0.4375,1.0,0.007030247225277564,0.3116950719438483,0.01183041446268196,0.3119987194789237,105.21110153443617,115.51949481803697,27.447185440024242,160.0,120.0,-54.78889846556383,-4.480505181963025,0.0,-2.217058012362543e-05,0.7136650189056142,1.050490944474677,TRACKING
24.068429470062256,0.1209734559795563,0.13034601510168498,0.9882627158713053,0.125,0.40625,1.0,0.004026544020443695,0.275903984898315,0.01173728412869468,0.2761828846584015,104.08721599738351,116.03767163172404,30.110688350651987,160.0,120.0,-55.91278400261649,-3.962328368275962,0.0,-1.7736464098900346e-05,0.7149427248306316,1.0653855845753153,TRACKING
24.154958248138428,0.12409756272909267,0.1350683236570671,0.988344654743886,0.125,0.375,1.0,0.0009024372709073303,0.2399316763429329,0.011655345256114003,0.2402162999856526,102.48169039829929,116.89948656062062,34.10646700495016,160.0,120.0,-57.51830960170071,-3.100513439379384,0.0,-1.4189171279120277e-05,0.7273798911734962,1.0805393323080965,TRACKING
24.256484031677246,0.12730163249912477,0.1399652565020309,0.9884184993597985,0.125,0.34375,1.0,-0.002301632499124767,0.2037847434979691,0.01158150064020147,0.20412655474428867,100.56309875889454,117.8096662644034,39.677111611384106,160.0,120.0,-59.43690124110546,-2.190333735596596,0.0,-1.1351337023296222e-05,0.7467181252896412,1.0960959599182978,TRACKING
24.351650953292847,0.13057652703823072,0.14498910423090405,0.988484716352093,0.125,0.3125,1.0,-0.005576527038230722,0.16751089576909595,0.011515283647906993,0.16799880836680003,96.86601419328146,119.62628307186222,48.23386453653541,160.0,120.0,-63.13398580671854,-0.3737169281377817,0.0,-9.081069618636978e-06,0.7993187382597616,1.112748433632043,TRACKING
24.438663244247437,0.13390929592167047,0.15007102174140918,0.9885511563916497,0.125,0.3125,1.0,-0.008909295921670474,0.16242897825859082,0.011448843608350301,0.1630755179415909,92.88790922563294,121.15708399671044,55.367888718767546,160.0,120.0,-67.11209077436706,1.1570839967104405,0.0,-7.264855694909582e-06,0.8549024953260412,1.130558902284669,TRACKING
24.536189794540405,0.13726253049176088,0.1551879052103812,0.9886231012253359,0.125,0.3125,1.0,-0.012262530491760876,0.1573120947896188,0.01137689877466408,0.158198921130608,88.90214099666142,122.15210459786178,61.40275338436199,160.0,120.0,-71.09785900333858,2.152104597861779,0.0,-5.8118845559276664e-06,0.9084616243276835,1.1494851861248288,TRACKING
24.631382703781128,0.14060095676386247,0.16032125283243623,0.9886997497800911,0.125,0.34375,1.0,-0.015600956763862472,0.18342874716756377,0.01130025021990888,0.18443749834142323,89.99560147143832,122.62386798861016,59.89020690564584,160.0,120.0,-70.00439852856168,2.623867988610158,0.0,-4.649507644742133e-06,0.8665651364600248,1.1675386264677456,TRACKING
24.72113561630249,0.1439118934387056,0.1653850507923376,0.9887833152934521,0.125,0.375,1.0,-0.018911893438705613,0.2096149492076624,0.011216684706547908,0.21076503661796933,93.14714095643491,123.6305141925966,55.4019234062113,160.0,120.0,-66.85285904356509,3.630514192596607,0.0,-3.7196061157937065e-06,0.7926161023590965,1.18405146193356,TRACKING
24.819654941558838,0.14718769441703988,0.17028290344018265,0.9888741959258882,0.125,0.40625,1.0,-0.022187694417039883,0.23596709655981735,0.01112580407411179,0.2372689359328558,96.07064162168268,124.6348342251878,50.23911791270678,160.0,120.0,-63.92935837831732,4.634834225187802,0.0,-2.9756848926349655e-06,0.7305732274614771,1.1992717375056738,TRACKING
24.910243272781372,0.15039972937060705,0.17498436064621564,0.9889676992288883,0.125,0.40625,1.0,-0.025399729370607055,0.23126563935378436,0.011032300771111725,0.2329176976060836,97.62091705409375,125.28764224637206,47.23202595508802,160.0,120.0,-62.37908294590625,5.287642246372059,0.0,-2.3805479141079724e-06,0.6996970565924115,1.213848759518016,TRACKING
25.006811141967773,0.15352191249122074,0.17948309486536212,0.9890615349766696,0.125,0.40625,1.0,-0.02852191249122074,0.22676690513463788,0.010938465023330401,0.22881516290133688,99.16251217707989,126.21174925945824,45.42763457405428,160.0,120.0,-60.83748782292011,6.211749259458244,0.0,-1.904438331286378e-06,0.671668151883124,1.2278418460155809,TRACKING
25.094331741333008,0.15656183276142724,0.1837283407517518,0.989133639487259,0.125,0.40625,1.0,-0.03156183276142724,0.2225216592482482,0.010866360512741036,0.22501136840756877,100.34868406256287,127.44336516806192,44.442213037710474,160.0,120.0,-59.65131593743713,7.443365168061916,0.0,-0.08175448431321175,0.6523339978209085,1.24143213763685,TRACKING
25.181851148605347,0.1595341980724819,0.1876650959526583,0.9891527280392586,0.15625,0.40625,1.0,-0.0032841980724818975,0.2185849040473417,0.010847271960741423,0.2188785269124296,107.07312710831724,128.88959650841016,42.088481603479096,160.0,120.0,-52.92687289168276,8.889596508410165,0.0,-0.08811111307611777,0.5320166849217922,1.2525158185727205,TRACKING
25.276379346847534,0.16242803280846077,0.19130072389949487,0.9890981292811595,0.1875,0.40625,1.0,0.02507196719153923,0.21494927610050513,0.010901870718840523,0.21668097659959704,116.8825881623984,129.14599438329864,39.39055480556708,160.0,120.0,-43.117411837601594,9.145994383298643,0.0,-0.08145379058612864,0.3637142554959225,1.260093198895552,TRACKING
25.364437341690063,0.16522728763625824,0.19465194445858358,0.9889672565148756,0.21875,0.40625,1.0,0.05352271236374176,0.21159805554141642,0.011032743485124397,0.21854093272540215,128.55462941859608,129.1589298574449,36.9299743244853,160.0,120.0,-31.44537058140392,9.158929857444889,0.0,-0.07368893527796629,0.17263641985449452,1.263689790975854,TRACKING
25.455960750579834,0.16794259817163262,0.19767535085446358,0.9887499491915743,0.21875,0.4375,1.0,0.05080740182836738,0.23982464914553642,0.011250050808425671,0.24540541571351066,135.6277835971851,129.43421184752472,33.970415680147624,160.0,120.0,-24.3722164028149,9.434211847524722,-0.7,-0.070370347782741,0.07836152509678701,1.2653223227487036,TRACKING
25.54749035835266,0.17058818100424128,0.20031998067156084,0.9884232483985955,0.21875,0.46875,1.0,0.04816181899575872,0.26843001932843913,0.011576751601404478,0.2729620069960049,139.35641672952772,129.79868743843988,31.02674664015504,160.0,120.0,-20.643583270472277,9.798687438439885,-0.7,-0.06894746265997534,0.048733425692041754,1.266337602450621,TRACKING
25.636022806167603,0.17314878727048494,0.20259223655195518,0.9879877995764583,0.21875,0.5,1.0,0.04560121272951506,0.2974077634480448,0.012012200423541675,0.30112313315417333,141.07609760148796,129.67652293361874,28.33281452676362,160.0,120.0,-18.92390239851204,9.676522933618742,-0.34438448236514557,-0.06279832680193129,0.05370669082452964,1.2674564918427986,TRACKING
25.728533506393433,0.17559705076059065,0.20450814456967836,0.9874700767291323,0.21875,0.53125,1.0,0.04315294923940935,0.32674185543032164,0.01252992327086766,0.32981724650976346,141.92446344096717,129.3761016011881,25.807246266737174,160.0,120.0,-18.075536559032827,9.376101601188111,0.018521243891494926,-0.05580917982949911,0.06989178331788434,1.2689125706619215,TRACKING
25.824407815933228,0.17792707899977062,0.20602759931190312,0.9868864401919794,0.21875,0.5625,1.0,0.040822921000229384,0.3564724006880969,0.013113559808020647,0.35904184823243734,142.14941045293725,129.42468912426835,23.60290040006984,160.0,120.0,-17.850589547062754,9.424689124268355,0.29061213913944384,-0.053775756626519726,0.09243311154128345,1.2708382604856983,TRACKING
25.916948318481445,0.1801363528050969,0.2071017503673675,0.9862525413651734,0.21875,0.5625,1.0,0.038613647194903095,0.3553982496326325,0.013747458634826626,0.35775399677788045,141.97956537229007,129.86700404649707,22.17457301944481,160.0,120.0,-18.020434627709932,9.867004046497073,0.4369564096649443,-0.05651799589427387,0.11724395745185838,1.2732808429326123,TRACKING
25.99647307395935,0.18219151844659717,0.2077451691400133,0.9855893239522001,0.21875,0.5625,1.0,0.03655848155340283,0.3547548308599867,0.014410676047799886,0.35692461413601456,141.64248531425417,129.9150479915512,21.312374020561492,160.0,120.0,-18.357514685745826,9.915047991551205,0.5007369646709968,-0.05478683308788596,0.1405602709445963,1.276209181910625,TRACKING
26.081303119659424,0.18406515577728663,0.20802847427389276,0.9849188350458704,0.21875,0.5625,1.0,0.03468484422271337,0.35447152572610724,0.015081164954129589,0.3564835795737608,141.67923959977304,129.18794945317526,20.69016421855906,160.0,120.0,-18.32076040022696,9.187949453175264,0.5309660094567388,-0.04493229484940163,0.15307450823078203,1.2793982341654324,TRACKING
26.169822931289673,0.18577457481181378,0.20801756261133694,0.9842573373826915,0.21875,0.5625,1.0,0.03297542518818622,0.35448243738866303,0.0157426626173085,0.3563607841915711,142.0215884424892,128.30517648294284,20.28254753414713,160.0,120.0,-17.97841155751081,8.30517648294284,0.5355132033527314,-0.034672333088545844,0.15736498133702334,1.2826766712766204,TRACKING
26.26434826850891,0.18733430773531806,0.2077514810341462,0.9836160793417278,0.21875,0.53125,1.0,0.03141569226468194,0.3234985189658538,0.01638392065827221,0.32543305048766424,142.2221440598836,127.5422402174529,20.712418333108722,160.0,120.0,-17.77785594011641,7.5422402174529,0.44837317461924936,-0.02697136159756976,0.1626431599330913,1.286065070441893,TRACKING
26.363675117492676,0.1887151979669459,0.2073013524384452,0.9830164971399411,0.21875,0.5,1.0,0.030034802033054087,0.29269864756155484,0.016983502860058897,0.29472534160965136,142.40595903809427,126.25509858214028,21.860708043992595,160.0,120.0,-17.594040961905733,6.255098582140278,0.29533282168682146,0.05434812891097006,0.16672331746374797,1.2895384728890544,TRACKING
26.454222440719604,0.18988728215628464,0.2067752603143414,0.9824895687386048,0.21875,0.46875,1.0,0.028862717843715358,0.2619747396856586,0.017510431261395176,0.2641409394956688,143.19688805371635,124.69389520937263,23.59362027040427,160.0,120.0,-16.80311194628365,4.693895209372627,0.09950171412868383,0.04347850312877605,0.15837260579705886,1.292837902176493,TRACKING
26.55174684524536,0.19086375146332712,0.20625440455421004,0.9820459137784324,0.21875,0.4375,1.0,0.027886248536672875,0.23124559544578996,0.017954086221567578,0.2336118949937664,144.1138208933629,123.15668717478849,26.15177963221419,160.0,120.0,-15.886179106637087,3.1566871747884875,-0.16155618724023196,0.03478280250302084,0.1475876756253062,1.295912645418687,TRACKING
26.646808862686157,0.1916810032459542,0.20576106467370905,0.9816802220852895,0.21875,0.40625,1.0,0.02706899675404581,0.20048893532629095,0.01831977791471051,0.20313581180182025,144.79499874792222,121.99212567057053,29.690672218092544,160.0,120.0,-15.205001252077778,1.9921256705705304,-0.49795559831888503,0.027826242002416676,0.14124631207355917,1.2988552769202197,TRACKING
26.74228549003601,0.1923613069735407,0.2053131821351125,0.9813794483964807,0.21875,0.40625,1.0,0.026388693026459298,0.2009368178648875,0.018620551603519275,0.20351582944658386,144.9606418558272,120.941033800739,32.06941347374257,160.0,120.0,-15.039358144172809,0.9410338007390067,-0.6621424565634288,0.02226099360193334,0.14415218713517566,1.301858447485536,TRACKING
26.83382511138916,0.19290399454837057,0.20495669212869433,0.9811368969716884,0.21875,0.40625,1.0,0.025846005451629434,0.20129330787130567,0.018863103028311623,0.2038205790577453,145.31135949754744,119.73667197048036,33.49156574889947,160.0,120.0,-14.688640502452557,-0.2633280295196414,-0.7,0.017808794881546672,0.14268956504279068,1.3048311467572606,TRACKING
26.927512884140015,0.19331836446966966,0.2047039849032991,0.9809455822094364,0.21875,0.40625,1.0,0.025431635530330343,0.2015460150967009,0.019054417790563605,0.20403586724996292,145.6707842471363,119.1037787974138,34.5291849425952,160.0,120.0,-14.32921575286369,-0.8962212025862044,-0.7,0.01424703590523734,0.1405697065348362,1.3077596823100697,TRACKING
27.023770809173584,0.19361901987037655,0.20451165536680446,0.9807986465879083,0.21875,0.40625,1.0,0.025130980129623448,0.20173834463319554,0.019201353412091726,0.20420239428193182,145.4727315623964,119.01259781988148,35.119849118936884,160.0,120.0,-14.527268437603595,-0.9874021801185222,-0.6601437281060185,0.011397628724189873,0.14835057270526353,1.3108503192414291,TRACKING
27.11629629135132,0.19379022011722669,0.20433778832580057,0.9806876898110964,0.21875,0.40625,1.0,0.024959779882773314,0.20191221167419943,0.01931231018890356,0.20436363952473452,145.29421780681741,119.18318858292295,35.47434491284364,160.0,120.0,-14.705782193182586,-0.816811417077048,-0.6035865560761485,0.0091181029793519,0.15466039093925127,1.31407241071933,TRACKING
27.207906007766724,0.19382119880598486,0.20419070492616778,0.9806028208382669,0.25,0.40625,1.0,0.05617880119401514,0.20205929507383222,0.019397179161733114,0.21061877169132634,150.7279183627614,119.16049675797707,35.03674521385618,160.0,120.0,-9.272081637238614,-0.8395032420229285,-0.47226601290402603,0.00729448238348152,-0.11450535877815687,1.3116868824114523,TRACKING
27.30874013900757,0.1937470131760655,0.20407404107304722,0.9805389264635473,0.25,0.40625,1.0,0.05625298682393451,0.20217595892695278,0.019461073536452655,0.21075637660065677,154.50977871069725,119.10530288841264,34.68006610592546,160.0,120.0,-5.490221289302752,-0.8946971115873623,-0.37319330255356,0.005835585906785215,-0.0916042870225255,1.30977845976515,TRACKING
27.40278148651123,0.19359383030743665,0.20394286664855565,0.9804927121076445,0.25,0.40625,1.0,0.056406169692563346,0.20230713335144435,0.01950728789235545,0.21092739619399983,156.60635616195322,119.43435645388422,34.458338401895986,160.0,120.0,-3.393643838046785,-0.5656435461157798,-0.3065259474738309,0.004668468725428173,-0.07328342961802041,1.3082517216481078,TRACKING
27.49543070793152,0.193333089834284,0.20375069672358423,0.9804594067472308,0.25,0.40625,1.0,0.05666691016571601,0.20249930327641577,0.019540593252769245,0.211184614306614,157.96171344496685,119.99925331062533,34.31266262175485,160.0,120.0,-2.038286555033153,-0.0007466893746652659,-0.26014257457255796,0.0037347749803425387,-0.058626743694416325,1.3070303311544738,TRACKING
27.589950799942017,0.19293553858399234,0.2034879496233028,0.980434869139531,0.25,0.40625,1.0,0.057064461416007656,0.2027620503766972,0.01956513086046896,0.2115457306949223,159.20795370504877,120.46429164470432,34.15626567728519,160.0,120.0,-0.7920462949512341,0.4642916447043177,-0.22081751961862212,0.0029878199842740313,-0.04690139495553306,1.3060532187595673,TRACKING
27.687992811203003,0.19241715752591046,0.2031340392444928,0.9804160127855877,0.25,0.40625,1.0,0.05758284247408954,0.2031159607555072,0.019583987214412346,0.2120269082362963,160.37180168318406,121.00276956478534,34.107753072010276,160.0,120.0,0.37180168318406004,1.0027695647853392,-0.2003241661661585,0.002390255987419225,-0.03752111596442645,1.305271528843642,TRACKING
27.77852201461792,0.19179279154987078,0.20261827779171848,0.980400051061134,0.25,0.40625,1.0,0.05820720845012922,0.20363172220828152,0.019599948938865963,0.21269253725383427,160.93230372346417,121.90006643720325,33.98640073337894,160.0,120.0,0.9323037234641731,1.9000664372032503,-0.17544641297801575,0.0019122047899353802,-0.030016892771541164,1.304646176910902,TRACKING
27.874430179595947,0.1910410759007886,0.20187152809762246,0.980377299865556,0.25,0.40625,1.0,0.05895892409921141,0.20437847190237754,0.019622700134444004,0.21361592840575772,161.1294967183474,123.03012832822509,33.816965568554224,160.0,120.0,1.1294967183474114,3.0301283282250893,-0.1493190840886616,0.0015297638319483043,-0.024013514217232933,1.3041458953647096,TRACKING
27.96396827697754,0.1901546162363077,0.20087242813808362,0.9803431301797597,0.25,0.375,1.0,0.059845383763692306,0.17412757186191638,0.019656869820240286,0.18517093122701614,163.3591728669258,124.02471189235021,36.053164117057804,160.0,120.0,3.359172866925803,4.024711892350211,-0.3961810239735091,0.0012238110655586434,-0.019210811373786347,1.3037456701277552,TRACKING
28.05991840362549,0.18917878781423406,0.19961097920926285,0.9802930533562336,0.25,0.34375,1.0,0.060821212185765944,0.14413902079073715,0.019706946643766377,0.1576820881149117,167.99710677268146,124.9095464641585,41.114730359254075,160.0,120.0,7.997106772681462,4.909546464158495,-0.7,0.0009790488524469149,-0.015368649099029078,1.303425489938192,TRACKING
28.16143274307251,0.18815713243312635,0.19804855438574387,0.9802193735977228,0.25,0.34375,1.0,0.061842867566873655,0.14570144561425613,0.01978062640227718,0.15951402666801556,170.5048683646453,125.68037565763564,44.20183188988722,160.0,120.0,10.50486836464529,5.680375657635636,-0.7,0.0007832390819575319,-0.20610974060692888,1.299131537008881,TRACKING
28.251070499420166,0.1870811779283001,0.1961534964817046,0.9801111322622952,0.25,0.34375,1.0,0.06291882207169991,0.1475965035182954,0.01988886773770482,0.16167582714062215,171.7677434470292,126.48005164206278,45.897838639498474,160.0,120.0,11.767743447029204,6.480051642062776,-0.7,0.0006265912655660256,-0.21182379157597822,1.294718541351048,TRACKING
28.34708023071289,0.18594084543225323,0.19392724449298987,0.9799634332975063,0.25,0.34375,1.0,0.06405915456774677,0.14982275550701013,0.020036566702493652,0.16417033031845701,172.95008380819593,126.74823847761913,46.62107680512713,160.0,120.0,12.950083808195927,6.748238477619125,-0.7,0.0005012730124528205,-0.21775063568012432,1.2901820697743789,TRACKING
28.442612409591675,0.18476708780896692,0.1913468273691297,0.9797714987346656,0.25,0.34375,1.0,0.06523291219103308,0.1524031726308703,0.020228501265334375,0.16700674275106236,173.6493911757668,127.0999631800081,46.85571293907971,160.0,120.0,13.649391175766795,7.099963180008103,-0.7,0.00040101840996225636,-0.21624041804422278,1.2856770610651242,TRACKING
28.540165185928345,0.18358543550089623,0.18835350148632662,0.9795071590289617,0.25,0.34375,1.0,0.06641456449910377,0.15539649851367338,0.020492840971038317,0.1702319672064562,173.8007617959867,127.74819597667323,46.58700450232075,160.0,120.0,13.800761795986688,7.74819597667323,-0.7,-0.08478020441582451,-0.20649625252391055,1.2813750558042099,TRACKING
28.631723165512085,0.1823741339669925,0.18490992795987746,0.979137843590592,0.25,0.34375,1.0,0.06762586603300749,0.15884007204012254,0.020862156409408028,0.17389265600500844,173.35700944961792,128.3707267989001,45.92551712175995,160.0,120.0,13.35700944961792,8.370726798900108,-0.7,-0.08176414004206861,-0.18806148526959476,1.2774571081944268,TRACKING
28.731781721115112,0.18111423188016162,0.18102795503265556,0.9786464466910891,0.25,0.3125,1.0,0.06888576811983838,0.13147204496734444,0.021353553308910866,0.14995373251864083,177.63906221524968,129.2434573130839,50.112916352227465,160.0,120.0,17.63906221524968,9.243457313083894,-0.7,-0.08266996841343191,-0.2595063330032221,1.2720507262568592,TRACKING
28.832664251327515,0.1798305594386293,0.17671324596062804,0.978027423059439,0.25,0.28125,1.0,0.0701694405613707,0.10453675403937196,0.021972576940560984,0.1278064062212562,188.13661846725603,128.91060473641468,60.495965285319926,160.0,120.0,28.136618467256028,8.910604736414683,-0.7,-0.07095331313398895,-0.44097286923640655,1.2628637914811005,TRACKING
28.929972171783447,0.17853888674196777,0.1719242720506132,0.9772829856585924,0.25,0.28125,1.0,0.07146111325803223,0.1093257279493868,0.022717014341407604,0.1325702388936837,193.39686474785705,130.95240104375745,66.22166332412982,160.0,120.0,33.39686474785705,10.952401043757447,0.0,-0.08735643429121931,-0.5131372308175403,1.2521734325057352,TRACKING
29.029924154281616,0.17720409228514014,0.16662606457382628,0.9764147976332377,0.25,0.28125,1.0,0.07279590771485986,0.11462393542617372,0.023585202366762315,0.13781927486130222,195.09037251701528,132.2481820773681,67.90688519205645,160.0,120.0,35.09037251701528,12.248182077368114,0.0,-0.09415684340891026,-0.5168979486776799,1.2414047252416172,TRACKING
29.131473541259766,0.17579532351003613,0.16083322538964195,0.9754306045088739,0.25,0.25,1.0,0.07420467648996387,0.08916677461035805,0.024569395491126134,0.1185778347845581,182.10874213605993,130.23631835028928,64.99096329750515,160.0,120.0,22.10874213605993,10.236318350289281,-0.7,-0.06445600502896645,-0.252960616576802,1.2361347123962672,TRACKING
29.242055654525757,0.1743339998919671,0.15457199021131665,0.9743620713710479,0.25,0.25,1.0,0.0756660001080329,0.09542800978868335,0.02563792862895209,0.12445542177406785,184.17068238843896,125.60360692768802,68.14416085712347,160.0,120.0,24.170682388438962,5.60360692768802,-0.7,0.05148080070307227,-0.29015596072396965,1.2300897965478512,TRACKING
29.3486487865448,0.17284201269016236,0.1478441734883953,0.9732648009680105,0.25,0.25,1.0,0.07715798730983764,0.10215582651160471,0.02673519903198951,0.130782027676796,193.38240809105955,124.86591856915933,72.56214327783337,160.0,120.0,33.382408091059546,4.865918569159334,0.0,0.04118464056245782,-0.4564651431665131,1.2205801060652153,TRACKING
29.456220865249634,0.17129252463170436,0.14066599538166752,0.9721738195959767,0.25,0.25,1.0,0.07870747536829564,0.10933400461833248,0.027826180404023293,0.13756121386717138,197.3348216678801,125.6630671779858,73.26918150644619,160.0,120.0,37.33482166788011,5.663067177985795,0.0,0.032947712449966256,-0.5132045632304338,1.2098883443312474,TRACKING
29.555769681930542,0.16966490970233133,0.13310583633021186,0.9711223635073307,0.25,0.25,1.0,0.08033509029766867,0.11689416366978814,0.02887763649266928,0.14474767743420458,198.08128535975683,125.0162738933519,71.26469194769588,160.0,120.0,38.08128535975683,5.016273893351894,0.0,0.026358169959973008,-0.508339254452203,1.199297943196827,TRACKING
29.659327507019043,0.16798669708219935,0.12522726795518102,0.9701268670967073,0.25,0.25,1.0,0.08201330291780065,0.12477273204481898,0.029873132903292743,0.15227219242814138,196.51562540083413,123.16641566190431,67.70009446662488,160.0,120.0,36.515625400834125,3.16641566190431,0.0,0.02108653596797841,-0.46346786937909124,1.1896423625847623,TRACKING
29.751418590545654,0.16627753947443416,0.11705243804591384,0.9691930741619329,0.25,0.25,1.0,0.08372246052556584,0.13294756195408616,0.0308069258380671,0.1601048759581752,193.10216395683125,121.58328881732277,63.39647986033742,160.0,120.0,33.10216395683125,1.5832888173227673,0.0,0.016869228774382728,-0.38995608901329676,1.181518277396985,TRACKING
29.841440200805664,0.16450899081164136,0.10862199167071585,0.9683187231301559,0.21875,0.25,1.0,0.05424100918835864,0.14137800832928415,0.03168127686984412,0.1547046593384649,182.0414065719403,120.13040955132814,60.34572136203915,160.0,120.0,22.041406571940314,0.13040955132814247,-0.7,0.013495383019506183,-0.18237376636226993,1.1777188239311043,TRACKING
29.93800187110901,0.16266020803415196,0.10002823422495016,0.9675010632727131,0.1875,0.25,1.0,0.02483979196584804,0.14997176577504984,0.032498936727286876,0.1554500777838249,165.7327202409995,117.71426869554591,59.71171915998365,160.0,120.0,5.732720240999498,-2.285731304454089,-0.7,0.010796306415604947,0.21117177337561713,1.1821182358764295,TRACKING
30.031535148620605,0.16075603888298468,0.09135382220597932,0.966733436454687,0.15625,0.25,1.0,-0.004506038882984675,0.15864617779402068,0.03326656354531299,0.16215911434508187,145.70973564017018,114.31601567993687,61.50379901832043,160.0,120.0,-14.29026435982982,-5.683984320063132,-0.7,0.008637045132483957,0.4325927961393539,1.1911305857959995,TRACKING
30.12509799003601,0.15880941523989078,0.08263192695898135,0.9660347126465385,0.15625,0.25,1.0,-0.0025594152398907832,0.16736807304101864,0.03396528735346149,0.17079889702465045,133.669130366428,111.95714511627537,60.769947923309644,160.0,120.0,-26.330869633572007,-8.04285488372463,-0.7,0.09524699224556268,0.6003764990216436,1.2036384295256166,TRACKING
30.21863555908203,0.1567894445391854,0.0738829041683046,0.9654384383468577,0.15625,0.25,1.0,-0.0005394445391853908,0.17611709583169538,0.03456156165314228,0.1794770848562718,126.97482159425729,110.46496163209754,58.63411368738271,160.0,120.0,-33.02517840574271,-9.535038367902459,0.0,0.09995935937441758,0.6630556527394013,1.2174520889576872,TRACKING
30.316200733184814,0.1546826485236628,0.06514760839711277,0.9649598113636573,0.15625,0.25,1.0,0.0015673514763371865,0.18485239160288724,0.03504018863634273,0.18815067922180892,124.148172610486,109.3462779478263,55.64053636170354,160.0,120.0,-35.851827389514,-10.653722052173705,0.0,0.1009948151356905,0.6569028473550225,1.23113756494425,TRACKING
30.410296201705933,0.15252682925776048,0.056461889482484214,0.9645986265182747,0.15625,0.25,1.0,0.0037231707422395177,0.1935381105175158,0.03540137348172534,0.19678444925211602,123.13596711930124,109.17879389240545,52.38712175980213,160.0,120.0,-36.86403288069876,-10.821206107594548,0.0,0.09240129719841722,0.6248640808227833,1.2441555666280575,TRACKING
30.505852222442627,0.15035521002129815,0.047832233018183276,0.9643607894775298,0.15625,0.25,1.0,0.005894789978701853,0.2021677669818167,0.03563921052247021,0.2053696858885753,123.182906825788,109.30478910440436,49.22223804584892,160.0,120.0,-36.817093174212005,-10.695210895595636,0.0,0.0824566292789074,0.5819693010551182,1.2562799270667053,TRACKING
30.595398902893066,0.14815369291059366,0.03928931581662288,0.9642383159148125,0.15625,0.25,1.0,0.00809630708940634,0.21071068418337713,0.03576168408518754,0.2138771625632845,124.17265721325145,109.33961949440092,46.08284527087846,160.0,120.0,-35.827342786748545,-10.660380505599079,0.0,0.07538669296062639,0.5301530058373708,1.2673247813549837,TRACKING
30.694966077804565,0.14591423593310818,0.030915292999424807,0.9642271735676835,0.15625,0.25,1.0,0.010335764066891823,0.2190847070005752,0.035772826432316496,0.22222653300479442,126.09958375599626,108.63617320358716,43.16642686442549,160.0,120.0,-33.900416244003736,-11.363826796412837,0.0,0.07780755492607139,0.46918213122643915,1.2770994090888674,TRACKING
30.79301404953003,0.14367412630221524,0.022782046740037656,0.9643254639136286,0.15625,0.25,1.0,0.012575873697784762,0.22721795325996236,0.03567453608637139,0.23034500951374418,128.34293912767686,107.85597245171641,40.54349659944981,160.0,120.0,-31.657060872323143,-12.144027548283589,0.0,0.08123209009561597,0.4102317349226528,1.2856459035664223,TRACKING
30.884562015533447,0.14145881930622087,0.014911391393632905,0.9645240226030236,0.15625,0.25,1.0,0.014791180693779132,0.2350886086063671,0.03547597739697639,0.23820994499614087,130.19147351282396,107.37637530345452,38.22613064639287,160.0,120.0,-29.80852648717604,-12.623624696545477,0.0,0.08138527267416246,0.3653083154948852,1.2932564934725654,TRACKING
30.980104684829712,0.13925021202222673,0.007329520768984466,0.964808194819386,0.15625,0.25,1.0,0.016999787977773267,0.24267047923101553,0.035191805180614044,0.2457975130740144,131.72760261976134,106.93974778330502,36.274482783924896,160.0,120.0,-28.272397380238658,-13.060252216694977,0.7,0.081475499707472,0.3309742549690596,1.3001517904510873,TRACKING
31.076662302017212,0.1370471492496291,0.00010860130633132451,0.9651602189435478,0.15625,0.25,1.0,0.019202850750370898,0.24989139869366866,0.034839781056452246,0.2530380820392073,133.99793941402652,105.87333720355744,34.55744146229166,160.0,120.0,-26.00206058597348,-14.12666279644256,0.7,0.08886504049884228,0.2865045842265922,1.306120635955808,TRACKING
31.168219089508057,0.1348948837343066,-0.006686264325540708,0.9655657365280992,0.15625,0.25,1.0,0.02135511626569339,0.2566862643255407,0.03443426347190082,0.2598645758563004,136.04181018576764,104.9076086812137,32.96224482555061,160.0,120.0,-23.958189814232355,-15.092391318786298,0.7,0.09464839156622158,0.24999888796109027,1.3113289461216642,TRACKING
31.26677393913269,0.13282782876194563,-0.013038853224890028,0.9660136322103684,0.15625,0.25,1.0,0.023422171238054373,0.26303885322489,0.0339863677896316,0.26625760009228294,137.51000361659857,104.46953434212973,31.691156043651354,160.0,120.0,-22.489996383401433,-15.530465657870266,0.7,0.09436492178613694,0.22681686865206455,1.3160542975519158,TRACKING
31.35785961151123,0.1308312930380536,-0.018927163880167897,0.9664943113822589,0.15625,0.25,1.0,0.025418706961946397,0.2689271638801679,0.03350568861774106,0.2721958142697955,138.83043652437306,103.98905390502593,30.550238195188566,160.0,120.0,-21.169563475626944,-16.010946094974074,0.7,0.09500547441614746,0.2076939996358655,1.3203812558776633,TRACKING
31.457399368286133,0.12889860328472091,-0.024280263001841225,0.9669964698567454,0.15625,0.25,1.0,0.027351396715279086,0.2742802630018412,0.033003530143254634,0.2776094281117853,140.5814486273171,103.05955259502954,29.64396292471192,160.0,120.0,-19.418551372682913,-16.940447404970456,0.7,0.10089010284143779,0.18148054422953563,1.3241621005491115,TRACKING
31.55395770072937,0.12706848754600314,-0.02903265480225197,0.9675095185876211,0.15625,0.25,1.0,0.02918151245399686,0.279032654802252,0.03249048141237887,0.2824294858854217,142.1279416077561,102.1637091867692,28.81694130328443,160.0,120.0,-17.8720583922439,-17.836290813230804,0.7,0.10608017249509932,0.1603433804830653,1.3275025876425088,TRACKING
31.646971225738525,0.12537154002091097,-0.03316827833787324,0.9680245824137466,0.15625,0.25,1.0,0.03087845997908903,0.2831682783378732,0.03197541758625344,0.28663597205747005,143.30816204504146,101.58141097139998,28.04722841131335,160.0,120.0,-16.691837954958544,-18.418589028600024,0.7,0.10760964664034632,0.14671176870108618,1.3305590828237817,TRACKING
31.74453067779541,0.1238104734278114,-0.036673249840424506,0.9685370062244416,0.15625,0.25,1.0,0.0324395265721886,0.2866732498404245,0.03146299377555839,0.2902133612286295,144.26356063933554,101.11582301519906,27.394631839851236,160.0,120.0,-15.736439360664463,-18.884176984800945,0.6751762734209533,0.10808513164076716,0.13729894629479986,1.333419477538257,TRACKING
31.83863139152527,0.12241833318463294,-0.03949237572437354,0.9690395226291489,0.15625,0.25,1.0,0.03383166681536706,0.28949237572437353,0.03096047737085106,0.29310231735876613,145.52601564847825,100.39891967972801,26.886474856822492,160.0,120.0,-14.47398435152175,-19.60108032027199,0.6151905465604177,0.11165258918327159,0.12195385067865187,1.3359601827607293,TRACKING
31.9361891746521,0.12123013097496584,-0.041566391225774074,0.9695216817554221,0.15625,0.25,1.0,0.035019869025034164,0.2915663912257741,0.030478318244577918,0.2952393598454811,146.91691017151086,99.55929779182321,26.476416653303026,160.0,120.0,-13.083089828489136,-20.440702208176788,0.559791620404053,0.11651157537568763,0.1044675413838937,1.338136589872894,TRACKING
32.04674220085144,0.12022927297282285,-0.04287580440449769,0.9699832772116137,0.15625,0.25,1.0,0.03602072702717715,0.2928758044044977,0.030016722788386296,0.2966053492911125,147.7628060340895,99.12506814659427,26.136733622193354,160.0,120.0,-12.237193965910507,-20.874931853405727,0.5104749426281825,0.11671585959481001,0.09740420655663981,1.3401658441761573,TRACKING
32.15483283996582,0.11940127214628206,-0.04341341892306238,0.9704212048346721,0.15625,0.25,1.0,0.03684872785371794,0.2934134189230624,0.02957879516532791,0.29719382273524847,148.39920374393552,98.79908756921205,25.77205918932558,160.0,120.0,-11.600796256064484,-21.20091243078795,0.47619342034180956,0.11608839521638468,0.0937155139219514,1.3421182507161982,TRACKING
32.249855518341064,0.11878804649184421,-0.04314359971045209,0.9708328145785623,0.15625,0.25,1.0,0.03746195350815579,0.2931435997104521,0.029167185421437702,0.29696345350439596,149.1344824335581,98.34440691998783,25.595867995003765,160.0,120.0,-10.865517566441895,-21.655593080012167,0.43024849747334765,0.11729879503197602,0.08750831089016943,1.3439413405264098,TRACKING
32.34694170951843,0.11843534965863016,-0.04203436770441923,0.9712169079950417,0.15625,0.25,1.0,0.03781465034136984,0.2920343677044192,0.02878309200495832,0.29587579503285816,149.96241358181277,97.69886449799209,25.48134371869459,160.0,120.0,-10.037586418187232,-22.30113550200791,0.38783153610501764,0.12078020395051187,0.07917873355133126,1.3455908974753958,TRACKING
32.45301818847656,0.11832474728499943,-0.040095549457462465,0.9715778993972856,0.15625,0.25,1.0,0.037925252715000565,0.29009554945746246,0.02842210060271444,0.29394143704349435,150.3255688281783,97.62926192369486,25.4879081308966,160.0,120.0,-9.674431171821709,-22.370738076305145,0.34116192156896724,0.11783133897828138,0.07922734198654238,1.3472414671001154,TRACKING
32.54903221130371,0.1184208662529588,-0.03736377280544598,0.9719301043778318,0.15625,0.25,1.0,0.037829133747041194,0.287363772805446,0.028069895622168217,0.29119907335235623,150.56161973831587,97.93402025040166,25.492174998827906,160.0,120.0,-9.43838026168413,-22.06597974959834,0.3040371445041775,0.11142431879757511,-0.09334391139427778,1.3452968022794014,TRACKING
32.656134843826294,0.11873959104074737,-0.033866429198552976,0.9722808111156228,0.15625,0.25,1.0,0.03751040895925263,0.283866429198553,0.02771918888437719,0.28767261572599373,150.9268974649151,98.20579709220443,25.496320991059427,160.0,120.0,-9.0731025350849,-21.794202907795565,0.2743209686800626,0.10638158749605808,-0.07467512911542222,1.3437410704228299,TRACKING
32.769673109054565,0.11930203345812429,-0.029630705371804452,0.9726331027891768,0.15625,0.25,1.0,0.03694796654187571,0.27963070537180446,0.027366897210823193,0.2833856571551571,151.47748335219484,98.65876810993288,25.58131950539468,160.0,120.0,-8.522516647805162,-21.34123189006712,0.2414796941039527,0.10010815765094162,-0.059740103292337775,1.3424964849375733,TRACKING
32.873783588409424,0.1200658396594605,-0.02472297044938117,0.9730014878539254,0.15625,0.25,1.0,0.036184160340539506,0.27472297044938115,0.026998512146074627,0.2784078368332744,151.66036417892664,99.65319927145637,25.709363930795362,160.0,120.0,-8.339635821073358,-20.346800728543627,0.20979915198560328,0.08872715309591514,-0.04779208263387023,1.3415008165493676,TRACKING
32.9643177986145,0.12097402364874028,-0.01921816657735076,0.9733977743306345,0.15625,0.25,1.0,0.035275976351259716,0.26921816657735076,0.026602225669365542,0.2728195266716968,151.56019298461285,101.02113142158825,25.868286796105853,160.0,120.0,-8.439807015387146,-18.97886857841175,0.18010619773120226,0.07460850169561531,-0.03823366610709618,1.3407042818388035,TRACKING
33.06091856956482,0.12202495372376805,-0.013157544343689436,0.973818527679867,0.15625,0.25,1.0,0.03422504627623195,0.26315754434368943,0.026181472320133015,0.2666621766026464,151.67736091363116,102.16520637129798,26.131918766101613,160.0,120.0,-8.322639086368838,-17.834793628702016,0.14353289636669483,0.06451834102239112,-0.030586932885676942,1.340067054070352,TRACKING
33.15046048164368,0.123227471133137,-0.006579554752481365,0.9742583586193347,0.15625,0.25,1.0,0.033022528866862993,0.25657955475248134,0.02574164138066526,0.2599734360097492,152.17032533482706,103.0563431104599,26.613749936918687,160.0,120.0,-7.829674665172945,-16.943656889540094,0.08803416083329571,0.058175581792427974,-0.02446954630854155,1.3395572718555906,TRACKING
33.241501569747925,0.12455170876108673,0.00043435426153371924,0.9747263608000527,0.15625,0.25,1.0,0.03169829123891327,0.2495656457384663,0.025273639199947295,0.25283700290648464,152.01061304844814,104.5004509179171,27.019710679059404,160.0,120.0,-7.9893869515518645,-15.499549082082893,0.04874466813687357,0.0462110334974492,-0.019575637046833242,1.3391494460837814,TRACKING
33.336034297943115,0.125976961842695,0.007783567874012876,0.9752289880916524,0.15625,0.25,1.0,0.030273038157305004,0.24221643212598712,0.02477101190834763,0.24535455948907914,151.62545316899127,106.18677228365783,27.509866041425234,160.0,120.0,-8.374546831008729,-13.813227716342169,0.005058390243583288,0.032655317122816385,-0.015660509637466596,1.3388231854663344,TRACKING
33.436115026474,0.1275251636544367,0.015389553928068473,0.9757651332081665,0.15625,0.25,1.0,0.028724836345563304,0.23461044607193152,0.02423486679183351,0.2376015706967612,151.50066153372128,107.89964829175064,28.147568455948615,160.0,120.0,-8.499338466278715,-12.100351708249363,-0.049817480038824094,0.01997329094934744,-0.012528407709973276,1.3385621769723768,TRACKING
33.528637647628784,0.12920722645421623,0.02317150137850511,0.9763299884013488,0.15625,0.25,1.0,0.02704277354578377,0.2268284986214949,0.02367001159865123,0.22965789522028268,151.39253433651845,109.76031650987717,28.881493551084617,160.0,120.0,-8.607465663481548,-10.239683490122829,-0.10893978885890455,0.0066342825629501015,-0.010022726167978621,1.3383533701772103,TRACKING
33.62270927429199,0.1309691139534961,0.031008831006568566,0.9769201038896098,0.15625,0.25,1.0,0.025280886046503886,0.21899116899343143,0.023079896110390186,0.22165048364682707,150.92678199280925,112.04961001303637,29.68559907740056,160.0,120.0,-9.073218007190746,-7.9503899869636285,-0.16922128378683846,-0.010450271060059226,-0.008018180934382897,1.338186324741077,TRACKING
33.710264682769775,0.13274167366907783,0.0387744759211231,0.97750951427855,0.15625,0.25,1.0,0.023508326330922175,0.2112255240788769,0.02249048572144996,0.21371636665745578,150.32524307315805,114.57416583525587,30.644147472209777,160.0,120.0,-9.674756926841951,-5.425834164744131,-0.2403419311109451,-0.08839414271681457,0.17208472055272767,1.341771423085925,TRACKING
33.803828716278076,0.13451061242070506,0.046378215716736976,0.9780616485437469,0.15625,0.25,1.0,0.021739387579294944,0.20362178428326302,0.021938351456253113,0.20595077875949047,150.01578269237694,116.92828629938603,31.694519450076005,160.0,120.0,-9.984217307623055,-3.0717137006139694,-0.31421416431966875,-0.07071531417345167,0.16514552355298792,1.3452119548266124,TRACKING
33.893890142440796,0.13627521927184436,0.05374754093352322,0.9785544335662468,0.15625,0.25,1.0,0.019974780728155644,0.1962524590664768,0.02144556643375317,0.19842865688816616,149.70798747929305,119.13293130639292,32.93743026492489,160.0,120.0,-10.292012520706947,-0.8670686936070808,-0.4021903967063727,-0.056572251338761335,0.16025972946594003,1.3485506991904863,TRACKING
33.9754273891449,0.13799494549804273,0.06078768035877992,0.9789787392480555,0.15625,0.25,1.0,0.018255054501957274,0.1892123196412201,0.021021260751944548,0.19124968581015217,148.85562261715572,121.58087098636241,34.46075789485743,160.0,120.0,-11.144377382844283,1.580870986362413,-0.5126223582460301,-0.04525780107100907,0.16709094345077652,1.3520317605123777,TRACKING
34.05799317359924,0.13963260955404092,0.0673975585577673,0.9793230205512529,0.15625,0.25,1.0,0.016617390445959085,0.1826024414422327,0.020676979448747135,0.18451917722833416,147.81008155051646,124.20803412819612,36.04629629681846,160.0,120.0,-12.189918449483542,4.208034128196118,-0.6185863852000695,-0.03620624085680726,0.1780378365515152,1.3557408821072006,TRACKING
34.15655326843262,0.1412013031379019,0.07351178085800553,0.9795700094055773,0.15625,0.25,1.0,0.015048696862098088,0.17648821914199447,0.020429990594422742,0.17830294245706713,147.13118481325563,126.64874299631576,37.78574425766589,160.0,120.0,-12.86881518674437,6.648742996315761,-0.7,-0.028964992685445806,0.1823832305550124,1.3595405327437629,TRACKING
34.25107717514038,0.1427148595055128,0.07907351331348039,0.9796837865796328,0.15625,0.25,1.0,0.013535140494487202,0.1709264866865196,0.020316213420367157,0.17266097534458788,146.63830128706343,128.74488164755644,39.54227158639152,160.0,120.0,-13.361698712936573,8.74488164755644,-0.7,-0.11921994424401822,0.18395511967243086,1.3633729310702716,TRACKING
34.34464359283447,0.14412771258177415,0.08399047499730793,0.9796236974799958,0.15625,0.25,1.0,0.012122287418225852,0.16600952500269206,0.02037630252000422,0.16769408441640465,145.83822576212833,131.38800455284527,41.489657622463085,160.0,120.0,-14.161774237871668,11.388004552845274,-0.7,-0.13242239681523033,0.19198931127710453,1.3673727083885447,TRACKING
34.43216872215271,0.14538252158415307,0.0881652012235385,0.9793439354698296,0.15625,0.25,1.0,0.010867478415846926,0.1618347987764615,0.020656064530170437,0.163509257181394,144.8963298996803,134.12207371740607,43.489132213817314,160.0,120.0,-15.103670100319704,14.122073717406067,-0.7,-0.14640611461638517,0.20283341971906113,1.3715984046326923,TRACKING
34.53071331977844,0.14647548965808757,0.09153516025899097,0.9788074431962231,0.15625,0.25,1.0,0.009774510341912429,0.15846483974100903,0.021192556803776852,0.16017418940156725,144.5826144347922,136.52934791631395,45.489251322892386,160.0,120.0,-15.417385565207809,16.529347916313952,-0.7,-0.15651002088540197,0.20203804382815377,1.3758075305457789,TRACKING
34.62024998664856,0.14742216554366003,0.09407686631038106,0.9779945806498174,0.15625,0.25,1.0,0.008827834456339972,0.15592313368961894,0.02200541935018263,0.157715543817205,144.58837574369892,138.1768604168443,47.18716428456267,160.0,120.0,-15.411624256301081,18.176860416844306,-0.7,-0.1584550979291011,0.1962132564349115,1.3798953067215063,TRACKING
34.716806411743164,0.14819814045448174,0.09577355698529823,0.9768902997680631,0.15625,0.25,1.0,0.008051859545518264,0.1542264430147018,0.023109700231936925,0.15615596822381717,143.9773935742246,139.490045483107,48.70632990355705,160.0,120.0,-16.022606425775393,19.490045483106996,-0.7,-0.15784934970317338,0.20291938075140767,1.3841227938204934,TRACKING
34.79733610153198,0.14876552865245965,0.09657424739374723,0.9754802304714004,0.15625,0.25,1.0,0.00748447134754035,0.15342575260625277,0.024519769528599578,0.15555287837864934,143.13110736743545,140.62552342998634,50.14250677129645,160.0,120.0,-16.868892632564553,20.625523429986345,-0.7,-0.15661668757194497,0.21400034957438074,1.3885811344366266,TRACKING
34.8944354057312,0.14913167373170294,0.09642424012935653,0.973755066683151,0.15625,0.25,1.0,0.007118326268297059,0.15357575987064348,0.026244933316848962,0.15596467905751393,142.88488409547367,141.3696296276845,51.115987937109296,160.0,120.0,-17.115115904526334,21.369629627684503,-0.7,-0.15237284627309491,0.21369810745046974,1.3930331783418444,TRACKING
34.98996615409851,0.14931997443030987,0.09530987776628053,0.9717183287774279,0.15625,0.25,1.0,0.006930025569690135,0.15469012223371947,0.02828167122257208,0.15740683624995863,143.04566874164772,141.4035099904168,51.49708939422847,160.0,120.0,-16.954331258352283,21.403509990416808,-0.7,-0.14185922349452987,0.2065010200236488,1.3973352829256704,TRACKING
35.08651113510132,0.149314403102079,0.09324514384345034,0.9693892358879431,0.15625,0.25,1.0,0.006935596897921004,0.15675485615654966,0.030610764112056876,0.15986621379301824,143.01130241888742,140.6003811641811,51.50093193589938,160.0,120.0,-16.988697581112575,20.6003811641811,-0.7,-0.12428623134535045,0.20398212000513907,1.4015849104257772,TRACKING
35.176042795181274,0.14908905114284357,0.09022894376284214,0.9667914481882973,0.15625,0.25,1.0,0.0071609488571564295,0.15977105623715787,0.03320855181170268,0.16334282204340175,142.79028419434715,139.3500103299599,51.15556982388636,160.0,120.0,-17.20971580565285,19.3500103299599,-0.7,-0.10457942814758353,0.20548805180438257,1.4058659115050354,TRACKING
35.257596492767334,0.1486636915200624,0.08625669167062054,0.9639520208817084,0.15625,0.25,1.0,0.0075863084799376035,0.16374330832937944,0.036047979118291607,0.1678358719032251,143.4819845920483,138.01965530456184,50.163574227689224,160.0,120.0,-16.518015407951708,18.019655304561837,-0.7,-0.08678931929157467,0.1903504296686389,1.4098315454564654,TRACKING
35.3536913394928,0.14807254671711922,0.08136433387299628,0.9609155633145766,0.15625,0.25,1.0,0.008177453282880776,0.1686356661270037,0.039084436685423385,0.17329873578104613,144.59197879708725,135.95903601876597,48.693014532177685,160.0,120.0,-15.40802120291275,15.959036018765971,-0.6597559396114002,-0.06331700430678347,0.16896648531983371,1.4133516805672954,TRACKING
35.44970512390137,0.1473043547930889,0.07560025069616574,0.9577356785792706,0.15625,0.25,1.0,0.008945645206911101,0.17439974930383426,0.042264321420729445,0.17967072658216446,145.35758818954227,133.58152160555724,47.00729957958249,160.0,120.0,-14.64241181045773,13.581521605557242,-0.4701929217142208,-0.03916968649088638,0.15571574267162552,1.4165957585396214,TRACKING
35.54527688026428,0.14633371463319333,0.0689843680264604,0.9544664331773439,0.15625,0.25,1.0,0.009916285366806665,0.1810156319735396,0.04553356682265608,0.18691788957146174,145.96217933247982,131.2223135370204,45.26852074296397,160.0,120.0,-14.03782066752018,11.222313537020398,-0.3008099604945041,-0.017873508711706912,0.14636331412363254,1.4196449942505307,TRACKING
35.63783884048462,0.14518404390265066,0.0615430778413099,0.951168100864426,0.15625,0.25,1.0,0.011065956097349339,0.1884569221586901,0.04883189913557395,0.19499492625979248,147.0697700512193,128.92092286644606,43.31512876918146,160.0,120.0,-12.930229948780692,8.920922866446062,-0.12913839092746654,0.000691013153507225,0.1282406990400829,1.4223166754805323,TRACKING
35.734370708465576,0.1438932153809742,0.05334798132607636,0.9479283840874178,0.15625,0.25,1.0,0.012356784619025812,0.19665201867392362,0.05207161591258225,0.20380421918693853,148.2383818443277,126.19571442617823,41.37065420320282,160.0,120.0,-11.761618155672295,6.1957144261782275,0.020875642350169032,0.09035676737836282,0.11012468903397293,1.4246109398354072,TRACKING
35.82991433143616,0.14245388361554748,0.04449468404323189,0.9448276404076359,0.15625,0.25,1.0,0.013796116384452523,0.2055053159567681,0.055172359592364106,0.21322935299056175,149.03486152889113,123.23248056659105,39.43060342422051,160.0,120.0,-10.965138471108872,3.2324805665910503,0.15400361154793785,0.07228541390269026,0.09986834189724587,1.4266915302916,TRACKING
35.92398405075073,0.1408514997596594,0.03507871005261976,0.9419168502779225,0.15625,0.25,1.0,0.01539850024034059,0.21492128994738025,0.05808314972207751,0.2231634534683825,149.65729668201166,120.31948547619434,37.58866526651481,160.0,120.0,-10.342703317988338,0.31948547619434464,0.26311735130030384,0.057828331122152216,0.09308230650271779,1.4286307450104063,TRACKING
36.01854181289673,0.13912658313686227,0.025226862127839436,0.9392345673728185,0.15625,0.25,1.0,0.01712341686313773,0.22477313787216058,0.06076543262718148,0.23347079628153633,150.61157435575876,117.20241119551267,35.83348748762671,160.0,120.0,-9.388425644241238,-2.797588804487333,0.35360209985432867,0.04626266489772177,-0.09308594854923685,1.4266914544156304,TRACKING
36.11410331726074,0.13732450279641017,0.015073142654642333,0.9367961489085634,0.15625,0.25,1.0,0.018925497203589825,0.23492685734535768,0.06320385109143656,0.24401542889612043,151.80359022577443,114.0292158976887,34.20321486881893,160.0,120.0,-8.196409774225572,-5.970784102311299,0.4243117462527858,0.03701013191817742,-0.07446875883938948,1.4251400219398098,TRACKING
36.207658529281616,0.13544510027349516,0.0047290923642616094,0.9346263709521997,0.15625,0.25,1.0,0.020804899726504844,0.2452709076357384,0.06537362904780031,0.2546848510610088,152.525122953394,111.06023903650059,32.72971310833582,160.0,120.0,-7.474877046605997,-8.93976096349941,0.4747643897425078,0.1277964801169771,-0.059575007071511595,1.4238988759591535,TRACKING
36.30419874191284,0.13350004568006058,-0.00567343012985188,0.9327541434535642,0.15625,0.25,1.0,0.022749954319939425,0.2556734301298519,0.06724585654643578,0.26534594121370575,153.02742305935453,108.06992853656718,31.31667687796223,160.0,120.0,-6.972576940645467,-11.930071463432824,0.5186809705914232,0.14327554196772485,-0.04766000565720928,1.4229059591746278,TRACKING
36.40026378631592,0.13155453226617633,-0.015980222527180992,0.9312005080106213,0.15625,0.25,1.0,0.024695467733823667,0.265980222527181,0.06879949198937874,0.27584182967816473,153.71782498858045,104.98295354876866,30.140628674593906,160.0,120.0,-6.282175011419554,-15.017046451231337,0.5372102274639816,0.15946160769831363,-0.03812800452576742,1.4221116257470072,TRACKING
36.46682381629944,0.1296702074696549,-0.026060136377556692,0.9299673437734807,0.15625,0.25,1.0,0.026579792530345092,0.27606013637755666,0.07003265622651933,0.28604240455899754,154.35310052480386,102.1728019478129,29.071477417477738,160.0,120.0,-5.646899475196136,-17.8271980521871,0.5483148917946156,0.17219974382277708,-0.030502403620613943,1.4214761590049108,TRACKING
36.498005867004395,0.1278513308218555,-0.035788596406745275,0.9290400998548503,0.15625,0.25,1.0,0.028398669178144487,0.28578859640674525,0.07095990014514975,0.29583257710373423,154.7545153411225,99.3925287093157,28.13876598160833,160.0,120.0,-5.245484658877501,-20.607471290684302,0.549428710043548,0.18463806100888747,-0.024401922896491155,1.420967785611234,TRACKING
36.52902555465698,0.12609977455502852,-0.045012758840176255,0.928399617524466,0.15625,0.25,1.0,0.03015022544497148,0.29501275884017625,0.07160038247553402,0.3050707766134235,154.97084116069448,96.50311538651907,27.388852062850102,160.0,120.0,-5.0291588393055235,-23.49688461348093,0.53641198228075,0.1983360204856202,-0.019521538317192926,1.4205610868962921,TRACKING
36.56254720687866,0.12446857052047898,-0.05360470713667817,0.9280250214901751,0.15625,0.25,1.0,0.03178142947952102,0.3036047071366782,0.07197497850982493,0.3136339825127367,155.43824813994945,93.82575279969932,26.726863299775907,160.0,120.0,-4.561751860050549,-26.174247200300684,0.5214179650963442,0.20961399302942402,-0.015617230653754342,1.4202357279243394,TRACKING
36.59754395484924,0.12300889603884622,-0.06149834782553233,0.9278890371862535,0.15625,0.25,1.0,0.033241103961153776,0.3114983478255323,0.07211096281374652,0.32145945723919533,155.80178633979526,91.83250805759752,26.121407716204438,160.0,120.0,-4.198213660204743,-28.167491942402478,0.5077362632219344,0.21357672577456624,-0.012493784523003473,1.4199754407467768,TRACKING
36.630542516708374,0.12171634980501278,-0.06863370676622307,0.9279613304754232,0.15625,0.25,1.0,0.03453365019498722,0.31863370676622305,0.07203866952457683,0.32849593907725,156.0461611208669,90.0954789923212,25.552206698729904,160.0,120.0,-3.9538388791330874,-29.904521007678795,0.4969758303177693,0.21575995080047344,-0.009995027618402779,1.4197672110047268,TRACKING
36.66105890274048,0.12058639318944461,-0.07490090189147172,0.9282091872755379,0.15625,0.25,1.0,0.03566360681055539,0.3249009018914717,0.07179081272446208,0.3346437055918853,156.03000472856348,88.04558528604882,25.143206452715695,160.0,120.0,-3.9699952714365168,-31.95441471395118,0.47444144486749473,0.2225351041046427,-0.007996022094722223,1.4196006272110866,TRACKING
36.70605444908142,0.1196672366905732,-0.08019354444063544,0.9285984942589339,0.15625,0.25,1.0,0.036582763309426794,0.3301935444406354,0.07140150574106607,0.339800309569775,156.14417882429868,85.95364967726474,24.87533555229743,160.0,120.0,-3.8558211757013225,-34.046350322735265,0.4434986773917481,0.23029605620798127,-0.006396817675777779,1.4194673601761743,TRACKING
36.738062143325806,0.11900579738235367,-0.08446475842351032,0.9291000041540027,0.15625,0.25,1.0,0.03724420261764633,0.3344647584235103,0.07089999584599727,0.3439194886407047,156.02914866987618,84.5221862855834,24.557094673019208,160.0,120.0,-3.9708513301238213,-35.4778137144166,0.42625092335062165,0.23116823901419234,-0.0051174541406222235,1.4193607465482447,TRACKING
36.76957368850708,0.11858879720118523,-0.0877014146867485,0.9296981515801077,0.15625,0.25,1.0,0.03766120279881477,0.3377014146867485,0.07030184841989229,0.3469912989816002,156.1939466354195,83.46442108562921,24.33658625364901,160.0,120.0,-3.8060533645804924,-36.53557891437079,0.403753917254951,0.22907370822906595,-0.004093963312497779,1.4192754556459013,TRACKING
36.80326700210571,0.11839430651202047,-0.08987941011640788,0.93037569257147,0.15625,0.25,1.0,0.03785569348797953,0.3398794101164079,0.06962430742852999,0.34899657754114966,155.90946756521996,82.81129905966289,24.06051709545047,160.0,120.0,-4.0905324347800445,-37.188700940337114,0.39351156191501435,0.22392337083995612,-0.003275170649998223,1.419207222924026,TRACKING
36.84986662864685,0.11845147775353834,-0.09098233710551776,0.9311113569076067,0.15625,0.25,1.0,0.03779852224646166,0.34098233710551773,0.06888864309239329,0.3499190301327842,155.72455616959024,82.38676974278478,23.88107347776546,160.0,120.0,-4.275443830409756,-37.61323025721522,0.3764474263210423,0.2178910861976518,-0.002620136519998579,1.4191526367465261,TRACKING
36.88638615608215,0.1187902195823078,-0.09104794765782304,0.931897440169071,0.15625,0.25,1.0,0.0374597804176922,0.34104794765782304,0.06810255983092905,0.3497926477301663,155.59735158591724,82.6305678895728,23.596567465747746,160.0,120.0,-4.402648414082762,-37.3694321104272,0.37579819885605614,0.20611394704834698,-0.0020961092159988634,1.419108967804526,TRACKING
36.93189716339111,0.1193869619104619,-0.09011864766826046,0.9327291398851097,0.15625,0.25,1.0,0.0368630380895381,0.34011864766826044,0.06727086011489025,0.3486616507295779,155.3882785308462,83.10986912822233,23.33436509373335,160.0,120.0,-4.611721469153792,-36.89013087177767,0.37477681201582025,0.1938821451354018,-0.0016768873727990906,1.4190740326509257,TRACKING
36.975412130355835,0.12021397957181859,-0.08820293687777085,0.9335931256439014,0.15625,0.25,1.0,0.03603602042818141,0.33820293687777087,0.0664068743560986,0.34653959981912086,155.02877112073364,83.45058249010721,23.24120701612687,160.0,120.0,-4.971228879266363,-36.54941750989279,0.35689596703292703,0.18517950098274874,-0.0013415098982392725,1.4190460845280457,TRACKING
37.02341341972351,0.12127159326864179,-0.0853241755869438,0.9344825110111696,0.15625,0.25,1.0,0.034978406731358214,0.33532417558694383,0.06551748898883036,0.34345062677760446,155.01870122847686,83.99287861856969,23.10338080147978,160.0,120.0,-4.981298771523143,-36.00712138143031,0.3482372953109984,0.17569101435932116,-0.001073207918591418,1.4190237260297422,TRACKING
37.06795263290405,0.12253453551247125,-0.08155521709051979,0.935405503168347,0.15625,0.25,1.0,0.033715464487528754,0.33155521709051977,0.06459449683165297,0.3394672937802491,155.20557544572677,85.12826485512205,23.030253417720893,160.0,120.0,-4.794424554273235,-34.871735144877945,0.33504181214268386,0.1610890139223012,-0.0008585663348731345,1.4190058392310991,TRACKING
37.115931272506714,0.12393057722427162,-0.07697286956310173,0.9363719987493054,0.15625,0.25,1.0,0.032319422775728385,0.32697286956310173,0.06362800125069457,0.3346704723486131,155.1336240397224,86.48337215582933,22.966260962515893,160.0,120.0,-4.866375960277594,-33.51662784417067,0.3239760322820198,0.14595337316787757,-0.0006868530678985076,1.4189915297921845,TRACKING
37.1634521484375,0.12539572095185667,-0.07161248650695765,0.9373765939824846,0.15625,0.25,1.0,0.030854279048143335,0.3216124865069576,0.06262340601751537,0.3291022166348979,155.08685562581957,87.53919190128906,22.95715325905818,160.0,120.0,-4.913144374180433,-32.46080809871094,0.3094352403345768,0.1358898538538258,-0.0005494824543188061,1.4189800822410525,TRACKING
37.208449602127075,0.12691722796695426,-0.06551823712492859,0.9384116693458592,0.15625,0.25,1.0,0.02933277203304574,0.3155182371249286,0.06158833065414082,0.3228084446639045,155.2314561567827,88.75047473583788,22.9892855246073,160.0,120.0,-4.768543843217287,-31.249525264162116,0.29325573216586265,0.1251637007074177,-0.00043958596345504495,1.4189709242001474,TRACKING
37.239450454711914,0.1284839043222647,-0.05878730778020815,0.9394848812884475,0.15625,0.25,1.0,0.027766095677735303,0.30878730778020813,0.06051511871155246,0.31588389814615025,155.278347960649,90.35926663188349,23.101951969015985,160.0,120.0,-4.7216520393509995,-29.640733368116514,0.27108347857554804,0.11110646106651528,-0.00035166877076403595,1.4189635977674229,TRACKING
37.27296280860901,0.1300343681941432,-0.05152042231719656,0.9406042676757445,0.15625,0.25,1.0,0.026215631805856787,0.30152042231719656,0.059395732324255546,0.30843099300111754,155.31652874400191,92.17593091875649,23.24327817164506,160.0,120.0,-4.683471255998086,-27.824069081243508,0.24935284962339607,0.09610281168983051,-0.0002813350166112288,1.418957736621243,TRACKING
37.29996037483215,0.13150729859754598,-0.04377157972076484,0.9417616128399197,0.15625,0.25,1.0,0.02474270140245402,0.29377157972076484,0.05823838716008034,0.3005089883236974,155.03074368360123,93.68935509719172,23.526374887344435,160.0,120.0,-4.96925631639877,-26.310644902808278,0.21512911968201123,0.08576520378319066,-0.00022506801328898304,1.4189530477042993,TRACKING
37.33296990394592,0.13289215313469457,-0.03559718204951224,0.9429474205262298,0.15625,0.25,1.0,0.023357846865305426,0.28559718204951223,0.05705257947377018,0.2921751807211149,155.17601900835447,95.10928839374102,23.912542579666948,160.0,120.0,-4.823980991645527,-24.890711606258975,0.17424512353254107,0.07713465348036028,-0.00018005441063118644,1.4189492965707444,TRACKING
37.3650267124176,0.13419038615116718,-0.02710669625387492,0.9441662068370814,0.15625,0.25,1.0,0.022059613848832815,0.2771066962538749,0.05583379316291859,0.28353511269480625,155.27388195992262,97.00328728808498,24.23349844094367,160.0,120.0,-4.726118040077381,-22.996712711915023,0.14612543547762663,0.06372178723381455,-0.00014404352850494917,1.4189462956639005,TRACKING
37.39602541923523,0.13537386413710728,-0.018414958915275288,0.9454211247642316,0.15625,0.25,1.0,0.02087613586289272,0.2684149589152753,0.05457887523576843,0.2747021238360862,155.15570500612745,99.1128125490228,24.67512575129234,160.0,120.0,-4.844294993872552,-20.887187450977194,0.10789192599851412,0.04888813065700658,-0.00011523482280395933,1.4189438949384252,TRACKING
37.42902684211731,0.1364247684309644,-0.009591043349025897,0.9467013925406487,0.15625,0.25,1.0,0.019825231569035595,0.2595910433490259,0.05329860745935133,0.26574666724327467,154.74053244221528,100.90456099072713,25.209836701261164,160.0,120.0,-5.259467557784717,-19.095439009272866,0.06380697633325058,0.038577722637615164,-9.218785824316747e-05,1.4189419743580451,TRACKING
37.45953965187073,0.1373754582953663,-0.0007061291179305776,0.9479959416049433,0.15625,0.25,1.0,0.018874541704633707,0.25070612911793055,0.05200405839505673,0.2567376746630944,154.61350398538917,102.61966134502245,25.93784143806463,160.0,120.0,-5.386496014610827,-17.38033865497755,0.0031857945831447465,0.02952881164391534,-7.375028659453398e-05,1.418940437893741,TRACKING
37.49153971672058,0.13825954089895234,0.008116810070159668,0.9492984012600088,0.15625,0.25,1.0,0.017990459101047657,0.24188318992984034,0.05070159873999125,0.24779383830937518,154.69362011979985,104.78157664245308,26.65350734276203,160.0,120.0,-5.306379880200154,-15.218423357546925,-0.049027702545105856,0.015809990065415336,-5.900022927562719e-05,1.418939208722298,TRACKING
37.52556848526001,0.1390601894823887,0.01675183437520869,0.9505954147252211,0.15625,0.25,1.0,0.017189810517611287,0.2332481656247913,0.04940458527477887,0.23904185700235506,154.36830379198122,107.08184607613941,27.425918173826815,160.0,120.0,-5.631696208018781,-12.918153923860586,-0.10215224434846196,0.0013335875167619984,-4.720018342050175e-05,1.4189382253851432,TRACKING
37.55708694458008,0.13975859184868164,0.025122219578649862,0.9518628414572611,0.15625,0.25,1.0,0.01649140815131836,0.22487778042135015,0.04813715854273892,0.23056272184075013,153.8130806312917,109.35846232436855,28.325876830840212,160.0,120.0,-6.186919368708288,-10.641537675631454,-0.16431860054965503,-0.0120963240161015,-3.776014673640141e-05,1.4189374387154192,TRACKING
37.58608317375183,0.1403865257402922,0.03317792692174848,0.9530798285265939,0.15625,0.25,1.0,0.0158634742597078,0.21682207307825152,0.0469201714734061,0.2224072024027839,153.54472708074977,111.21478952756318,29.317958074048825,160.0,120.0,-6.455272919250234,-8.785210472436816,-0.23065070124632844,-0.020310976791973488,-3.0208117389121125e-05,1.4189368093796402,TRACKING
37.617085456848145,0.14097982041285925,0.040855116611069144,0.9542073609675253,0.15625,0.25,1.0,0.015270179587140748,0.20914488338893086,0.04579263903247466,0.21464325384682262,153.69461444208696,112.90380310380475,30.33625000338076,160.0,120.0,-6.305385557913041,-7.096196896195252,-0.29359130521471477,-0.10468656685610941,-2.41664939112969e-05,1.418936305911017,TRACKING
37.65108919143677,0.14152433501125228,0.048085273569045274,0.9552078289652234,0.15625,0.25,1.0,0.014725664988747722,0.20191472643095473,0.04479217103477662,0.2073469086942383,153.30735189590143,114.54082780665766,31.509107393554913,160.0,120.0,-6.692648104098566,-5.45917219334234,-0.36835225041690767,-0.08374925348488754,-1.9333195129037524e-05,1.4189359031361182,TRACKING
37.68060493469238,0.14200251523846008,0.05483661454347537,0.9560627569659718,0.15625,0.25,1.0,0.01424748476153992,0.19516338545652462,0.04393724303402824,0.20055477847788514,152.84875334171093,115.83545721800425,32.78230682973647,160.0,120.0,-7.151246658289068,-4.164542781995749,-0.4475892490535086,-0.06699940278791004,-1.5466556103230018e-05,1.4189355809161999,TRACKING
37.71660256385803,0.1424401227360248,0.06107366597012631,0.9567639750354011,0.15625,0.25,1.0,0.013809877263975201,0.1889263340298737,0.043236024964598885,0.1943018946247125,152.71178946459258,117.12155862053578,34.09884424981455,160.0,120.0,-7.288210535407416,-2.8784413794642205,-0.5247364306156912,-0.05359952223032803,-1.2373244882584015e-05,1.418935323140265,TRACKING
37.74561166763306,0.1428601210281013,0.06671124217258287,0.9573034599559277,0.15625,0.25,1.0,0.013389878971898694,0.18328875782741713,0.042696540044072306,0.18867181065685126,152.8794043324051,118.75243191133166,35.40178404832916,160.0,120.0,-7.120595667594898,-1.247568088668345,-0.5941497237151888,-0.04287961778426243,-9.898595906067212e-06,1.418935116919517,TRACKING
37.778130531311035,0.14323688540738796,0.07166090720990174,0.9576710027280574,0.15625,0.25,1.0,0.013013114592612035,0.17833909279009824,0.042328997271942614,0.1837550466753059,152.5725687791981,120.55442574358628,36.730257341069716,160.0,120.0,-7.427431220801907,0.5544257435862789,-0.6616555814388492,-0.03430369422740995,-7.918876724853771e-06,1.4189349519429184,TRACKING
37.80812668800354,0.14354290738010322,0.07588019570813923,0.9578578803445049,0.15625,0.25,1.0,0.012707092619896776,0.17411980429186077,0.04214211965549508,0.1795971455746015,152.05106756414477,122.0044143615049,37.999603375516116,160.0,120.0,-7.948932435855227,2.0044143615048995,-0.7,-0.02744295538192796,-6.335101379883017e-06,1.41893481996164,TRACKING
37.84113430976868,0.14379384219894017,0.07934352649122405,0.9578652894509864,0.15625,0.25,1.0,0.012456157801059825,0.17065647350877594,0.04213471054901363,0.1762217967524608,152.10454935492652,123.01141044215592,39.22198779192483,160.0,120.0,-7.895450645073481,3.0114104421559205,-0.7,-0.021954364305542366,-5.068081103906415e-06,1.4189347143766167,TRACKING
37.872647523880005,0.14400182341190726,0.08200135209965084,0.9576917907885915,0.15625,0.25,1.0,0.01224817658809274,0.16799864790034916,0.04230820921140854,0.17367656172539492,152.2068067205948,124.1522574093496,40.40828094109391,160.0,120.0,-7.7931932794051875,4.152257409349602,-0.7,-0.017563491444433893,-4.054464883125132e-06,1.4189346299085983,TRACKING
37.90464735031128,0.14413020537186577,0.08380401298928565,0.9573323446960457,0.15625,0.25,1.0,0.012119794628134228,0.16619598701071436,0.04266765530395433,0.17201315161763286,152.04334618235146,125.14115939371396,41.38512920137168,160.0,120.0,-7.956653817648544,5.141159393713963,-0.7,-0.014050793155547118,-3.2435719065001057e-06,1.4189345623341838,TRACKING
37.93216800689697,0.14414116782296688,0.08474557264078882,0.9567911532095031,0.15625,0.25,1.0,0.012108832177033124,0.1652544273592112,0.04320884679049686,0.17123858799779038,151.52374157736634,125.80868857295509,42.24798565325487,160.0,120.0,-8.476258422633663,5.8086885729550914,-0.7,-0.011240634524437694,-2.5948575252000848e-06,1.4189345082746518,TRACKING
37.96472692489624,0.14404425156264622,0.08482005056526763,0.9560724215742119,0.15625,0.25,1.0,0.01220574843735378,0.16517994943473235,0.043927578425788094,0.17135643593553895,151.62905278334478,126.05047400369523,42.94186675341206,160.0,120.0,-8.370947216655225,6.0504740036952285,-0.7,-0.008992507619550156,-2.075886020160068e-06,1.4189344650270268,TRACKING
38.000688552856445,0.14385659171217832,0.08400564858638007,0.9551797049647363,0.15625,0.25,1.0,0.012393408287821678,0.16599435141361993,0.044820295035263746,0.1723849764836399,151.79466082894947,126.36434840086382,43.34407526715924,160.0,120.0,-8.205339171050525,6.364348400863818,-0.7,-0.0071940060956401245,-1.6607088161280545e-06,1.4189344304289264,TRACKING
38.02868938446045,0.1435556996614256,0.08231650000086427,0.9541251585282184,0.15625,0.25,1.0,0.01269430033857441,0.16768349999913573,0.04587484147178156,0.17430835468533104,151.60523116845582,126.07671598692866,43.51178235413446,160.0,120.0,-8.394768831544184,6.0767159869286616,-0.7,-0.0057552048765121,-1.3285670529024437e-06,1.4189344027504465,TRACKING
38.05720353126526,0.1431156802903683,0.07977289207927415,0.952919330187038,0.15625,0.25,1.0,0.013134319709631692,0.17022710792072585,0.047080669812961995,0.1771055281331625,151.29339797067792,125.74986653591282,43.38649954886416,160.0,120.0,-8.706602029322084,5.749866535912815,-0.6851060925554384,-0.00460416390120968,-1.062853642321955e-06,1.418934380607662,TRACKING
38.089202642440796,0.14255622871791687,0.07636979058737338,0.9515734164738079,0.15625,0.25,1.0,0.013693771282083128,0.17363020941262663,0.04842658352619211,0.1807763894556417,151.55379309256173,125.38414252690778,43.04921474277244,160.0,120.0,-8.446206907438267,5.38414252690778,-0.6040819295653459,-0.0036833311209677443,-8.502829138575641e-07,1.4189343628934346,TRACKING
38.12220311164856,0.14190972463884058,0.07212871093686292,0.9501082139357673,0.15625,0.25,1.0,0.014340275361159421,0.1778712890631371,0.049891786064232724,0.18529174101156023,152.05266494253817,124.57431536893048,42.43409472348812,160.0,120.0,-7.947335057461828,4.574315368930485,-0.505839628695697,-0.0029466648967741956,-6.802263310860513e-07,1.4189343487220523,TRACKING
38.15321373939514,0.1411649389788073,0.06709482063892969,0.9485516066039528,0.15625,0.25,1.0,0.015085061021192697,0.1829051793610703,0.05144839339604723,0.19060115657086882,152.09529102002284,123.53045258807141,41.6590912348791,160.0,120.0,-7.904708979977158,3.5304525880714124,-0.40506497599448565,-0.0023573319174193565,-5.441810648688411e-07,1.4189343373849468,TRACKING
38.18573069572449,0.14030057542238417,0.06129846746523201,0.9469308913042426,0.15625,0.25,1.0,0.015949424577615834,0.18870153253476799,0.05306910869575743,0.19666973031732482,152.0992964933371,122.50396852917024,40.68556720062063,160.0,120.0,-7.900703506662893,2.503968529170237,-0.29682563240964555,-0.0018858655339354853,-4.353448518950729e-07,1.4189343283152622,TRACKING
38.217751264572144,0.13934262278965825,0.05477622302282364,0.9452751311627507,0.15625,0.25,1.0,0.016907377210341745,0.19522377697717636,0.05472486883724925,0.20345268189586788,152.4344310263332,121.24663891590889,39.4876020940997,160.0,120.0,-7.565568973666814,1.246638915908889,-0.17832697742302062,-0.0015086924271483881,-3.4827588151605835e-07,1.4189343210595151,TRACKING
38.248735427856445,0.13832882019355106,0.047611567767603655,0.9436227987866637,0.15625,0.25,1.0,0.017921179806448945,0.20238843223239633,0.056377201213336336,0.21085690646452954,152.8928560887474,119.44955517876363,38.22478018257594,160.0,120.0,-7.107143911252592,-0.5504448212363684,-0.06789130688875819,-0.0012069539417187106,-2.7862070521284673e-07,1.4189343152549174,TRACKING
38.28024697303772,0.1372490843202222,0.039901645836641304,0.942008164348195,0.15625,0.25,1.0,0.019000915679777797,0.2100983541633587,0.05799183565180499,0.21878164050278098,153.08746018693387,117.5695839893653,36.98743840987309,160.0,120.0,-6.912539813066132,-2.4304160106347013,0.02644830339914031,-0.0009655631533749686,-2.228965641702774e-07,1.418934310611239,TRACKING
38.31325364112854,0.13607877753372913,0.031699558847994844,0.9404492090739804,0.15625,0.25,1.0,0.02017122246627087,0.21830044115200514,0.05955079092601956,0.22717450896361224,153.0691911930402,115.94586321430326,35.64961198973294,160.0,120.0,-6.930808806959789,-4.054136785696741,0.12181556762186976,-0.0007724505226999749,-1.7831725133622192e-07,1.418934306896296,TRACKING
38.34476637840271,0.13484189185186338,0.02304627321984234,0.9389587137600431,0.15625,0.25,1.0,0.021408108148136623,0.22695372678015766,0.06104128623995686,0.23599224525334114,153.44212088192145,114.61032347943384,34.2275836011267,160.0,120.0,-6.557879118078546,-5.389676520566155,0.21688794401554246,-0.0006179604181599799,-1.4265380106897754e-07,1.4189343039243418,TRACKING
38.37628102302551,0.13357725389646793,0.014030906239049724,0.9375567081933,0.15625,0.25,1.0,0.022672746103532065,0.23596909376095027,0.06244329180670005,0.24514206354254273,153.9306242702704,112.84535833292107,32.9132889331701,160.0,120.0,-6.069375729729586,-7.154641667078934,0.2908554138820952,-0.000494368334527984,-1.1412304085518203e-07,1.4189343015467788,TRACKING
38.4092800617218,0.13228444176794008,0.004797358918780102,0.9362951849613659,0.15625,0.25,1.0,0.023965558232059925,0.2452026410812199,0.06370481503863412,0.2544739409717356,154.12292564261912,110.53545551161355,31.741583592083025,160.0,120.0,-5.877074357380877,-9.464544488386451,0.3432879657070206,0.10355675229648881,-9.129843268414563e-08,1.4189342996447278,TRACKING
38.441285133361816,0.1309601394218253,-0.004509051905980044,0.9352242104610952,0.15625,0.25,1.0,0.0252898605781747,0.25450905190598005,0.06477578953890484,0.2638377104595415,154.04239480124735,108.07328373818845,30.66683577711471,160.0,120.0,-5.9576051987526455,-11.92671626181155,0.38259609313449294,0.11856408759633097,-7.303874614731651e-08,1.4189342981230872,TRACKING
38.472792863845825,0.12964711832001977,-0.013804951518340759,0.9343628941356218,0.15625,0.25,1.0,0.026602881679980234,0.26380495151834077,0.06563710586437821,0.27314647247497953,154.44067155001,106.0853385161262,29.644491285977832,160.0,120.0,-5.559328449990005,-13.9146614838738,0.41570713817689425,0.12761835833937576,-5.8430996917853214e-08,1.4189342969057748,TRACKING
38.50479245185852,0.12839695335585746,-0.023019736928017842,0.9337158374114511,0.15625,0.25,1.0,0.027853046644142537,0.27301973692801784,0.06628416258854886,0.2823281055255924,154.8114365075065,104.28047079842149,28.624766980691497,160.0,120.0,-5.1885634924935005,-15.71952920157851,0.4490594488706829,0.13467325679784165,-4.674479753428257e-08,1.4189342959319244,TRACKING
38.53579616546631,0.12722024438479348,-0.032027035530578805,0.9332868732151907,0.15625,0.25,1.0,0.029029755615206515,0.2820270355305788,0.06671312678480934,0.2912603934053702,154.87743372987921,102.16421977629818,27.781801872257823,160.0,120.0,-5.122566270120785,-17.835780223701818,0.4631176893545906,0.14539166426604128,-3.739583802742606e-08,1.4189342951528445,TRACKING
38.56931233406067,0.12611796346023996,-0.04069365413605382,0.9330713902688429,0.15625,0.25,1.0,0.030132036539760043,0.2906936541360538,0.06692860973115711,0.29981690909878755,154.80059620664804,99.97911071348054,27.058591501238826,160.0,120.0,-5.199403793351962,-20.020889286519463,0.46687645785779164,0.15666257782450685,-2.991667042194085e-08,1.4189342945295804,TRACKING
38.598310708999634,0.1251130343063134,-0.04893643485325487,0.9330590843958625,0.15625,0.25,1.0,0.031136965693686597,0.2989364348532549,0.06694091560413751,0.30791815291941527,154.85410945814934,98.24049148280531,26.363331382085754,160.0,120.0,-5.145890541850662,-21.75950851719469,0.47182110709887504,0.16277837865583122,-2.3933336337552683e-08,1.4189342940309695,TRACKING
38.6333122253418,0.12421555774017679,-0.056670313603355546,0.9332328706624465,0.15625,0.25,1.0,0.032034442259823215,0.30667031360335556,0.06676712933755347,0.3154849224550295,155.43017114779707,96.49381946382346,25.74728505015017,160.0,120.0,-4.569828852202932,-23.506180536176544,0.4717875459148978,0.1693532000739108,-1.914666907004215e-08,1.4189342936320806,TRACKING
38.664857625961304,0.12340540192735248,-0.06375466901493086,0.933573852710756,0.15625,0.25,1.0,0.032844598072647516,0.3137546690149309,0.06642614728924401,0.3223867134280117,155.6296112460681,94.30450659252529,25.270010051426958,160.0,120.0,-4.3703887539319055,-25.695493407474714,0.4605583862381224,0.1810758452537154,-1.531733525603372e-08,1.4189342933129696,TRACKING
38.6958966255188,0.12267634980532469,-0.07004663256877455,0.9340563199304787,0.15625,0.25,1.0,0.033573650194675314,0.3200466325687745,0.06594368006952134,0.3284898871306664,155.46552630164348,91.97305593309065,24.974684847636507,160.0,120.0,-4.534473698356521,-28.02694406690935,0.43457399641428174,0.1940219782359479,-1.2253868204826975e-08,1.4189342930576805,TRACKING
38.7288601398468,0.12206991365735252,-0.07547037533273539,0.9346580365203644,0.15625,0.25,1.0,0.03418008634264748,0.3254703753327354,0.06534196347963561,0.3337196663563544,155.82759209606826,90.05748635650892,24.608019867150254,160.0,120.0,-4.172407903931742,-29.942513643491083,0.4238295480163329,0.20194828716621457,-9.803094563861581e-09,1.4189342928534492,TRACKING
38.76137375831604,0.12162621145640791,-0.08001297343040446,0.9353627612992094,0.15625,0.25,1.0,0.03462378854359209,0.3300129734304045,0.06463723870079063,0.33806115126164854,156.06293486244437,88.9873661317308,24.212797523633018,160.0,120.0,-3.937065137555635,-31.012633868269205,0.42099335734824156,0.2007594210416516,-7.842475651089265e-09,1.4189342926900643,TRACKING
38.79237484931946,0.12133170241096142,-0.08366616149850195,0.9361544004584749,0.15625,0.25,1.0,0.03491829758903858,0.3336661614985019,0.06384559954152513,0.341509378226247,156.04090766058883,88.29178798562502,23.87914556931654,160.0,120.0,-3.9590923394111712,-31.70821201437498,0.4146073917057442,0.19667555118396313,-6.273980520871412e-09,1.4189342925593564,TRACKING
38.824373722076416,0.12117200662593769,-0.08637359108800562,0.9370086974732892,0.15625,0.25,1.0,0.03507799337406231,0.33637359108800563,0.06299130252671081,0.3440138988392812,155.5936935560429,87.48045236704786,23.618626607818204,160.0,120.0,-4.4063064439571065,-32.51954763295214,0.4036579142748937,0.19531747150438672,-5.0191844166971305e-09,1.4189342924547903,TRACKING
38.855929136276245,0.12118196694202038,-0.08808157486831383,0.937900685232756,0.15625,0.25,1.0,0.03506803305797962,0.3380815748683138,0.06209931476724395,0.3455216970069406,155.5081092159689,86.6426018083565,23.42532544998906,160.0,120.0,-4.4918907840311135,-33.3573981916435,0.38920701461048585,0.19526595450334217,-4.015347533357704e-09,1.4189342923711372,TRACKING
38.90092611312866,0.12139345480888546,-0.08879207262751412,0.9388172237619403,0.15625,0.25,1.0,0.034856545191114544,0.3387920726275141,0.06118277623805968,0.3460323385553776,155.68027099037977,86.24269117543173,23.209642256146452,160.0,120.0,-4.319729009620232,-33.75730882456827,0.3815017146100689,0.1911827303966374,-3.2122780266861636e-09,1.4189342923042148,TRACKING
38.94545221328735,0.12177847432910628,-0.08854378462315579,0.9397621723734821,0.15625,0.25,1.0,0.03447152567089372,0.3385437846231558,0.06023782762651786,0.34558468725655495,155.79217614374684,86.33274926403062,23.069448180148758,160.0,120.0,-4.207823856253157,-33.667250735969375,0.36840757359157217,0.18290124606671965,-2.569822421348931e-09,1.4189342922506771,TRACKING
38.976966857910156,0.1222984698794666,-0.08737067517455314,0.9407347322769687,0.15625,0.25,1.0,0.033951530120533396,0.33737067517455316,0.05926526772303131,0.3442151228861712,155.6457586096464,86.76174943922246,22.90331230327223,160.0,120.0,-4.354241390353593,-33.238250560777544,0.36181391264701224,0.17247079143715735,-2.055857937079145e-09,1.4189342922078465,TRACKING
39.007965087890625,0.12296627081315253,-0.08529525322482398,0.9417270866748886,0.15625,0.25,1.0,0.033283729186847466,0.335295253224824,0.05827291332511142,0.34194509192424183,155.38773168269594,87.41495525072898,22.75151123153247,160.0,120.0,-4.612268317304057,-32.58504474927102,0.3560993038152095,0.16127065233405863,-1.644686349663316e-09,1.4189342921735824,TRACKING
39.040971517562866,0.12379761910836601,-0.08236962780451453,0.9427371440902628,0.15625,0.25,1.0,0.03245238089163399,0.3323696278045145,0.05726285590973723,0.33882408589028395,155.60202559375236,88.31972091297384,22.614754883503917,160.0,120.0,-4.397974406247641,-31.680279087026165,0.3509082241410324,0.14894880336375604,-1.3157490797306528e-09,1.4189342921461705,TRACKING
39.07348942756653,0.12475445189073373,-0.07865682958917038,0.9437677139760456,0.15625,0.25,1.0,0.031495548109266275,0.32865682958917036,0.05623228602395436,0.33491693175739545,155.24131587299956,89.50781897490272,22.545802965995076,160.0,120.0,-4.758684127000436,-30.49218102509728,0.3401321195057869,0.13515002147392655,-1.0525992637845224e-09,1.4189342921242414,TRACKING
39.10548686981201,0.125793756885405,-0.07419382966361734,0.944816162731354,0.15625,0.25,1.0,0.030456243114594994,0.3241938296636173,0.05518383726864595,0.3302642545482484,154.9818553174497,90.55508233368677,22.562793377939524,160.0,120.0,-5.018144682550286,-29.44491766631323,0.3223855467872747,0.12456874056150229,-8.42079411027618e-10,1.418934292106698,TRACKING
39.13448643684387,0.1269212572019733,-0.0690331612168674,0.9458796115561705,0.15625,0.25,1.0,0.02932874279802669,0.3190331612168674,0.05412038844382949,0.32491745037078495,154.8132059563423,91.7608035168964,22.595107993023973,160.0,120.0,-5.186794043657699,-28.239196483103598,0.3063561098178017,0.11340332931440317,-6.736635288220944e-10,1.418934292092663,TRACKING
39.17000079154968,0.12814387313173128,-0.06328096814672406,0.9469669041426996,0.15625,0.25,1.0,0.028106126868268716,0.31328096814672407,0.05303309585730043,0.3189787275457308,155.14658466507953,93.45952320151,22.670522950439945,160.0,120.0,-4.85341533492047,-26.540476798490005,0.28848773966396785,0.09795098902502819,-5.389308230576756e-10,1.4189342920814356,TRACKING
39.21399259567261,0.12941709669761026,-0.05704679174345643,0.9480861290274332,0.15625,0.25,1.0,0.026832903302389743,0.30704679174345645,0.051913870972566833,0.31255845376335806,154.91176181330755,95.4025433066895,22.8029804970096,160.0,120.0,-5.08823818669245,-24.597456693310505,0.26728777737160736,0.08134872413008355,-4.311446584461405e-10,1.4189342920724535,TRACKING
39.24500131607056,0.1306944633972382,-0.05039346422438249,0.9492304840478772,0.15625,0.25,1.0,0.025555536602761803,0.3003934642243825,0.05076951595212276,0.3057235067013875,154.72509680828858,97.11524697564212,22.966329336606044,160.0,120.0,-5.274903191711417,-22.884753024357877,0.24594695815133616,0.06881545264227176,-3.449157267569124e-10,1.418934292065268,TRACKING
39.27851128578186,0.13197929213888338,-0.043384424086857415,0.9503883677819754,0.15625,0.25,1.0,0.024270707861116625,0.2933844240868574,0.04961163221802456,0.29853777249821034,154.607422849704,98.84435557200918,23.145812166022935,160.0,120.0,-5.392577150296006,-21.155644427990822,0.22592708083601823,0.05703867630271398,-2.7593258140552996e-10,1.4189342920595198,TRACKING
39.30651140213013,0.13328060676372236,-0.03611309301439212,0.9515574038663265,0.15625,0.25,1.0,0.02296939323627764,0.28611309301439214,0.04844259613367352,0.2910927346054435,154.7099455493291,100.73946069944267,23.43515953022936,160.0,120.0,-5.290054450670908,-19.260539300557326,0.19637194418837578,0.044209043784851534,-2.20746065124424e-10,1.4189342920549208,TRACKING
39.339516401290894,0.13456247796954823,-0.028650905748077864,0.9527309951515788,0.15625,0.25,1.0,0.021687522030451767,0.2786509057480779,0.047269004848421226,0.2834625807851992,154.39691306287446,102.43433902983305,23.850926109047276,160.0,120.0,-5.603086937125539,-17.565660970166945,0.1565687351272521,0.03440731572460443,-1.765968520995392e-10,1.418934292051242,TRACKING
39.36953544616699,0.13578678623136883,-0.021035363017344672,0.9538998780003863,0.15625,0.25,1.0,0.020463213768631167,0.27103536301734465,0.046100121999613664,0.2756884697843995,154.0438951327141,103.78471523633485,24.429575969904164,160.0,120.0,-5.956104867285887,-16.215284763665153,0.10360545089467064,0.028796076467591893,-1.4127748167963136e-10,1.4189342920482986,TRACKING
39.40253949165344,0.1369625119656558,-0.013324752332967704,0.9550564077956848,0.15625,0.25,1.0,0.019287488034344213,0.2633247523329677,0.04494359220431521,0.26782803973094665,153.97944660066847,105.28567563664987,24.959211906377647,160.0,120.0,-6.020553399331533,-14.71432436335013,0.06266403122867202,0.021415323810639875,-1.130219853437051e-10,1.418934292045944,TRACKING
39.433539390563965,0.13810422667935882,-0.005609013207844485,0.956198016468082,0.15625,0.25,1.0,0.018145773320641184,0.25560901320784446,0.043801983531918,0.2599689413830477,154.08511517446772,106.9723575598185,25.53844593006344,160.0,120.0,-5.914884825532283,-13.027642440181495,0.020658377790222476,0.01209499992544736,-9.041758827496408e-11,1.4189342920440602,TRACKING
39.46608209609985,0.1391826306826226,0.0020457818216829643,0.9573166028518988,0.15625,0.25,1.0,0.0170673693173774,0.24795421817831703,0.04268339714810121,0.2521794238234728,153.75467712780832,108.70428812066913,26.154222547259742,160.0,120.0,-6.245322872191679,-11.295711879330867,-0.021086245080812804,0.0025956348505148524,-7.233407061997127e-11,1.418934292042553,TRACKING
39.4950532913208,0.14016632259120324,0.009607039957434064,0.9584024749270977,0.15625,0.25,1.0,0.016083677408796765,0.24039296004256594,0.041597525072902264,0.24449501837298787,153.17133389528243,110.0237750561449,26.86914209376815,160.0,120.0,-6.82866610471757,-9.976224943855101,-0.06987655919510852,-0.002061454404843642,-5.786725649597701e-11,1.4189342920413477,TRACKING
39.530057191848755,0.14107052834378703,0.01702149737466767,0.9594465294004005,0.15625,0.25,1.0,0.015179471656212973,0.23297850262533232,0.04055347059959946,0.23696831649605887,153.1479339569824,111.3057530113477,27.721178437304278,160.0,120.0,-6.852066043017601,-8.694246988652296,-0.12924290521980292,-0.006584681866651898,-4.629380519678161e-11,1.4189342920403831,TRACKING
39.55957818031311,0.14191719390962793,0.024209948358836924,0.9604221064497205,0.15625,0.25,1.0,0.014332806090372074,0.2257900516411631,0.03957789355027952,0.22968018288137215,153.08361205861084,112.95015203977347,28.5296854598032,160.0,120.0,-6.916387941389161,-7.049847960226529,-0.17783365835235185,-0.09278983184575462,-3.7035044157425296e-11,1.4189342920396113,TRACKING
39.59457349777222,0.14268618995990728,0.0311216134863952,0.9612995010311876,0.15625,0.25,1.0,0.013563810040092716,0.2188783865136048,0.03870049896881245,0.22268689599084573,152.7104147326283,114.41524744645824,29.455747556165782,160.0,120.0,-7.289585267371706,-5.584752553541762,-0.23550846727384056,-0.07423186547660371,-2.962803532594024e-11,1.418934292038994,TRACKING
39.622575521469116,0.14335371220241547,0.03772159372447251,0.9620654463290591,0.15625,0.25,1.0,0.012896287797584532,0.2122784062755275,0.037934553670940896,0.21602654089729237,152.16154374613026,115.63235590855723,30.441513125558053,160.0,120.0,-7.838456253869737,-4.36764409144277,-0.2948055973702889,-0.05938549238128297,-2.3702428260752195e-11,1.4189342920385002,TRACKING
39.65408372879028,0.14394018958174187,0.043938813547115964,0.9627166322158235,0.15625,0.25,1.0,0.012309810418258127,0.20606118645288404,0.03728336778417651,0.20976842829232875,152.1771599596429,117.22328910728584,31.462272113460877,160.0,120.0,-7.822840040357107,-2.7767108927141635,-0.3530559246226731,-0.047508393905026376,-1.8961942608601756e-11,1.418934292038105,TRACKING
39.68608832359314,0.14447692862405603,0.04969795462984187,0.9632505682416628,0.15625,0.25,1.0,0.011773071375943966,0.20030204537015814,0.036749431758337225,0.203985380171356,152.25756043739094,118.80232404644478,32.530902899140195,160.0,120.0,-7.742439562609064,-1.197675953555219,-0.4121535663313124,-0.0380067151240211,-1.5169554086881405e-11,1.4189342920377888,TRACKING
39.71709084510803,0.14495779138379858,0.05497418566462742,0.9636663155738827,0.15625,0.25,1.0,0.011292208616201421,0.19502581433537258,0.036333684426117285,0.19870258895289641,151.95998630578848,119.96176522308463,33.58555853361105,160.0,120.0,-8.040013694211524,-0.038234776915373914,-0.4653496732928729,-0.03040537209921688,-1.2135643269505126e-11,1.4189342920375356,TRACKING
39.75009512901306,0.14536155687633992,0.059749834385093514,0.9639639036495349,0.15625,0.25,1.0,0.01088844312366008,0.19025016561490649,0.03603609635046512,0.1939388665284412,151.57883118665313,120.94611487852552,34.77196131344874,160.0,120.0,-8.421168813346867,0.9461148785255205,-0.5300184791554297,-0.024324297679373507,-9.7085146156041e-12,1.4189342920373331,TRACKING
39.78261661529541,0.1456950000909295,0.06395299943163078,0.9641420769027242,0.15625,0.25,1.0,0.010554999909070495,0.1860470005683692,0.03585792309727576,0.18976481521192853,151.61686527132454,122.20309913698398,35.82229906943992,160.0,120.0,-8.383134728675458,2.2030991369839796,-0.5748462736382989,-0.019459438143498806,-7.766811692483281e-12,1.4189342920371715,TRACKING
39.81361436843872,0.14597257038627612,0.06750098071588045,0.9641936934538913,0.15625,0.25,1.0,0.010277429613723882,0.18249901928411955,0.035806306546108724,0.18626220547283445,151.91528661459336,123.72330586665188,36.842563052057336,160.0,120.0,-8.084713385406644,3.7233058666518843,-0.6146986256533455,-0.015567550514799047,-6.213449353986626e-12,1.4189342920370418,TRACKING
39.84662222862244,0.14617141460315916,0.07036293637424842,0.9641118220555482,0.15625,0.25,1.0,0.010078585396840839,0.17963706362575158,0.03588817794445176,0.1834639305908831,151.73260033146812,124.88720661361668,37.84813633601012,160.0,120.0,-8.26739966853188,4.887206613616684,-0.6520799350329992,-0.012454040411839238,-4.970759483189301e-12,1.4189342920369388,TRACKING
39.87713027000427,0.14626661265293028,0.07253762298357633,0.9638976710847896,0.15625,0.25,1.0,0.009983387347069717,0.17746237701642367,0.03610232891521037,0.18137238332321426,151.33273165832537,125.52799312148268,38.86734010156088,160.0,120.0,-8.667268341674628,5.52799312148268,-0.6905478833670449,-0.009963232329471392,-3.97660758655144e-12,1.4189342920368562,TRACKING
39.908133029937744,0.14627609363577856,0.07399881948452458,0.963550463371835,0.15625,0.25,1.0,0.009973906364221435,0.17600118051547542,0.03644953662816497,0.18001239699368252,151.4582677654115,126.19414691446178,39.65470124179582,160.0,120.0,-8.541732234588494,6.194146914461783,-0.7,-0.007970585863577113,-3.1812860692411526e-12,1.4189342920367896,TRACKING
39.942644119262695,0.14622428496565607,0.07471263275351336,0.9630666173137349,0.15625,0.25,1.0,0.010025715034343935,0.17528736724648664,0.036933382686265115,0.17941641740600175,151.6844409725663,126.89937206910719,40.281023984962694,160.0,120.0,-8.315559027433693,6.899372069107187,-0.6996351216848902,-0.0063764686908616905,-2.545028855392922e-12,1.4189342920367363,TRACKING
39.97068977355957,0.14609773474255555,0.07469397056279639,0.9624529162442479,0.15625,0.25,1.0,0.010152265257444448,0.1753060294372036,0.03754708375575211,0.17956908404693908,151.4766951038478,126.86171701276635,40.816826967178876,160.0,120.0,-8.523304896152212,6.8617170127663485,-0.6915780386544201,-0.005101174952689353,-2.036023084314338e-12,1.4189342920366936,TRACKING
40.003692388534546,0.14587804268812563,0.07396283148665371,0.961717480914835,0.15625,0.25,1.0,0.010371957311874375,0.17603716851334628,0.038282519085165,0.1804500303801073,151.30985181750106,126.62609887690164,41.06108050351979,160.0,120.0,-8.690148182498945,6.6260988769016365,-0.6562877650567025,-0.004080939962151482,-1.6288184674514705e-12,1.4189342920366599,TRACKING
40.034687995910645,0.14557317238406284,0.07248527154245123,0.9608623936568684,0.15625,0.25,1.0,0.010676827615937162,0.1775147284575488,0.03913760634313157,0.1820912565104861,151.57849642429562,126.83823982845774,41.19295817140407,160.0,120.0,-8.421503575704378,6.838239828457745,-0.6172016988394633,-0.003264751969721186,-1.3030547739611764e-12,1.4189342920366332,TRACKING
40.06720209121704,0.14518180431889474,0.07021953424313412,0.95988590730676,0.15625,0.25,1.0,0.011068195681105258,0.17978046575686588,0.040114092693239956,0.1845336317747871,152.02017093018668,127.07730332196923,41.057637548351124,160.0,120.0,-7.97982906981332,7.077303321969225,-0.5569832206140796,-0.0026118015757769487,-1.042443819168941e-12,1.418934292036612,TRACKING
40.157753229141235,0.1446842394029737,0.06717333422124727,0.9587981019482392,0.15625,0.25,1.0,0.011565760597026298,0.18282666577875273,0.04120189805176078,0.1877683491460453,152.04878615344947,126.90266033677023,40.7815974020337,160.0,120.0,-7.95121384655053,6.902660336770225,-0.49212875097143316,-0.002089441260621559,-8.33955055335153e-13,1.4189342920365942,TRACKING
40.25076079368591,0.1440798358280065,0.06338810081796285,0.9576224454932254,0.15625,0.25,1.0,0.012170164171993514,0.18661189918203713,0.042377554506774606,0.19174976124698231,152.04313983274997,126.26430795425222,40.2846647075011,160.0,120.0,-7.956860167250028,6.264307954252217,-0.4136171073426381,-0.0016715530084972475,-6.671640442681224e-13,1.41893429203658,TRACKING
40.347851276397705,0.1433695089190688,0.058895727973013554,0.9563827184171632,0.15625,0.25,1.0,0.0128804910809312,0.19110427202698643,0.04361728158283684,0.19644138334405725,152.37350674211757,125.39110139401882,39.58491819116234,160.0,120.0,-7.62649325788243,5.391101394018818,-0.3246546782999445,-0.0013372424067977981,-5.337312354144979e-13,1.4189342920365693,TRACKING
40.441415786743164,0.1425514964048124,0.05372688986767999,0.9550980817841022,0.15625,0.25,1.0,0.013698503595187594,0.19627311013232002,0.04490191821589784,0.20180922927663236,152.8552793823764,124.46671590611223,38.69972731131607,160.0,120.0,-7.144720617623591,4.466715906112228,-0.22785382961127898,-0.0010697939254382385,-4.2698498833159835e-13,1.4189342920365604,TRACKING
40.530961990356445,0.14165123859167617,0.04795133040326229,0.9537996214223484,0.15625,0.25,1.0,0.014598761408323835,0.2020486695967377,0.04620037857765158,0.20777695661739579,152.88079350650366,123.11607247703446,37.83271105039011,160.0,120.0,-7.1192064934963355,3.1160724770344643,-0.14624873689671355,-0.000855835140350591,-3.415879906652787e-13,1.4189342920365533,TRACKING
40.63550281524658,0.14067422573152744,0.04164502270997919,0.9525135760688351,0.15625,0.25,1.0,0.015575774268472564,0.2083549772900208,0.04748642393116487,0.21426470022698046,152.7475157792274,121.56102526558999,36.84615815595914,160.0,120.0,-7.252484220772601,1.5610252655899899,-0.061531353272719,-0.0006846681122804728,-2.73270392532223e-13,1.418934292036548,TRACKING
40.72906160354614,0.13960217105313133,0.034841295481302825,0.9512536125955886,0.15625,0.25,1.0,0.01664782894686867,0.21515870451869717,0.048746387404411395,0.22123884971629462,152.99481012222046,120.2064503276628,35.730000054791404,160.0,120.0,-7.005189877779543,0.20645032766279314,0.027638286000663537,-0.0005477344898243782,-2.186163140257784e-13,1.4189342920365435,TRACKING
40.81660866737366,0.13844862317941456,0.0275640548016725,0.9500309380713478,0.15625,0.25,1.0,0.01780137682058544,0.2224359451983275,0.04996906192865225,0.2286734481373194,153.3584933396972,119.06639524288803,34.521277951569004,160.0,120.0,-6.6415066603028095,-0.933604757111965,0.11713575955725522,-0.0004381875918595027,-1.7489305122062275e-13,1.41893429203654,TRACKING
40.90215706825256,0.1372441638206455,0.019887275657684413,0.9488627309546763,0.15625,0.25,1.0,0.0190058361793545,0.23011272434231558,0.051137269045323674,0.23649124296373597,153.31505192080317,117.60214128287723,33.4173603125323,160.0,120.0,-6.684948079196829,-2.397858717122773,0.18547765402912447,-0.00035055007348760216,-1.399144409764982e-13,1.4189342920365373,TRACKING
40.98910069465637,0.13597929204269263,0.011933870984601972,0.9477738765027053,0.15625,0.25,1.0,0.02027070795730737,0.23806612901539803,0.05222612349729472,0.24456890922809724,153.30828945530916,115.58291519507625,32.37108202419092,160.0,120.0,-6.691710544690835,-4.417084804923746,0.2414345136721402,-0.0002804400587900817,-1.1193155278119856e-13,1.4189342920365347,TRACKING
41.088634729385376,0.13463647490706795,0.0038209667846292785,0.946776644853216,0.15625,0.25,1.0,0.021613525092932045,0.2461790332153707,0.053223355146784,0.252792378039525,153.61415996601932,113.50636069711206,31.297032840717993,160.0,120.0,-6.385840033980685,-6.493639302887942,0.2966287354806489,-0.0002243520470320654,-8.954524222495885e-14,1.4189342920365329,TRACKING
41.17936706542969,0.13324255883334127,-0.004376973682613469,0.9458944762492435,0.15625,0.25,1.0,0.023007441166658732,0.25437697368261347,0.0541055237507565,0.2610831185452364,153.92420397791255,111.57913445312283,30.29351404208437,160.0,120.0,-6.075796022087445,-8.420865546877167,0.34041716018673207,0.09230969161890856,-7.16361937799671e-14,1.418934292036531,TRACKING
41.27193760871887,0.13183573722647524,-0.012573172691564336,0.9451578613347096,0.15625,0.25,1.0,0.024414262773524764,0.2625731726915643,0.05484213866529042,0.2693480785479483,153.92702576801622,109.71784402599957,29.324662167668563,160.0,120.0,-6.072974231983778,-10.282155974000432,0.37859676941448245,0.10201005323766812,-5.730895502397367e-14,1.4189342920365302,TRACKING
41.370028018951416,0.13041313125887555,-0.0206285827423193,0.9445904001826202,0.15625,0.25,1.0,0.025836868741124452,0.2706285827423193,0.05540959981737981,0.27744836877405615,153.7890810314371,107.350480758013,28.54109985554829,160.0,120.0,-6.210918968562908,-12.649519241986994,0.39520704685295266,0.11703489212635398,-4.5847164019178945e-14,1.4189342920365293,TRACKING
41.4635705947876,0.12896351260628947,-0.02840566300337509,0.9442024252057368,0.15625,0.25,1.0,0.027286487393710535,0.2784056630033751,0.05579757479426317,0.2852501269755324,154.28251174025834,104.90632544742037,27.79716082514325,160.0,120.0,-5.717488259741657,-15.093674552579628,0.4095503220928074,0.13206827883424702,-3.6677731215343155e-14,1.4189342920365284,TRACKING
41.56012201309204,0.12751723327174982,-0.0358284204803425,0.943990729459737,0.15625,0.25,1.0,0.028732766728250175,0.2858284204803425,0.056009270540262945,0.29267814442592033,154.70863263116792,103.01411154082325,27.07686539754917,160.0,120.0,-5.291367368832084,-16.98588845917675,0.42358916070326147,0.14027330748138733,-2.9342184972274526e-14,1.4189342920365275,TRACKING
41.652127742767334,0.12611140867770587,-0.04283107955460899,0.9439456989685938,0.15625,0.25,1.0,0.030138591322294128,0.29283107955460896,0.056054301031406184,0.29966724963554076,154.81061121025914,101.25917250153512,26.523281562056862,160.0,120.0,-5.18938878974086,-18.74082749846488,0.421223943587805,0.14706412418753653,-2.3473747977819624e-14,1.4189342920365267,TRACKING
41.75051164627075,0.124743658790052,-0.049291104635550136,0.9440546261336406,0.15625,0.25,1.0,0.031506341209948,0.29929110463555014,0.05594537386635945,0.3061007999131205,154.87689728666845,99.24346212599782,26.00590373677251,160.0,120.0,-5.123102713331548,-20.756537874002177,0.41915902480263656,0.15696961018160666,-1.87789983822557e-14,1.4189342920365267,TRACKING
41.85072994232178,0.12340699686996205,-0.05507911961430214,0.9443001652111607,0.15625,0.25,1.0,0.03284300313003795,0.3050791196143021,0.05569983478883933,0.3118563830912257,155.09498323633449,97.05825038189859,25.613529430244906,160.0,120.0,-4.905016763665515,-22.94174961810141,0.40715334115448776,0.16860342351914392,-1.502319870580456e-14,1.4189342920365267,TRACKING
41.94731616973877,0.12213579164811403,-0.060129107308476516,0.9446658373905171,0.15625,0.25,1.0,0.03411420835188597,0.31012910730847654,0.05533416260948287,0.31686860362478503,155.58673910361742,95.28786274823409,25.18086390810157,160.0,120.0,-4.413260896382582,-24.71213725176591,0.40479997228750075,0.17535743347498983,-1.2018558964643648e-14,1.4189342920365267,TRACKING
42.01777648925781,0.12096146011354773,-0.0644322886111312,0.9451377595139534,0.15625,0.25,1.0,0.035288539886452266,0.3144322886111312,0.0548622404860466,0.32112740555689145,155.5563804173513,94.31211078635215,24.742036256452543,160.0,120.0,-4.443619582648694,-25.68788921364785,0.40663486192765097,0.1736557483087806,-9.61484717171492e-15,1.4189342920365267,TRACKING
42.05730128288269,0.11987384878994427,-0.06798045069146866,0.9457034437446092,0.15625,0.25,1.0,0.03637615121005573,0.31798045069146863,0.05429655625539076,0.3246273362180104,155.50621132767483,93.69308998293064,24.310908428449522,160.0,120.0,-4.4937886723251665,-26.306910017069356,0.41031372691769075,0.16927074225044791,-7.691877737371936e-15,1.4189342920365267,TRACKING
42.094303369522095,0.11887492924197893,-0.07071706356889713,0.9463405580213929,0.15625,0.25,1.0,0.03737507075802107,0.3207170635688971,0.05365944197860706,0.32731585126889073,155.80693882172886,92.87196654249378,23.96100685651343,160.0,120.0,-4.193061178271137,-27.12803345750622,0.40719361827746126,0.16854993377013677,-6.15350218989755e-15,1.4189342920365267,TRACKING
42.137298345565796,0.11800168501844543,-0.07258359308586297,0.9470287328770844,0.15625,0.25,1.0,0.038248314981554565,0.322583593085863,0.052971267122915555,0.32913380754295224,156.39951023412377,91.86677825262096,23.79223906671908,160.0,120.0,-3.600489765876233,-28.13322174737904,0.3868960855253831,0.17074762906925992,-4.9228017519180395e-15,1.4189342920365267,TRACKING
42.176846504211426,0.11727255056631394,-0.07357299878967202,0.9477567678610332,0.15625,0.25,1.0,0.03897744943368606,0.32357299878967205,0.052243232138966755,0.3300728441032716,156.25968165218046,91.38840586420363,23.622693506770723,160.0,120.0,-3.7403183478195388,-28.611594135796366,0.3719263885554993,0.1676410132566224,-3.938241401534432e-15,1.4189342920365267,TRACKING
42.206934213638306,0.11668795897009139,-0.07372333862540685,0.9485235323344287,0.15625,0.25,1.0,0.03956204102990861,0.32372333862540686,0.051476467665571346,0.33016932290047274,156.0651538527259,91.57018269906146,23.42226853681674,160.0,120.0,-3.9348461472741008,-28.429817300938538,0.3645897679378596,0.15834358966025608,-3.1505931212275457e-15,1.4189342920365267,TRACKING
42.23838448524475,0.11627324298789166,-0.07307221725800461,0.9493266322653278,0.15625,0.25,1.0,0.039976757012108344,0.3230722172580046,0.05067336773467224,0.32945650526705617,156.39235000427183,91.89561875438994,23.207655262584446,160.0,120.0,-3.607649995728167,-28.104381245610057,0.36170969865174113,0.1491611649130407,-2.5204744969820368e-15,1.4189342920365267,TRACKING
42.271950006484985,0.11604108839797235,-0.07162444608796786,0.950155684523218,0.15625,0.25,1.0,0.04020891160202765,0.32162444608796786,0.04984431547678203,0.3279382513202155,156.9550275027767,92.10715219035347,23.068156634333455,160.0,120.0,-3.0449724972233128,-27.892847809646526,0.3525101187217625,0.14276793916724234,-2.016379597585629e-15,1.4189342920365267,TRACKING
42.320064067840576,0.11595688124046537,-0.06939581638850856,0.9510058918020478,0.15625,0.25,1.0,0.04029311875953463,0.31939581638850856,0.048994108197952246,0.3256342205358099,157.28822774618962,92.61052111611258,22.97756396975693,160.0,120.0,-2.7117722538103806,-27.38947888388742,0.3406592584367315,0.13425412645804902,-1.6131036780685035e-15,1.4189342920365267,TRACKING
42.36268639564514,0.115980394889808,-0.06645596638122499,0.9518833140499614,0.15625,0.25,1.0,0.040269605110191994,0.316455966381225,0.048116685950038596,0.32261623520960697,157.3181921512342,93.64230114307571,22.843586898945517,160.0,120.0,-2.6818078487658,-26.357698856924287,0.33666309547780254,0.12117793951385762,-1.2904829424548029e-15,1.4189342920365267,TRACKING
42.3958854675293,0.11612105624762491,-0.06289353968070381,0.9527923401271388,0.15625,0.25,1.0,0.04012894375237509,0.3128935396807038,0.04720765987286124,0.3189690619029896,157.71478311973777,95.00039445515742,22.75637496423402,160.0,120.0,-2.285216880262226,-24.99960554484258,0.3291756623903688,0.1061871840189026,-1.0323863539638423e-15,1.4189342920365267,TRACKING
42.42747688293457,0.11640354493452988,-0.05875314817606981,0.9537240601342825,0.15625,0.25,1.0,0.03984645506547012,0.3087531481760698,0.04627593986571754,0.31473434687109403,158.08525874706783,96.19264683774685,22.710935127661536,160.0,120.0,-1.9147412529321741,-23.80735316225315,0.31912607889146066,0.09477114696245388,-8.259090831710739e-16,1.4189342920365267,TRACKING
42.45556354522705,0.11680432604785966,-0.05406726610993311,0.9546697253799732,0.15625,0.25,1.0,0.03944567395214034,0.3040672661099331,0.04533027462002681,0.3099478945084714,158.38102777421713,97.18683619770928,22.902981074404558,160.0,120.0,-1.6189722257828691,-22.813163802290717,0.2848535803736679,0.08672081149844109,-6.607272665368592e-16,1.4189342920365267,TRACKING
42.48658299446106,0.11728378774136543,-0.04891790857436227,0.955631732784577,0.15625,0.25,1.0,0.03896621225863457,0.2989179085743623,0.044368267215422974,0.30469464205980873,158.19677770289934,98.8152980512161,22.955224498747484,160.0,120.0,-1.8032222971006604,-21.184701948783896,0.2717211819365633,0.07240277665983613,-5.285818132294875e-16,1.4189342920365267,TRACKING
42.51663637161255,0.11785013620198823,-0.04340517962824292,0.9566116118329991,0.15625,0.25,1.0,0.038399863798011774,0.2934051796282429,0.04338838816700086,0.29907139816458156,158.30290550688457,100.62994373329047,23.138480534171215,160.0,120.0,-1.6970944931154293,-19.370056266709526,0.24620234929764506,0.057410673039470644,-4.228654505835899e-16,1.4189342920365267,TRACKING
42.60659837722778,0.11852682257969277,-0.03758469787074101,0.9576000918175116,0.15625,0.25,1.0,0.03772317742030723,0.28758469787074104,0.0423999081824884,0.2931309413521077,158.69079574500233,101.99964935498353,23.414559828748153,160.0,120.0,-1.3092042549976668,-18.000350645016468,0.21412685056521588,0.04864048993113148,-3.38292360466872e-16,1.4189342920365267,TRACKING
42.700241565704346,0.11929101536849648,-0.03149369024725262,0.9585874415243139,0.15625,0.25,1.0,0.036958984631503516,0.2814936902472526,0.041412558475686145,0.286914036243454,158.52867192785504,103.36356564458208,23.678084055464865,160.0,120.0,-1.4713280721449564,-16.63643435541792,0.18793755310400728,0.04043236612207956,-2.706338883734976e-16,1.4189342920365267,TRACKING
42.794862031936646,0.12010651041511526,-0.025200431437838428,0.9595725772967643,0.15625,0.25,1.0,0.03614348958488474,0.27520043143783846,0.04042742270323574,0.28049243449578315,158.50310635759797,104.81856750113168,24.081102402928384,160.0,120.0,-1.4968936424020285,-15.181432498868318,0.14954600284853037,0.03161518733236029,-2.165071106987981e-16,1.4189342920365267,TRACKING
42.88747978210449,0.12098550494694876,-0.018776475472793135,0.9605523774296374,0.15625,0.25,1.0,0.03526449505305124,0.26877647547279315,0.039447622570362606,0.2739351990989428,158.66023904210664,106.34679398865063,24.378137227644416,160.0,120.0,-1.3397609578933611,-13.653206011349369,0.12786059205507322,0.022423442068601057,-1.732056885590385e-16,1.4189342920365267,TRACKING
42.98134398460388,0.12195487704549073,-0.012247955197191672,0.9615173324073313,0.15625,0.25,1.0,0.034295122954509275,0.2622479551971917,0.03848266759266872,0.26726589974895976,158.95415537736932,107.4504160926229,24.854500059174924,160.0,120.0,-1.045844622630682,-12.549583907377098,0.08838414848543681,0.018332743056655658,-1.3856455084723082e-16,1.4189342920365267,TRACKING
43.072386503219604,0.12299452641472754,-0.005629577512219741,0.9624610300247238,0.15625,0.25,1.0,0.03325547358527246,0.25562957751221976,0.03753896997527617,0.26050255601291405,158.96899402507523,108.34710967834454,25.39916731370174,160.0,120.0,-1.031005974924767,-11.652890321655462,0.045832019318027134,0.016321295143910904,-1.1085164067778465e-16,1.4189342920365267,TRACKING
43.16250705718994,0.12406888796458683,0.0010144377006241442,0.9633828781409677,0.15625,0.25,1.0,0.03218111203541317,0.24898556229937585,0.03661712185903232,0.253712924027554,158.73655082821296,109.66118952822865,25.980845758758427,160.0,120.0,-1.2634491717870446,-10.338810471771353,0.003839794101171745,0.009305875225419084,-8.868131254222773e-17,1.4189342920365267,TRACKING
43.264126777648926,0.12518912339708413,0.007602246288781445,0.9642801315955203,0.15625,0.25,1.0,0.03106087660291587,0.24239775371121855,0.035719868404479715,0.24697643219226298,158.82875803833844,111.1904863891494,26.60304246856529,160.0,120.0,-1.1712419616615648,-8.809513610850601,-0.03835567718677904,0.0001251659236794142,-7.094505003378218e-17,1.4189342920365267,TRACKING
43.357704401016235,0.12638096838802035,0.01409584563204264,0.965144947242451,0.15625,0.25,1.0,0.02986903161197965,0.23590415436795736,0.034855052757548965,0.24032853305471247,159.09758402130672,112.42075371398226,27.311152847945124,160.0,120.0,-0.9024159786932842,-7.579246286017735,-0.0860725794440455,-0.0053369159021910695,-5.675604002702575e-17,1.4189342920365267,TRACKING
43.46234393119812,0.12762325752506498,0.020468992097339253,0.9659529382053037,0.15625,0.25,1.0,0.02862674247493502,0.22953100790266073,0.0340470617946963,0.23380157482444258,159.00692097737476,113.44369560256503,28.009167686125267,160.0,120.0,-0.9930790226252384,-6.556304397434971,-0.12807419239939224,-0.08056727866766472,-4.5404832021620604e-17,1.4189342920365267,TRACKING
43.58635354042053,0.1288789195687664,0.026646961218832546,0.9666804065613318,0.15625,0.25,1.0,0.027371080431233596,0.22335303878116747,0.033319593438668194,0.22747736433252627,158.72935749149477,114.83106762323465,28.855338916940894,160.0,120.0,-1.270642508505233,-5.168932376765355,-0.18312547132757787,-0.0644538229341318,-3.632386561729648e-17,1.4189342920365267,TRACKING
43.70218014717102,0.13014855611810613,0.03253916884353302,0.9673175439280287,0.15625,0.25,1.0,0.026101443881893865,0.21746083115646697,0.03268245607197129,0.221446701025049,158.727957338954,116.60815049807127,29.641324910269397,160.0,120.0,-1.2720426610459867,-3.391849501928732,-0.2263609835347751,-0.05156305834730543,-2.905909249383719e-17,1.4189342920365267,TRACKING
43.81399059295654,0.13143693328506795,0.03810084591640412,0.9678591797365961,0.15625,0.25,1.0,0.024813066714932053,0.2118991540835959,0.032140820263403924,0.2157544254664261,158.85282314922637,118.1389024837805,30.544935074731747,160.0,120.0,-1.1471768507736329,-1.8610975162195018,-0.2796016775865966,-0.041250446677844346,-2.3247273995069756e-17,1.4189342920365267,TRACKING
43.90745711326599,0.1327055403713679,0.043316295161839775,0.9683085139509345,0.15625,0.25,1.0,0.02354445962863211,0.20668370483816023,0.031691486049065465,0.21042063994016874,158.54874346374518,119.14931485847589,31.44712333354878,160.0,120.0,-1.4512565362548173,-0.8506851415241101,-0.328360534928144,-0.03300035734227548,-1.8597819196055804e-17,1.4189342920365267,TRACKING
43.94256353378296,0.1339054357251474,0.04814441348085959,0.9686688259712426,0.15625,0.25,1.0,0.022344564274852596,0.2018555865191404,0.0313311740287574,0.20549111861012262,158.00686483102422,120.44905355937652,32.382954232968814,160.0,120.0,-1.9931351689757832,0.449053559376523,-0.3774441858325164,-0.026400285873820387,-1.4878255356844646e-17,1.4189342920365267,TRACKING
43.987669706344604,0.13503402870491363,0.05252939271363259,0.9689393096980069,0.15625,0.25,1.0,0.021215971295086372,0.1974706072863674,0.0310606903019931,0.20102120450857164,157.92056702908175,121.69413319616311,33.29560241848296,160.0,120.0,-2.0794329709182477,1.6941331961631079,-0.42067009543727596,-0.02112022869905631,-1.1902604285475716e-17,1.4189342920365267,TRACKING
44.0222110748291,0.1361027658981613,0.05645799257813951,0.969122161522545,0.15625,0.25,1.0,0.02014723410183869,0.1935420074218605,0.030877838477454955,0.19702248751824647,157.86791812945,122.55885411900994,34.210629502311775,160.0,120.0,-2.132081870549996,2.5588541190099363,-0.4619053212512634,-0.01689618295924505,-9.522083428380573e-18,1.4189342920365267,TRACKING
44.066762924194336,0.1370769040408746,0.059927727808651104,0.9692201655281696,0.15625,0.25,1.0,0.01917309595912539,0.1900722721913489,0.030779834471830414,0.19350058003725296,157.4438930304804,123.20565363011525,35.159071423206754,160.0,120.0,-2.5561069695195897,3.2056536301152505,-0.5050344702732518,-0.01351694636739604,-7.61766674270446e-18,1.4189342920365267,TRACKING
44.093796253204346,0.13790671655702255,0.06288775431151178,0.9692283972786534,0.15625,0.25,1.0,0.01834328344297745,0.18711224568848822,0.030771602721346603,0.19051078727489154,156.79007847396267,124.28890557246554,36.09083825095109,160.0,120.0,-3.209921526037334,4.288905572465538,-0.5443126075228653,-0.010813557093916832,-6.094133394163568e-18,1.4189342920365267,TRACKING
44.126331090927124,0.13858870762750586,0.06526985848394903,0.9691402872487204,0.15625,0.25,1.0,0.017661292372494142,0.18473014151605097,0.030859712751279633,0.18812088747371575,156.56823850807575,125.5002886221026,36.916849542988814,160.0,120.0,-3.4317614919242487,5.500288622102602,-0.5704340162247676,-0.008650845675133466,-4.875306715330854e-18,1.4189342920365267,TRACKING
44.155874490737915,0.13913459129405695,0.06704987669309144,0.9689509069001678,0.15625,0.25,1.0,0.017115408705943053,0.18295012330690857,0.03104909309983217,0.18635377918224938,156.6178306772219,126.23504287475242,37.639767815735695,160.0,120.0,-3.382169322778111,6.235042874752423,-0.5855874226738371,-0.006920676540106774,-3.9002453722646836e-18,1.4189342920365267,TRACKING
44.1966118812561,0.1395233066027433,0.06822819396214928,0.9686628121297196,0.15625,0.25,1.0,0.016726693397256687,0.1817718060378507,0.03133718787028039,0.1852101268448491,156.15488202393448,126.74138947137227,38.31644646182,160.0,120.0,-3.8451179760655236,6.741389471372273,-0.597600985481445,-0.005536541232085419,-3.120196297811747e-18,1.4189342920365267,TRACKING
44.23566508293152,0.13973674152988064,0.06878076226858569,0.9682550085156347,0.15625,0.25,1.0,0.016513258470119363,0.1812192377314143,0.03174499148436527,0.1847182836472834,155.59681665662185,127.37832954799354,38.88800621733388,160.0,120.0,-4.403183343378146,7.378329547993545,-0.600196294284348,-0.08546788585446412,-2.496157038249398e-18,1.4189342920365267,TRACKING
44.27471709251404,0.13979868233118992,0.06867444503159817,0.9677007931432066,0.15625,0.25,1.0,0.016451317668810084,0.18132555496840183,0.03229920685679344,0.1849130647120883,155.53953376259523,128.01800130336377,39.24871874311029,160.0,120.0,-4.460466237404773,8.018001303363775,-0.5827007393306178,-0.08216350554904842,-1.9969256305995186e-18,1.4189342920365267,TRACKING
44.313756227493286,0.13973815806854925,0.06791802130073152,0.9669950627370597,0.15625,0.25,1.0,0.01651184193145075,0.18208197869926848,0.03300493726294029,0.185784320583683,155.56888618518886,128.07648737672747,39.457037094215536,160.0,120.0,-4.431113814811141,8.07648737672747,-0.554191614319833,-0.07372301100643344,-1.5975405044796149e-18,1.4189342920365267,TRACKING
44.34678316116333,0.13953755661350042,0.0665306662567632,0.9661411647836698,0.15625,0.25,1.0,0.016712443386499576,0.18346933374323682,0.03385883521633015,0.1873145026695498,155.39914384874191,127.81578353681621,39.504815848605816,160.0,120.0,-4.6008561512580854,7.8157835368162125,-0.5148942158562084,-0.06351845839212163,-1.278032403583692e-18,1.4189342920365267,TRACKING
44.38379168510437,0.1391653563870276,0.0644947995249378,0.965143808846373,0.15625,0.25,1.0,0.017084643612972406,0.1855052004750622,0.034856191153627036,0.18952313450450706,154.9355589191627,127.8190669771532,39.458157309650424,160.0,120.0,-5.064441080837298,7.819066977153199,-0.47323265896999467,-0.05801529807548006,-1.0224259228669538e-18,1.4189342920365267,TRACKING
44.41783022880554,0.13863650824704649,0.06178996810772805,0.9640133971556588,0.15625,0.25,1.0,0.017613491752953514,0.18821003189227195,0.03598660284434119,0.19242735455464155,155.03920994662568,127.63910091735173,39.157135480337715,160.0,120.0,-4.960790053374325,7.639100917351726,-0.4111389878263878,-0.05160308929928831,-8.1794073829356295e-19,1.4189342920365267,TRACKING
44.459957122802734,0.13797936893476112,0.05843630007221338,0.9627900541077594,0.15625,0.25,1.0,0.01827063106523888,0.19156369992778663,0.03720994589224058,0.1959975692779087,155.31690034470122,127.14127314022393,38.77558452675809,160.0,120.0,-4.683099655298776,7.14127314022393,-0.350353742013272,0.03561781112857673,-6.543525906348503e-19,1.4189342920365267,TRACKING
44.494956970214844,0.1371822233907232,0.05447002925681336,0.9615198287686467,0.15625,0.25,1.0,0.019067776609276804,0.19552997074318665,0.03848017123135328,0.20019059204080242,155.206364404964,126.33222938135552,38.223726995920586,160.0,120.0,-4.793635595035994,6.332229381355518,-0.2800144133502915,0.02849424890286139,-5.2348207250788035e-19,1.4189342920365267,TRACKING
44.54317259788513,0.1362295763699581,0.0499162706131471,0.9602352398136713,0.15625,0.25,1.0,0.02002042363004189,0.2000837293868529,0.039764760186328685,0.20497695548610811,155.0800154643008,125.37264007688499,37.54300422001684,160.0,120.0,-4.9199845356992,5.372640076884991,-0.2054728133056385,0.022795399122289114,-4.1878565800630435e-19,1.4189342920365267,TRACKING
44.59217119216919,0.1351573250633805,0.044821524915641946,0.9589648140090894,0.15625,0.25,1.0,0.02109267493661951,0.20517847508435805,0.041035185990910605,0.2103021494498643,155.36722687918808,124.11488717729458,36.73219487710519,160.0,120.0,-4.632773120811919,4.114887177294577,-0.1265307956471058,0.01823631929783129,-3.3502852640504347e-19,1.4189342920365267,TRACKING
44.63268780708313,0.13400754035892584,0.03924308534803338,0.9577301105464238,0.15625,0.25,1.0,0.022242459641074158,0.2107569146519666,0.04226988945357624,0.21610170670061518,155.8362598799195,122.69601760762428,35.80575912861447,160.0,120.0,-4.16374012008049,2.6960176076242846,-0.044774483976158685,0.014589055438265035,-2.680228211240348e-19,1.4189342920365267,TRACKING
44.66569137573242,0.13276964845961334,0.033229878670072675,0.9565464304187362,0.15625,0.25,1.0,0.023480351540386663,0.21677012132992732,0.043453569581263785,0.22232594342362585,155.94731113996525,121.28018434839817,34.947660822515424,160.0,120.0,-4.052688860034749,1.2801843483981656,0.019475489540644986,0.01167124435061203,-2.1441825689922787e-19,1.4189342920365267,TRACKING
44.708714723587036,0.1314285112248294,0.02685611305718607,0.9554263885857485,0.15625,0.25,1.0,0.024821488775170597,0.22314388694281392,0.044573611414251535,0.2289019602787882,155.68612501319421,119.71267631449592,34.02895942355104,160.0,120.0,-4.313874986805786,-0.2873236855040773,0.08365758227912579,0.009336995480489624,-1.715346055193823e-19,1.4189342920365267,TRACKING
44.742239475250244,0.13001983494283212,0.020206307008389265,0.9543831834019976,0.15625,0.25,1.0,0.02623016505716788,0.22979369299161073,0.04561681659800243,0.23574150430966692,155.85744060916218,117.89937470574071,33.043480874758856,160.0,120.0,-4.1425593908378175,-2.100625294259288,0.14889985161340988,0.007469596384391699,-1.3722768441550585e-19,1.4189342920365267,TRACKING
44.77224135398865,0.12858209080812202,0.01333813169653418,0.953422714614796,0.15625,0.25,1.0,0.027667909191877976,0.2366618683034658,0.046577285385204004,0.24278343564129687,156.37371289131676,116.30573117775002,32.12638478386425,160.0,120.0,-3.6262871086832433,-3.694268822249981,0.20034685812943254,0.00597567710751336,-1.097821475324047e-19,1.4189342920365267,TRACKING
44.80224323272705,0.12710757361470787,0.006316547059280279,0.9525457926041809,0.15625,0.25,1.0,0.02914242638529213,0.24368345294071972,0.04745420739581907,0.2499656137397693,156.40753129927776,114.71466726688028,31.215176995498094,160.0,120.0,-3.592468700722236,-5.285332733119716,0.24726582375583286,0.0047805416860106885,-8.782571802592376e-20,1.4189342920365267,TRACKING
44.83476758003235,0.1255931569075151,-0.0007459892174378868,0.9517761637331439,0.15625,0.25,1.0,0.030656843092484898,0.2507459892174379,0.04822383626685611,0.2571749045325404,156.33598909453053,112.68172122347218,30.312680560684598,160.0,120.0,-3.6640109054694676,-7.318278776527819,0.29020552144832856,0.08420352857767244,-7.026057442073901e-20,1.4189342920365267,TRACKING
44.866764545440674,0.12408657055736728,-0.007739936520669952,0.9511425217487133,0.15625,0.25,1.0,0.032163429442632716,0.25773993652066995,0.04885747825128672,0.26429418126827,156.39339291144483,110.51811879525692,29.49389769128825,160.0,120.0,-3.6066070885551653,-9.481881204743075,0.32151557803238234,0.09783481174385267,-5.620845953659121e-20,1.4189342920365267,TRACKING
44.896764039993286,0.12263424235436982,-0.014610048916676279,0.9506529061785417,0.15625,0.25,1.0,0.033615757645630184,0.2646100489166763,0.0493470938214583,0.271263032531894,156.87567151792743,108.80097704601856,28.719814798928425,160.0,120.0,-3.1243284820725705,-11.19902295398144,0.34729764595271656,0.10581951404523135,-4.4966767629272965e-20,1.4189342920365267,TRACKING
44.92927861213684,0.12122980991461915,-0.021304239490001646,0.9503113042138858,0.15625,0.25,1.0,0.03502019008538085,0.27130423949000165,0.049688695786114234,0.278031240273084,156.91918648665282,107.38872132258786,27.98620370835377,160.0,120.0,-3.080813513347181,-12.611278677412145,0.36881713309592074,0.11043265763968196,-3.5973414103418374e-20,1.4189342920365267,TRACKING
44.96127939224243,0.11986708373425266,-0.027721669598951806,0.9501201457983904,0.15625,0.25,1.0,0.03638291626574734,0.2777216695989518,0.049879854201609564,0.2845013922918542,156.87468450367786,105.71173906537058,27.272893811034198,160.0,120.0,-3.125315496322145,-14.28826093462942,0.3888983270385884,0.11832532002447646,-2.87787312827347e-20,1.4189342920365267,TRACKING
44.9932804107666,0.11859048858018292,-0.033765270384348,0.9500752354364181,0.15625,0.25,1.0,0.03765951141981708,0.283765270384348,0.04992476456358186,0.2905743443482417,157.0935449273906,103.88763039249088,26.736091838378282,160.0,120.0,-2.90645507260939,-16.112369607509123,0.3902228654965627,0.12779262213345355,-2.302298502618776e-20,1.4189342920365267,TRACKING
45.02580666542053,0.11744269683576115,-0.03939378990480743,0.950167085809841,0.15625,0.25,1.0,0.038807303164238846,0.2893937899048074,0.049832914190159006,0.29620616426913315,157.5858042028039,102.6086251756513,26.163689473235678,160.0,120.0,-2.4141957971961006,-17.391374824348702,0.3990202339515454,0.1310515104786009,-1.8418388020950208e-20,1.4189342920365267,TRACKING
45.05681133270264,0.11641321865816542,-0.04457023160753648,0.9503836513334429,0.15625,0.25,1.0,0.039836781341834576,0.2945702316075365,0.049616348666557064,0.3013641859146441,157.73077273182253,101.52060636417335,25.624183516032144,160.0,120.0,-2.269227268177474,-18.479393635826654,0.4063871268639417,0.13273337525126655,-1.4734710416760168e-20,1.4189342920365267,TRACKING
45.08932161331177,0.11549150025984238,-0.049209387236104137,0.9507113730534874,0.15625,0.25,1.0,0.04075849974015762,0.29920938723610413,0.04928862694651259,0.30596875895676967,157.82500227568465,100.11339413671267,25.273504643849847,160.0,120.0,-2.1749977243153467,-19.88660586328733,0.3949463147889091,0.13858202533213074,-1.1787768333408134e-20,1.4189342920365267,TRACKING
45.122326612472534,0.11471751916948614,-0.05322942444043281,0.951135609392723,0.15625,0.25,1.0,0.04153248083051386,0.3032294244404328,0.048864390607276986,0.30993670237620086,158.06125147919502,98.67370618886324,24.959847796944786,160.0,120.0,-1.9387485208049782,-21.326293811136765,0.38410935480816427,0.14490758160093098,-9.430214666726509e-21,1.4189342920365267,TRACKING
45.152835845947266,0.11413022157868971,-0.0566036761953572,0.9516440156469957,0.15625,0.25,1.0,0.04211977842131029,0.3066036761953572,0.048355984353004255,0.3132382339586209,158.56481346147677,97.7379090227611,24.60385988835713,160.0,120.0,-1.4351865385232259,-22.2620909772389,0.382367997448018,0.1457533401486419,-7.544171733381208e-21,1.4189342920365267,TRACKING
45.18584060668945,0.1137158042206551,-0.05931048781729312,0.9522237914116444,0.15625,0.25,1.0,0.042534195779344905,0.3093104878172931,0.04777620858835563,0.315855507774434,158.5421287499599,97.03603658623027,24.2939212237273,160.0,120.0,-1.4578712500401139,-22.963963413769733,0.37831852144552947,0.1447184877759462,-6.035337386704967e-21,1.4189342920365267,TRACKING
45.21484303474426,0.11345900380937177,-0.06128915595028138,0.9528562457301233,0.15625,0.25,1.0,0.04279099619062823,0.3112891559502814,0.047143754269876714,0.31773344415387483,158.4755320334212,96.0922516008739,24.092322904309462,160.0,120.0,-1.5244679665788112,-23.907748399126106,0.3651360607012466,0.14719099510587672,-4.828269909363974e-21,1.4189342920365267,TRACKING
45.249356746673584,0.1133939852951561,-0.06249081890167312,0.9535290471538282,0.15625,0.25,1.0,0.0428560147048439,0.31249081890167313,0.046470952846171754,0.31882079504425553,158.65909582172378,95.18496354056803,23.95917847453211,160.0,120.0,-1.3409041782762188,-24.815036459431965,0.34834813547993915,0.1496332793129263,-3.862615927491179e-21,1.4189342920365267,TRACKING
45.2813823223114,0.11355462058645262,-0.06292142245628049,0.954237875867734,0.15625,0.25,1.0,0.04269537941354738,0.3129214224562805,0.04576212413226599,0.31911891836809936,158.95341228412045,94.77022630136922,23.79105061843122,160.0,120.0,-1.0465877158795536,-25.22977369863078,0.33976095337430584,0.14700893754868732,-3.0900927419929435e-21,1.4189342920365267,TRACKING
45.32587218284607,0.11392177540350924,-0.06259627701097893,0.9549777242907311,0.15625,0.25,1.0,0.04232822459649076,0.3125962770109789,0.045022275709268866,0.3186457536334935,158.78883801031304,94.77270672723765,23.60947947561921,160.0,120.0,-1.211161989686957,-25.227293272762353,0.335571062136809,0.14070719925190653,-2.472074193594355e-21,1.4189342920365267,TRACKING
45.357385873794556,0.11447173629925397,-0.06151444748972839,0.9557427231734174,0.15625,0.25,1.0,0.04177826370074603,0.3115144474897284,0.04425727682658265,0.3174041286196268,158.51274470670347,94.85225937270448,23.486988838107564,160.0,120.0,-1.4872552932965277,-25.14774062729552,0.32688494665391477,0.13481702501218001,-1.977659354875484e-21,1.4189342920365267,TRACKING
45.39038586616516,0.1152238697507136,-0.05970916719317747,0.956531074503352,0.15625,0.25,1.0,0.041026130249286405,0.3097091671931775,0.04346892549664805,0.31542425254021944,158.50828405935727,95.2539685922579,23.484127354755266,160.0,120.0,-1.4917159406427345,-24.746031407742095,0.3074189492951658,0.12649360932333648,-1.5821274839003873e-21,1.4189342920365267,TRACKING
45.421387910842896,0.11620093133411967,-0.05722850791494756,0.9573399014866899,0.15625,0.25,1.0,0.04004906866588033,0.30722850791494755,0.042660098513310096,0.3127509679950083,158.5053846385822,95.86507958496765,23.482267390576276,160.0,120.0,-1.4946153614178002,-24.134920415032354,0.2917542119480569,0.11716671384583743,-1.26570198712031e-21,1.4189342920365267,TRACKING
45.452900886535645,0.11738077270045674,-0.05409163223486164,0.9581667172603672,0.15625,0.25,1.0,0.03886922729954326,0.30409163223486163,0.04183328273963283,0.30940678914804043,158.15350001507844,96.43730173022897,23.490369708415592,160.0,120.0,-1.8464999849215644,-23.562698269771033,0.278121658689976,0.10957214156166277,-1.012561589696248e-21,1.4189342920365267,TRACKING
45.484902143478394,0.11873065963058974,-0.05033514150185174,0.95900853564407,0.15625,0.25,1.0,0.037519340369410265,0.30033514150185175,0.04099146435593004,0.30543280484050245,157.87134788577754,97.26549154701212,23.571732082168133,160.0,120.0,-2.1286521142224615,-22.734508452987882,0.25896842560753763,0.10016056850895202,-8.100492717569985e-22,1.4189342920365267,TRACKING
45.516905307769775,0.12024098429954529,-0.04603436777086788,0.959872595315856,0.15625,0.25,1.0,0.03600901570045471,0.2960343677708679,0.040127404684144,0.3009039792357325,157.7413761257554,98.47896522699342,23.623038149704453,160.0,120.0,-2.2586238742445914,-21.521034773006576,0.24643659756029263,0.08764043497060586,-6.480394174055988e-22,1.4189342920365267,TRACKING
45.548415184020996,0.12188624560252376,-0.04125098344461371,0.9607574961132312,0.15625,0.25,1.0,0.03436375439747624,0.2912509834446137,0.039242503886768754,0.2958850741167046,157.62387369927032,99.8202885028924,23.65562272363846,160.0,120.0,-2.3761263007296805,-20.179711497107604,0.23814505563448105,0.075107762538117,-5.184315339244791e-22,1.4189342920365267,TRACKING
45.57741379737854,0.12361009933556104,-0.03601545396656,0.961659576559419,0.15625,0.25,1.0,0.03263990066443896,0.28601545396656003,0.03834042344058097,0.2904138273097287,157.40422548509213,100.93791660708025,23.838092102518317,160.0,120.0,-2.5957745149078733,-19.062083392919746,0.21452660888334746,0.06630899689184559,-4.1474522713958334e-22,1.4189342920365267,TRACKING
45.6094126701355,0.12536563099773573,-0.030380687949325153,0.9625777501581538,0.15625,0.25,1.0,0.030884369002264267,0.28038068794932514,0.03742224984184617,0.2845480613302969,157.07221616980206,102.1918956267555,24.185107633513127,160.0,120.0,-2.9277838301979386,-17.808104373244504,0.17595830602383003,0.056747904390886506,-3.317961817116667e-22,1.4189342920365267,TRACKING
45.64195203781128,0.12715510981662784,-0.024426868413531356,0.9635111093081016,0.15625,0.25,1.0,0.029094890183372163,0.27442686841353137,0.036488890691898423,0.2783667686451913,156.96600941906274,103.73929781596041,24.486551307913903,160.0,120.0,-3.0339905809372567,-16.260702184039587,0.14776948858646538,0.044726785143416006,-2.6543694536933336e-22,1.4189342920365267,TRACKING
45.67292928695679,0.12899478955096436,-0.01820489084257931,0.9644527292439651,0.15625,0.25,1.0,0.027255210449035644,0.2682048908425793,0.03554727075603492,0.2719196911345406,156.94528054255682,104.98435637029127,24.91945973945678,160.0,120.0,-3.054719457443184,-15.015643629708734,0.1084105690672813,0.03701217866170189,-2.123495562954667e-22,1.4189342920365267,TRACKING
45.70492911338806,0.13085337074596415,-0.011755116991912404,0.9653958875727876,0.15625,0.25,1.0,0.025396629254035852,0.2617551169919124,0.0346041124272124,0.26525115390096204,156.43943235266192,106.21483164068933,25.3547162249035,160.0,120.0,-3.5605676473380754,-13.785168359310674,0.07363056200468447,0.029859362870055826,-1.6987964503637337e-22,1.4189342920365267,TRACKING
45.736446142196655,0.1326830830852074,-0.0051671875394204685,0.9663406535020209,0.15625,0.25,1.0,0.023566916914792596,0.25516718753942047,0.03365934649797908,0.2584543378941772,155.86959480486502,107.92265867863068,25.87237596336257,160.0,120.0,-4.130405195134983,-12.077341321369317,0.03354707726969906,0.017766260992023532,-1.3590371602909868e-22,1.4189342920365267,TRACKING
45.76944351196289,0.13448321125105547,0.0014511069143503326,0.9672827087667268,0.15625,0.25,1.0,0.021766788748944527,0.24854889308564967,0.03271729123327316,0.25163617882209566,155.7001983236017,109.89515584496736,26.44377539043738,160.0,120.0,-4.299801676398289,-10.104844155032637,-0.008151425874742754,0.003619311127942823,-1.0872297282327896e-22,1.4189342920365267,TRACKING
45.80144453048706,0.13626875389399676,0.008036490449342905,0.9682077515556011,0.15625,0.25,1.0,0.019981246106003242,0.2419635095506571,0.031792248444398874,0.2448598317633376,155.50206189373955,111.64947138589869,27.05802902743542,160.0,120.0,-4.497938106260449,-8.350528614101307,-0.05030112504923673,-0.007110009646761582,-8.697837825862316e-23,1.4189342920365267,TRACKING
45.83295941352844,0.13800987158701497,0.014546774636288059,0.9690828967518358,0.15625,0.25,1.0,0.01824012841298503,0.23545322536371194,0.030917103248164213,0.23817386693748485,154.89379094504204,113.29597765937906,27.6888566012925,160.0,120.0,-5.106209054957958,-6.704022340620938,-0.09017362598865879,-0.08974999576602911,-6.958270260689854e-23,1.4189342920365267,TRACKING
45.86495923995972,0.13966382763587865,0.02091398922538453,0.9698820059560456,0.15625,0.25,1.0,0.016586172364121354,0.22908601077461546,0.030117994043954432,0.23165188324628672,154.10422690114257,114.94140014229268,28.394715046607946,160.0,120.0,-5.895773098857433,-5.058599857707321,-0.1348758711862414,-0.0717999966128233,-5.566616208551883e-23,1.4189342920365267,TRACKING
45.89695930480957,0.141234340274176,0.02706950138202993,0.9705939106911519,0.15625,0.25,1.0,0.015015659725823999,0.22293049861797007,0.029406089308848138,0.2253623645143493,153.63532637368212,116.59842818941407,29.24013802629736,160.0,120.0,-6.364673626317881,-3.401571810585935,-0.19118199140452516,-0.05743999729025864,-4.4532929668415066e-23,1.4189342920365267,TRACKING
45.92947244644165,0.1427387989979896,0.03298900285013006,0.9712140262099218,0.15625,0.25,1.0,0.013511201002010392,0.21701099714986993,0.02878597379007819,0.21932842434016767,153.5180807036844,117.81286939062402,30.053391295615015,160.0,120.0,-6.481919296315596,-2.187130609375984,-0.23854827481741556,-0.04595199783220692,-3.562634373473206e-23,1.4189342920365267,TRACKING
45.958473682403564,0.14414863217055338,0.03865927390124805,0.9717436731480708,0.15625,0.25,1.0,0.012101367829446624,0.21134072609875196,0.028256326851929248,0.21356442966574354,152.82476744152572,118.99633995742124,30.97750162150767,160.0,120.0,-7.175232558474278,-1.0036600425787583,-0.29452789335803653,-0.036761598265765534,-2.850107498778565e-23,1.4189342920365267,TRACKING
45.990472078323364,0.14541935179379342,0.044018485343804765,0.9721857242854651,0.15625,0.25,1.0,0.010830648206206578,0.20598151465619524,0.027814275714534875,0.20813294129990845,151.96669728669875,120.33232174747029,31.89201629751026,160.0,120.0,-8.033302713301254,0.33232174747028864,-0.34470756681407244,-0.02940927861261243,-2.280085999022852e-23,1.4189342920365267,TRACKING
46.02248525619507,0.14655203896792685,0.04898681249162294,0.9725411366740695,0.15625,0.25,1.0,0.009697961032073155,0.20101318750837704,0.027458863325930505,0.203111647070299,151.46535885158858,121.94765090526487,32.89555899883821,160.0,120.0,-8.534641148411424,1.9476509052648652,-0.4012062415422948,-0.023527422890089945,-1.8240687992182818e-23,1.4189342920365267,TRACKING
46.05399799346924,0.14756271675727764,0.053527145054974454,0.9728104861361428,0.15625,0.25,1.0,0.00868728324272236,0.19647285494502553,0.02718951386385715,0.19853544087779695,151.19982135778062,123.21143283573662,33.941392791078336,160.0,120.0,-8.800178642219379,3.211432835736616,-0.4581581241981493,-0.01882193831207196,-1.4592550393746254e-23,1.4189342920365267,TRACKING
46.086002588272095,0.14842152433968694,0.057615098281430306,0.9729910074726288,0.15625,0.25,1.0,0.007828475660313056,0.1923849017185697,0.02700899252737121,0.1944292187860956,150.54931518748904,124.259246071012,34.93611052202563,160.0,120.0,-9.450684812510957,4.259246071012001,-0.5053256912159751,-0.015057550649657568,-1.1674040314997005e-23,1.4189342920365267,TRACKING
46.11752128601074,0.1490839679292277,0.06119313438099283,0.9730783192624962,0.15625,0.25,1.0,0.0071660320707722935,0.18880686561900717,0.026921680737503784,0.19085114988976423,149.5968986218679,125.4837443211578,36.013517348655036,160.0,120.0,-10.403101378132106,5.4837443211578005,-0.5592674098441273,-0.012046040519726057,0.19193722042653738,1.422932984128746,TRACKING
46.14971661567688,0.14955319103566564,0.06420522363141302,0.973067643200747,0.15625,0.25,1.0,0.006696808964334361,0.185794776368587,0.026932356799252988,0.18785605664689203,149.21298410421412,126.71443380875257,37.059942511366984,160.0,120.0,-10.787015895785885,6.714433808752574,-0.6064988825070828,-0.009636832415780845,0.18403997729273935,1.4267671503223447,TRACKING
46.1787166595459,0.1498487378015973,0.06664374328604958,0.9729313334393792,0.15625,0.25,1.0,0.006401262198402702,0.18335625671395042,0.02706866656062079,0.1854540529167666,149.11448184303214,127.52014445737862,37.94724243280358,160.0,120.0,-10.885518156967862,7.5201444573786205,-0.6338188348018463,-0.0903057192228332,0.1733201343185172,1.4303779864539807,TRACKING
46.20971751213074,0.14995117888559165,0.06851152552276825,0.9726475580451917,0.15625,0.25,1.0,0.006298821114408354,0.18148847447723176,0.02735244195480835,0.18364612055906673,148.73534001681855,128.06166185994257,38.74880961684479,160.0,120.0,-11.264659983181446,8.061661859942575,-0.6523009760469095,-0.08508570726902441,0.1701436900016321,1.4339226466623476,TRACKING
46.24123501777649,0.14983413766420273,0.06976180836544656,0.9721984169327791,0.15625,0.25,1.0,0.006415862335797273,0.18023819163455346,0.027801583067220914,0.18248259378431,148.37961361957463,129.02433237571074,39.509614816012586,160.0,120.0,-11.620386380425373,9.024332375710742,-0.668140469422401,-0.08603175368502057,0.16802358899261438,1.4374231380996942,TRACKING
46.275238037109375,0.14951747771784016,0.0703304014208236,0.9715650782649233,0.15625,0.25,1.0,0.006732522282159842,0.17966959857917641,0.028434921735076668,0.18203031693638866,148.64248020648327,130.02392456471978,40.10970269437303,160.0,120.0,-11.35751979351673,10.023924564719778,-0.6681695040507063,-0.08807656183503389,0.15571485202158414,1.4406671975168104,TRACKING
46.305235385894775,0.14903516321629728,0.07019487782026504,0.9707399098696752,0.15625,0.25,1.0,0.007214836783702716,0.17980512217973496,0.029260090130324823,0.18231316108915346,149.33047147869655,130.64141842922606,40.46434244927948,160.0,120.0,-10.669528521303448,10.641418429226064,-0.6449522466997173,-0.08643198793084764,0.1374328621803449,1.4435303821455676,TRACKING
46.33775877952576,0.1483781176731172,0.06935426484239791,0.9697234715940852,0.15625,0.25,1.0,0.007871882326882795,0.18064573515760207,0.03027652840591477,0.1833344384841892,149.73477029782268,130.94947355370397,40.70952084184856,160.0,120.0,-10.265229702177322,10.949473553703967,-0.6166231387939535,-0.08228369602198429,0.12649341570433167,1.4461656616394079,TRACKING
46.36826992034912,0.1475267272814547,0.0677903460229504,0.9685201892087529,0.15625,0.25,1.0,0.00872327271854531,0.18220965397704958,0.031479810791247065,0.185114645495193,150.05318663108474,131.10893942611852,40.6458750172333,160.0,120.0,-9.946813368915258,11.108939426118525,-0.5611495537361169,-0.07761544107383597,0.11841671804467922,1.4486326765986721,TRACKING
46.401268005371094,0.1465082004064443,0.0654907658533885,0.967143956510231,0.15625,0.25,1.0,0.0097417995935557,0.1845092341466115,0.032856043489769005,0.18766480687249726,150.92171578041993,131.00784523391064,40.49195525869921,160.0,120.0,-9.07828421958007,11.007845233910643,-0.506232539105415,-0.07116519612192754,-0.0664050021406838,1.4472492390540745,TRACKING
46.433785915374756,0.14536137650661013,0.062480475458307635,0.9656226813305304,0.15625,0.25,1.0,0.01088862349338987,0.18751952454169235,0.03437731866946958,0.1909553200223168,152.01054409028077,130.3326781373935,40.09639597918964,160.0,120.0,-7.989455909719226,10.332678137393486,-0.4342061906460565,-0.05960709641854667,-0.053124001712547046,1.4461424890183965,TRACKING
46.46477913856506,0.144078200979029,0.05878839789897204,0.9639830100821277,0.15625,0.25,1.0,0.012171799020971014,0.19121160210102794,0.03601698991787228,0.19495448964359055,152.6737367458407,129.4300251978751,39.48154128234729,160.0,120.0,-7.326263254159301,9.430025197875096,-0.3492989692641979,-0.04724316064173773,-0.04249920137003764,1.4452570889898535,TRACKING
46.49777889251709,0.1426390420957602,0.05442078625773219,0.9622454707946471,0.15625,0.25,1.0,0.013610957904239801,0.1955792137422678,0.03775452920535294,0.19965443020036522,153.17126476126128,128.618766943194,38.769081507292825,160.0,120.0,-6.828735238738716,8.618766943194004,-0.2661569615367005,-0.03752839844752835,-0.03399936109603011,1.4445487689670191,TRACKING
46.528300523757935,0.14107296618052875,0.04939916496367521,0.9604461002881087,0.15625,0.25,1.0,0.015177033819471247,0.20060083503632478,0.03955389971189127,0.2050257260815006,153.89174583139211,127.44311915211418,37.931585566410256,160.0,120.0,-6.1082541686078855,7.443119152114178,-0.18067709358973894,-0.02501072355059043,-0.027199488876824093,1.4439821129487518,TRACKING
46.55932331085205,0.13942142205884517,0.043785997618446176,0.9586473663711033,0.15625,0.25,1.0,0.016828577941154832,0.20621400238155382,0.04135263362889674,0.21099160201720532,154.711265497192,125.8455351545627,37.02828376147721,160.0,120.0,-5.288734502808012,5.845535154562697,-0.0990736320451486,0.05491882062414373,-0.021759591101459277,1.443528788134138,TRACKING
46.591301918029785,0.13768065466481103,0.037651447455308365,0.9569003494526523,0.15625,0.25,1.0,0.018569345335188975,0.21234855254469165,0.04309965054734766,0.2174725459254723,155.14197497795993,124.09716941418645,36.024256217726304,160.0,120.0,-4.858025022040067,4.097169414186453,-0.01620661257510786,0.043935056499314985,-0.017407672881167423,1.4431661282824475,TRACKING
46.624861001968384,0.13583857247218517,0.031035055187939416,0.9552326235932901,0.15625,0.25,1.0,0.02041142752781483,0.21896494481206058,0.04476737640670991,0.2244245784681616,155.35714427034193,122.43805750386475,34.94070855812366,160.0,120.0,-4.642855729658066,2.438057503864755,0.06600554475940518,0.035148045199451985,-0.013926138304933939,1.4428760004010943,TRACKING
46.65588021278381,0.13393438889382747,0.02398340345157022,0.9536642130317129,0.15625,0.25,1.0,0.022315611106172528,0.2260165965484298,0.04633578696828711,0.23179407578354563,155.86915702035117,120.84475248371326,33.89421050174522,160.0,120.0,-4.130842979648833,0.8447524837132647,0.135217958603768,0.02811843615956159,-0.011140910643947151,1.4426438980960121,TRACKING
46.68587517738342,0.1320210369141828,0.016592556855764808,0.9522114916483739,0.15625,0.25,1.0,0.024228963085817207,0.2334074431442352,0.04778850835162607,0.23947822176101255,156.49193723168528,118.74051100467241,32.785045038414665,160.0,120.0,-3.5080627683147156,-1.2594889953275867,0.20491959217115402,0.022494748927649275,-0.008912728515157722,1.4424582162519464,TRACKING
46.71888303756714,0.13010286358574255,0.008970990455885536,0.9508867984589295,0.15625,0.25,1.0,0.02614713641425745,0.24102900954411446,0.04911320154107046,0.24736766714770225,156.81112425186495,116.48178572054195,31.80119629004522,160.0,120.0,-3.1888757481350467,-3.51821427945805,0.2544346485357247,0.017995799142119424,-0.007130182812126178,1.4423096707766936,TRACKING
46.74943399429321,0.12817130911912858,0.00118684930221482,0.9496906150646381,0.15625,0.25,1.0,0.02807869088087142,0.24881315069778517,0.050309384935361856,0.2553966151974546,156.97621834305792,114.59970628109642,30.76822565142612,160.0,120.0,-3.0237816569420772,-5.400293718903583,0.30642546219587835,0.01439663931369554,-0.005704146249700942,1.4421908343964915,TRACKING
46.78243350982666,0.12626787917960466,-0.006695312537232983,0.9486174779362999,0.15625,0.25,1.0,0.029982120820395336,0.256695312537233,0.05138252206370009,0.26349871844299955,157.50954192298764,112.81480908271266,29.790002000270242,160.0,120.0,-2.490458077012363,-7.185190917287343,0.3491281943959471,0.01151731145095643,-0.004563316999760755,1.44209576529233,TRACKING
46.815438747406006,0.1244474102972845,-0.014563225986521077,0.9476906456651004,0.15625,0.25,1.0,0.0318025897027155,0.2645632259865211,0.05230935433489958,0.2715536297071508,158.20391114276424,110.61311207930034,28.842904509861935,160.0,120.0,-1.796088857235759,-9.386887920699664,0.38665804094251477,0.11231316815644979,-0.003650653599808604,1.442019710009001,TRACKING
46.84594917297363,0.12271516724761704,-0.022292806840208776,0.946938414885447,0.15625,0.25,1.0,0.03353483275238296,0.2722928068402088,0.053061585114552945,0.27943423104465653,158.58101712682998,108.33519124754132,28.06284812504429,160.0,120.0,-1.4189828731700231,-11.664808752458683,0.4046364050075909,0.12347434558795443,-0.0029205228798468833,1.441958865782338,TRACKING
46.87894654273987,0.1210618487787997,-0.02981360273577066,0.9463681969214246,0.15625,0.25,1.0,0.035188151221200295,0.27981360273577066,0.0536318030785754,0.28707181778049345,158.55266113243948,106.55917947142433,27.322815487974346,160.0,120.0,-1.4473388675605179,-13.44082052857567,0.4200048359551825,0.12897874716780228,-0.002336418303877507,1.441910190401007,TRACKING
46.90994596481323,0.11952796537109375,-0.03707408622382677,0.9459770146086088,0.15625,0.25,1.0,0.03672203462890625,0.2870740862238268,0.054022985391391165,0.2944121630624832,158.88422973608567,104.96735459587894,26.61259143116648,160.0,120.0,-1.115770263914328,-15.032645404121055,0.43414720989944516,0.13298729310184298,-0.0018691346431020058,1.441871250095942,TRACKING
46.94200325012207,0.11816711537422825,-0.04397547660110041,0.9457592643148384,0.15625,0.25,1.0,0.03808288462577175,0.2939754766011004,0.054240735685161634,0.30135352055672343,159.2747493284557,103.20214970424026,25.93090804781192,160.0,120.0,-0.7252506715443019,-16.797850295759744,0.4472418301604306,0.1395575931617503,-0.001495307714481605,1.4418400978518902,TRACKING
46.975006341934204,0.11698214618070599,-0.050408223746336855,0.9457053991821815,0.15625,0.25,1.0,0.03926785381929401,0.30040822374633686,0.05429460081781845,0.3077904626787011,159.434555538838,101.28606268251201,25.36205596365221,160.0,120.0,-0.5654444611620022,-18.71393731748799,0.4498747708027165,0.14808912642249522,-0.001196246171585284,1.4418151760566484,TRACKING
47.00600600242615,0.11596114257727781,-0.056315833406016286,0.945801189326069,0.15625,0.25,1.0,0.04028885742272219,0.3063158334060163,0.05419881067393095,0.3136719510987863,159.3823085123541,99.82709522361327,24.865732456391026,160.0,120.0,-0.6176914876459136,-20.17290477638673,0.4478543930084081,0.15165006960259797,-0.0009569969372682271,1.4417952386204558,TRACKING
47.03753614425659,0.11513811724682371,-0.0616575162493642,0.9460297874648901,0.15625,0.25,1.0,0.04111188275317629,0.3116575162493642,0.05397021253510992,0.3189567026718808,159.59850053303018,98.57511189534863,24.382639865422476,160.0,120.0,-0.40149946696982397,-21.424888104651373,0.44823313888227323,0.15356283528253956,-0.0007655975498145817,1.4417792886715013,TRACKING
47.06953263282776,0.11455486582292915,-0.06634440823936895,0.9463714307572788,0.15625,0.25,1.0,0.04169513417707085,0.31634440823936893,0.05362856924272119,0.32355570197012723,159.9140253464696,96.97382273197661,24.066300522509962,160.0,120.0,-0.08597465353039979,-23.02617726802339,0.43327477058548025,0.16007724163299805,-0.0006124780398516654,1.4417665287123373,TRACKING
47.18767547607422,0.11420237628128065,-0.07027683683656367,0.9468073365881404,0.15625,0.25,1.0,0.042047623718719354,0.32027683683656366,0.053192663411859575,0.3273754943719417,159.94411647520525,95.32048477578479,23.863009108399787,160.0,120.0,-0.05588352479475134,-24.67951522421521,0.4108836929083321,0.16732828435426006,-0.0004899824318813323,1.4417563207450064,TRACKING
47.322269439697266,0.1140570448078069,-0.07340984050873066,0.9473208898251353,0.15625,0.25,1.0,0.0421929551921931,0.3234098405087307,0.05267911017486471,0.3303774493735136,159.7886757088834,94.15831510426011,23.578091826679344,160.0,120.0,-0.2113242911165969,-25.84168489573989,0.4035196426642127,0.16925001333118472,-0.00039198594550506587,1.4417481543711421,TRACKING
47.423362255096436,0.11413891871857579,-0.0757247882609999,0.9478973665359667,0.15625,0.25,1.0,0.04211108128142421,0.32572478826099993,0.05210263346403332,0.3325427269814382,160.03763921077422,93.22790481776907,23.38719920150173,160.0,120.0,0.03763921077421628,-26.772095182230927,0.38911086683947205,0.16930722813266924,-0.0003135887564040527,1.4417416212720502,TRACKING
47.53144598007202,0.1144704282635751,-0.07718476661937398,0.9485230584487706,0.15625,0.25,1.0,0.041779571736424895,0.327184766619374,0.051476941551229394,0.3338342098013953,160.19946548700324,92.35850457136924,23.18723541588213,160.0,120.0,0.19946548700323774,-27.641495428630762,0.3799342502933366,0.1695357824628053,-0.00025087100512324217,1.4417363947927768,TRACKING
47.63999056816101,0.11501904120755145,-0.07776739383912425,0.9491900133761557,0.15625,0.25,1.0,0.04123095879244855,0.32776739383912423,0.05080998662384428,0.33423511360680136,160.07947785341736,91.73250383198571,23.055080000151268,160.0,120.0,0.0794778534173588,-28.26749616801429,0.366411727802205,0.16784223823405148,-0.00020069680409859374,1.4417322136093578,TRACKING
47.74655508995056,0.11573718394561804,-0.07750421961139092,0.9498992944764076,0.15625,0.25,1.0,0.040512816054381964,0.3275042196113909,0.05010070552359236,0.3337819390288877,159.80811430955526,91.95439210871064,22.822714345984554,160.0,120.0,-0.19188569044473525,-28.045607891289364,0.3677223023765437,0.15774858916855888,-0.000160557443278875,1.441728868662623,TRACKING
47.86010003089905,0.1166267420073805,-0.07644429106952248,0.9506487098127198,0.15625,0.25,1.0,0.039623257992619496,0.3264442910695225,0.04935129018728024,0.33252282265880934,159.63961603705076,92.44515612493437,22.671808850036445,160.0,120.0,-0.3603839629492427,-27.55484387506563,0.36129007592634166,0.146517120457005,-0.0001284459546231,1.441726192705235,TRACKING
47.96266055107117,0.11770327844051891,-0.07459189110633127,0.9514243649373286,0.15625,0.25,1.0,0.03854672155948109,0.32459189110633124,0.048575635062671374,0.330462309252826,159.94075042408298,92.63935148120734,22.642760576132087,160.0,120.0,-0.05924957591702196,-27.360648518792658,0.34357699581332546,0.14033939092134934,-0.00010275676369848001,1.4417240519393246,TRACKING
48.05524754524231,0.11893337019917846,-0.07194006839382533,0.9522155104793661,0.15625,0.25,1.0,0.03731662980082154,0.32194006839382533,0.047784489520633855,0.32759929172063246,159.78648777565394,92.94057846278477,22.62581582452858,160.0,120.0,-0.21351222434606143,-27.05942153721523,0.3282566958470079,0.13404363086498064,-8.220541095878403e-05,1.4417223393265965,TRACKING
48.164798736572266,0.1202692328728872,-0.06853211089681294,0.9530250791324785,0.15625,0.25,1.0,0.0359807671271128,0.31853211089681294,0.04697492086752153,0.3239814261125859,159.33621705417505,93.6613760008101,22.636072583306856,160.0,120.0,-0.6637829458249485,-26.338623999189906,0.31307794027449504,0.1241226148084537,-6.576432876702722e-05,1.441720969236414,TRACKING
48.269888401031494,0.12171176052420755,-0.06443013362795394,0.9538539608278159,0.15625,0.25,1.0,0.034538239475792445,0.3144301336279539,0.04614603917218407,0.3196696042019962,159.2185410852138,94.65489440052656,22.696627892803022,160.0,120.0,-0.7814589147862137,-25.34510559947344,0.29523976053477663,0.11252968675580122,-5.2611463013621775e-05,1.441719873164268,TRACKING
48.36598300933838,0.12327271029665036,-0.05966857473052993,0.9546978233319791,0.15625,0.25,1.0,0.032977289703349635,0.30966857473052994,0.045302176668020944,0.31469733876008077,159.1990303125667,95.45126157579637,22.749645364819035,160.0,120.0,-0.8009696874333088,-24.548738424203634,0.28138805980681,0.10450999672911157,-4.208917041089742e-05,1.4417189963065509,TRACKING
48.47254753112793,0.12491138147366207,-0.054291811780376224,0.9555577838652285,0.15625,0.25,1.0,0.03133861852633793,0.30429181178037623,0.044442216134771506,0.309112805141898,159.1049792917914,96.35493577744145,22.928142728556935,160.0,120.0,-0.895020708208591,-23.645064222558545,0.25590692502581747,0.09618565262407403,-3.367133632871794e-05,1.4417182948203777,TRACKING
48.618119955062866,0.12657188259664523,-0.04838943297501343,0.9564450484173209,0.15625,0.25,1.0,0.02967811740335477,0.2983894329750134,0.04355495158267908,0.30300837970446765,158.86378326207654,97.8187232394678,23.13025076230102,160.0,120.0,-1.136216737923462,-22.1812767605322,0.23163286274816663,0.08254589867868187,-2.693706906297435e-05,1.4417177336314388,TRACKING
48.71269989013672,0.12824725483701577,-0.04205980768829224,0.9573648797271943,0.15625,0.25,1.0,0.028002745162984233,0.29205980768829226,0.04263512027280569,0.2964807556727112,158.70178275926577,99.55469436712868,23.337052617230285,160.0,120.0,-1.2982172407342318,-20.445305632871325,0.21027408748133447,0.0673028064212914,-2.1549655250379485e-05,1.441717284680288,TRACKING
48.82979869842529,0.1299449195583138,-0.03535633565689926,0.9583080622946334,0.15625,0.25,1.0,0.026305080441686196,0.2853563356568993,0.04169193770536661,0.2895831715176224,158.71672550494853,100.98130672498617,23.622413859707986,160.0,120.0,-1.2832744950514723,-19.01869327501383,0.1829565147554485,0.056914816236697016,-1.723972420030359e-05,1.4417169255193674,TRACKING
48.92934799194336,0.13162421614526462,-0.028321341729298056,0.9592659798029057,0.15625,0.25,1.0,0.024625783854735378,0.27832134172929807,0.04073402019709427,0.2823622830582621,158.27190719223023,102.29905695180742,23.974967911703256,160.0,120.0,-1.7280928077697695,-17.700943048192585,0.15159277177333175,0.04849236516686694,-1.3791779360242872e-05,1.4417166381906306,TRACKING
49.0173659324646,0.13322928341889903,-0.021046727973943562,0.9602389084650944,0.15625,0.25,1.0,0.02302071658110097,0.2710467279739436,0.03976109153490559,0.2749131254366286,157.80104616298675,104.03600727319143,24.435700768888857,160.0,120.0,-2.1989538370132493,-15.96399272680857,0.1119395086033924,0.03594225223113567,-1.1033423488194298e-05,1.4417164083276415,TRACKING
49.10690212249756,0.13475212218630825,-0.013641287626125237,0.9612248231373332,0.15625,0.25,1.0,0.02149787781369175,0.26364128762612526,0.03877517686266685,0.26734322814012856,157.56124702254294,106.00847285806759,24.893121328482593,160.0,120.0,-2.4387529774570567,-13.991527141932409,0.07736208293791226,0.02172321477725986,-8.826738790555438e-06,1.4417162244372497,TRACKING
49.217461824417114,0.1361993486616109,-0.006169269741171514,0.9622119138962216,0.15625,0.25,1.0,0.020050651338389097,0.2561692697411715,0.03778808610377837,0.25971650473199676,157.5398105646529,107.75550735774394,25.495101865375258,160.0,120.0,-2.460189435347104,-12.244492642256063,0.030336393026351743,0.011015876113800727,-7.061391032444352e-06,1.4417160773249362,TRACKING
49.31559777259827,0.13753069102273988,0.001319614463151397,0.9631849320980005,0.15625,0.25,1.0,0.018719308977260124,0.2486803855368486,0.03681506790199951,0.2520866833134401,157.07985864803024,109.36032683758727,26.135985047180196,160.0,120.0,-2.920141351969761,-10.639673162412734,-0.01584733836233751,0.0024105518594960892,-5.649112825955481e-06,1.4417159596350855,TRACKING
49.41067099571228,0.13869280456967967,0.008753826940208088,0.9641342042205239,0.15625,0.25,1.0,0.017557195430320333,0.2412461730597919,0.03586579577947613,0.24452878446978102,156.33732300769427,111.06077494443173,26.804606272641006,160.0,120.0,-3.662676992305734,-8.939225055568272,-0.06038161902665001,-0.0069951131536998,-4.519290260764385e-06,1.4417158654832054,TRACKING
49.52778601646423,0.13968187410293018,0.016074523608625223,0.9650470505826884,0.15625,0.25,1.0,0.016568125897069824,0.2339254763913748,0.03495294941731164,0.23710196113411197,156.21297943742314,112.61734757069215,27.60466302634385,160.0,120.0,-3.7870205625768563,-7.3826524293078535,-0.115383884193785,-0.014498156900449193,-3.6154322086115083e-06,1.4417157901617008,TRACKING
49.63933491706848,0.14051356575195886,0.02323480485292534,0.9658958280989633,0.15625,0.25,1.0,0.015736434248041137,0.22676519514707466,0.03410417190103665,0.22985470113528078,156.10696995952037,114.1322100640163,28.462240352041714,160.0,120.0,-3.89303004047963,-5.867789935983694,-0.1714168935524562,-0.08591722664205843,-2.8923457668892067e-06,1.4417157299044971,TRACKING
49.73391246795654,0.1411702869684775,0.03016314966488803,0.9666578830744211,0.15625,0.25,1.0,0.015079713031522501,0.21983685033511197,0.03334211692557887,0.22286169538854017,155.65525129888354,115.68800258164967,29.323868170355436,160.0,120.0,-4.344748701116458,-4.31199741835033,-0.222699187393731,-0.06873378131364674,-2.313876613511366e-06,1.4417156816987342,TRACKING
49.826910734176636,0.1416324710934883,0.03678878315211915,0.9673216215913015,0.15625,0.25,1.0,0.01461752890651169,0.21321121684788086,0.03267837840869847,0.2161956788571614,155.03757868851258,117.43397345236428,30.296142629517654,160.0,120.0,-4.962421311487418,-2.5660265476357154,-0.2821267116418088,-0.0549870250509174,-1.8511012908090926e-06,1.441715643134124,TRACKING
49.91846299171448,0.14193045429148204,0.043079482465694804,0.9678841676570272,0.15625,0.25,1.0,0.014319545708517956,0.20692051753430518,0.03211583234297277,0.20988705689738224,154.9217108460195,118.73001708546744,31.280145106342236,160.0,120.0,-5.078289153980506,-1.2699829145325623,-0.337785844629059,-0.04398962004073392,-1.480881032647274e-06,1.4417156122824357,TRACKING
50.01503586769104,0.1420994741633046,0.049006849464058824,0.9683458324346393,0.15625,0.25,1.0,0.014150525836695405,0.2009931505359412,0.03165416756536066,0.2039619333799188,154.9711312454693,119.75977683736535,32.32322858120742,160.0,120.0,-5.028868754530691,-0.24022316263464916,-0.3958064239375701,-0.03519169603258714,-1.1847048261178195e-06,1.4417155876010854,TRACKING
50.10556697845459,0.14211771155291128,0.05449908718666069,0.9687048549278734,0.15625,0.25,1.0,0.01413228844708872,0.1955009128133393,0.03129514507212661,0.1984936134808525,154.6536550483246,121.21146969038124,33.402167249965,160.0,120.0,-5.346344951675405,1.2114696903812359,-0.45353308238560547,-0.02815335682606971,-9.477638608942556e-07,1.4417155678560052,TRACKING
50.20310068130493,0.14195010890180873,0.05947582608349295,0.968955708118278,0.15625,0.25,1.0,0.01429989109819127,0.19052417391650706,0.031044291881721975,0.193565740229063,154.16526503311997,122.88323624357201,34.521354772657915,160.0,120.0,-5.834734966880035,2.8832362435720142,-0.5117668016953076,-0.02252268546085577,-7.582110887154044e-07,1.4417155520599412,TRACKING
50.299680948257446,0.14161224986808202,0.0638954928574287,0.9690925973492369,0.15625,0.25,1.0,0.014637750131917981,0.18610450714257132,0.030907402650763083,0.18922055608818045,154.2198627622506,124.24886285092434,35.608279482232525,160.0,120.0,-5.780137237749386,4.24886285092434,-0.5625811072952931,-0.01801814836868462,-6.065688709723236e-07,1.4417155394230896,TRACKING
50.38829040527344,0.14114178544694608,0.06773135355424562,0.9691153003787802,0.15625,0.25,1.0,0.015108214553053917,0.18226864644575438,0.030884699621219758,0.18548310514664534,154.57217562700586,125.31859907941919,36.6562503081655,160.0,120.0,-5.427824372994138,5.318599079419187,-0.6064859805511683,-0.014414518694947696,-4.852550967778588e-07,1.4417155293136084,TRACKING
50.49084973335266,0.1405413667871781,0.07093262204979686,0.9690224204855763,0.15625,0.25,1.0,0.0157086332128219,0.17906737795020314,0.030977579514423703,0.1824047626460129,154.53691659896006,126.63208863868302,37.75516053203364,160.0,120.0,-5.463083401039938,6.632088638683015,-0.6546406996265518,-0.011531614955958155,-3.882040774222871e-07,1.4417155212260235,TRACKING
50.573389291763306,0.13980521780926158,0.07345184486631219,0.968786004917552,0.15625,0.25,1.0,0.016444782190738416,0.17654815513368782,0.031213995082448043,0.18003887200106708,154.38257199171662,127.79548743692129,38.71772621777011,160.0,120.0,-5.617428008283383,7.795487436921292,-0.6856135270908137,-0.0948457289802854,-3.105632619378297e-07,1.4417155147559555,TRACKING
50.671937465667725,0.13897703527441752,0.07528029861105243,0.9683794608196845,0.15625,0.25,1.0,0.017272964725582485,0.17471970138894757,0.03162053918031549,0.17839615428004071,154.87769019671543,128.45672518971173,39.583530250779084,160.0,120.0,-5.1223098032845655,8.456725189711733,-0.7,-0.0902850413195545,-2.4845060955026375e-07,1.4417155095799012,TRACKING
50.76948404312134,0.1381047594745251,0.07641130458966,0.9677903628146615,0.15625,0.25,1.0,0.018145240525474893,0.17358869541034,0.032209637185338535,0.17748167695737574,155.50837857171268,128.8415674182345,40.370214539105035,160.0,120.0,-4.491621428287317,8.84156741823449,-0.7,-0.084206881622821,-1.9876048764021101e-07,1.441715505439058,TRACKING
50.865028858184814,0.1371798743621959,0.07679624411377911,0.9670037735495928,0.15625,0.25,1.0,0.01907012563780411,0.1732037558862209,0.03299622645040723,0.1773470092922398,155.8774278831367,129.56404610456727,40.933778145181456,160.0,120.0,-4.122572116863296,9.564046104567268,-0.7,-0.08340549966986008,-1.5900839011216884e-07,1.4417155021263834,TRACKING
50.95857048034668,0.13618105919437312,0.07637831987310793,0.9660045771489191,0.15625,0.25,1.0,0.020068940805626878,0.17362168012689205,0.033995422851080925,0.17805319140629963,155.92190359400956,130.41411455659176,41.37483184722439,160.0,120.0,-4.078096405990436,10.414114556591755,-0.6951792705696945,-0.08482802716314368,-1.272067120897351e-07,1.4417154994762438,TRACKING
51.05578804016113,0.13513602632552368,0.0751381332801819,0.9647918781890662,0.15625,0.25,1.0,0.021113973674476316,0.1748618667198181,0.0352081218109338,0.17961649188902298,156.48221081633082,130.86380489391354,41.51941069733892,160.0,120.0,-3.51778918366918,10.863804893913539,-0.6519311548291306,-0.08234779227897498,-1.0176536967178808e-07,1.4417154973561317,TRACKING
51.15035033226013,0.13408618696380478,0.07310196308131305,0.9633822519114348,0.15625,0.25,1.0,0.022163813036195218,0.17689803691868694,0.036617748088565216,0.18200277346531335,157.3058923223631,130.4308106444227,41.41514342726932,160.0,120.0,-2.6941076776369073,10.430810644422706,-0.5905237179508958,-0.07108100146902643,-8.141229573743046e-08,1.4417154956600422,TRACKING
51.283896923065186,0.13302804061493215,0.07030456097424807,0.9618060334051688,0.15625,0.25,1.0,0.023221959385067853,0.1796954390257519,0.03819396659483121,0.18517151316708125,157.62767827613757,129.63916311882593,41.11448720202926,160.0,120.0,-2.3723217238624272,9.639163118825934,-0.518711612369763,-0.057731448943137406,-6.512983658994438e-08,1.4417154943031711,TRACKING
51.40760135650635,0.1319435745558418,0.06673344219986002,0.9600837934897518,0.15625,0.25,1.0,0.024306425444158203,0.18326655780013998,0.03991620651024819,0.18913153377465444,157.7278273052707,129.05842782899467,40.73316721537664,160.0,120.0,-2.2721726947293064,9.058427828994667,-0.45013912580225224,-0.0486426494134536,-5.21038692719555e-08,1.4417154932176741,TRACKING
51.52316904067993,0.1308545235116089,0.06236026784472357,0.9582322143862007,0.15625,0.25,1.0,0.025395476488391105,0.18763973215527643,0.041767785613799346,0.193902416757648,158.31983610047672,128.6000134587196,40.02566719524384,160.0,120.0,-1.6801638995232793,8.600013458719587,-0.35614496889859143,-0.04218276054048671,-4.1683095417564403e-08,1.4417154923492763,TRACKING
51.64427208900452,0.1297893721002515,0.057202225496859285,0.9562826622729651,0.15625,0.25,1.0,0.026460627899748512,0.19279777450314073,0.0437173377270349,0.199455138565424,159.00405587986063,127.72733937560913,39.14181585616875,160.0,120.0,-0.9959441201393702,7.727339375609134,-0.2562810657769847,-0.03204468375671918,-3.334647633405152e-08,1.4417154916545583,TRACKING
51.77781939506531,0.1287382910146005,0.05132919102492796,0.954300982031222,0.15625,0.25,1.0,0.027511708985399508,0.19867080897507206,0.045699017968777955,0.20570703613006913,159.37967565906763,126.08028211453168,38.14745774944181,160.0,120.0,-0.6203243409323704,6.080282114531684,-0.15784832728269763,0.05215280270908995,-2.6677181067241224e-08,1.4417154910987833,TRACKING
51.906376361846924,0.12768833561865242,0.04481942070722343,0.952348451497827,0.15625,0.25,1.0,0.02856166438134758,0.20518057929277655,0.04765154850217301,0.2125688332418632,159.46316262199747,124.19571631817118,37.023214175320774,160.0,120.0,-0.5368373780025308,4.195716318171179,-0.05762043448551865,0.04172224216727196,-2.134174485379298e-08,1.4417154906541638,TRACKING
52.001930236816406,0.12666652653207516,0.03771795898657836,0.9504624253305236,0.15625,0.25,1.0,0.029583473467924837,0.21228204101342163,0.04953757466947639,0.21998367699305643,159.88319986933743,122.37364543164037,35.89364565621925,160.0,120.0,-0.11680013066256834,2.3736454316403695,0.031026913619890212,0.03337779373381757,-1.7073395883034382e-08,1.441715490298468,TRACKING
52.12448310852051,0.12570196770280628,0.03008750320097503,0.9486712713608353,0.15625,0.25,1.0,0.030548032297193717,0.21991249679902497,0.05132872863916471,0.22788007132990934,160.41357042410252,120.52753254020979,34.694171144438016,160.0,120.0,0.41357042410251665,0.5275325402097906,0.11766726171951924,0.02670223498705406,-1.3658716706427507e-08,1.4417154900139115,TRACKING
52.22891855239868,0.1247821848940179,0.022047685080161677,0.9470046254447881,0.15625,0.25,1.0,0.031467815105982094,0.22795231491983833,0.05299537455521186,0.2361376526289372,160.5758398186354,118.23982531983754,33.51669052244917,160.0,120.0,0.5758398186353872,-1.7601746801624643,0.1929169449029026,0.021361787989643246,-1.0926973365142006e-08,1.441715489786266,TRACKING
52.344046115875244,0.1238916721236021,0.013725012239621694,0.9454776264864428,0.15625,0.25,1.0,0.032358327876397905,0.2362749877603783,0.054522373513557154,0.24463364535091084,160.51187446487666,115.81603317115123,32.43340495378874,160.0,120.0,0.5118744648766551,-4.183966828848767,0.2508280488414139,0.017089430391714597,-8.741578692113605e-09,1.4417154896041495,TRACKING
52.4717173576355,0.12305893179369418,0.005188044463193258,0.9440904827752696,0.15625,0.25,1.0,0.033191068206305824,0.24481195553680674,0.055909517224730365,0.2532990617802078,160.69785359504093,113.78158580685377,31.292708607993685,160.0,120.0,0.6978535950409253,-6.218414193146231,0.31115845585649693,0.01367154431337168,-6.9932629536908845e-09,1.4417154894584563,TRACKING
52.59028649330139,0.12231842142224647,-0.0035051940103901363,0.9428598243402387,0.15625,0.25,1.0,0.03393157857775353,0.2535051940103901,0.05714017565976126,0.26207104969731426,160.8036048367766,111.90274169669615,30.242869752758153,160.0,120.0,0.8036048367766,-8.097258303303846,0.35724978844457417,0.0998721224819846,-5.5946103629527076e-09,1.4417154893419024,TRACKING
52.6958384513855,0.12166307633259094,-0.012241703551109253,0.9418143701987373,0.15625,0.25,1.0,0.034586923667409064,0.26224170355110926,0.05818562980126274,0.2708367292032834,160.65675476499854,109.7077350905234,29.262175947202955,160.0,120.0,0.6567547649985386,-10.2922649094766,0.3937413099474234,0.11142867398808032,-4.475688290362167e-09,1.4417154892486588,TRACKING
52.85093092918396,0.12108198263972272,-0.02088195713554204,0.9409765216549504,0.15625,0.25,1.0,0.035168017360277276,0.27088195713554203,0.05902347834504962,0.279459469588316,160.26499103059865,107.34037448852771,28.378274740132603,160.0,120.0,0.2649910305986509,-12.659625511472285,0.41897797127798336,0.12457902596940373,-3.5805506322897337e-09,1.4417154891740642,TRACKING
52.98447942733765,0.12059140786950852,-0.02931936017075708,0.940354290048769,0.15625,0.25,1.0,0.03565859213049148,0.2793193601707571,0.059645709951230974,0.2878340683006726,160.3472441698891,105.18686841754302,27.550355319062263,160.0,120.0,0.3472441698891089,-14.813131582456975,0.43909584511712263,0.13492055250735446,-2.864440505831787e-09,1.4417154891143884,TRACKING
53.10602164268494,0.12019145967267623,-0.03745430731727971,0.939941012292606,0.15625,0.25,1.0,0.036058540327323765,0.2874543073172797,0.06005898770739404,0.2958669956758124,160.55339044260566,103.03214028317055,26.831084057213467,160.0,120.0,0.5533904426056608,-16.96785971682945,0.44883871593495767,0.1451812432989935,-2.2915524046654297e-09,1.441715489066648,TRACKING
53.22760009765625,0.11985684386269098,-0.045140938842805844,0.9397311316971426,0.15625,0.25,1.0,0.03639315613730902,0.29514093884280584,0.06026886830285738,0.3034221021632316,160.3597037876937,100.57089118406086,26.218194596905548,160.0,120.0,0.3597037876936895,-19.429108815939145,0.4497744260098972,0.1587315853181766,-1.8332419237323436e-09,1.4417154890284554,TRACKING
53.34975075721741,0.11958300882758678,-0.052240067607518245,0.9397090650957364,0.15625,0.25,1.0,0.03666699117241322,0.30224006760751826,0.06029093490426363,0.3103683674936368,160.0432770664931,98.10332910179287,25.732176257580893,160.0,120.0,0.04327706649308993,-21.896670898207134,0.44062902896607536,0.17189734153939557,-1.466593538985875e-09,1.4417154889979011,TRACKING
53.45983958244324,0.11938938134692939,-0.05867307620435529,0.9398550920461877,0.15625,0.25,1.0,0.03686061865307061,0.3086730762043553,0.06014490795381233,0.3166309889030437,160.0281300932205,96.0506878572054,25.26018666596884,160.0,120.0,0.0281300932205113,-23.949312142794597,0.4351464257120217,0.18013466455792532,-1.1732748311887001e-09,1.4417154889734576,TRACKING
53.5679132938385,0.11927101451844756,-0.06437792701258335,0.9401466912830472,0.15625,0.25,1.0,0.03697898548155244,0.3143779270125834,0.059853308716952824,0.3221542253709253,160.35570216313238,94.28866686426359,24.877299566980085,160.0,120.0,0.3557021631323778,-25.71133313573641,0.42410261157477813,0.1854141316830462,-9.386198649509601e-10,1.4417154889539034,TRACKING
53.691458225250244,0.11920271573728537,-0.06927245691436608,0.9405642543980272,0.15625,0.25,1.0,0.03704728426271463,0.31927245691436607,0.059435745601972845,0.3268639026730247,160.05620640603604,92.65240740281138,24.50899832342597,160.0,120.0,0.05620640603603988,-27.347592597188623,0.4163170713203119,0.18987161047247883,-7.508958919607682e-10,1.44171548893826,TRACKING
53.802998781204224,0.11918719036049696,-0.07330300967300687,0.9410876958272407,0.15625,0.25,1.0,0.037062809639503036,0.32330300967300685,0.05891230417275928,0.33071006562386657,159.682138869734,91.30814875042603,24.187642695322097,160.0,120.0,-0.31786113026601015,-28.691851249573972,0.40741822801428085,0.1917303557907717,-6.007167135686146e-10,1.4417154889257446,TRACKING
53.93414878845215,0.11923245393145666,-0.0764591853482777,0.9417024671504558,0.15625,0.25,1.0,0.037017546068543336,0.32645918534827767,0.0582975328495442,0.3336832341481087,159.76899985395013,90.51191244095074,23.862838323095836,160.0,120.0,-0.2310001460498654,-29.488087559049262,0.40293421235906596,0.18843047707713045,-4.805733708548916e-10,1.441715488915733,TRACKING
54.08272314071655,0.11930064782220752,-0.07871972140798113,0.9423917497285217,0.15625,0.25,1.0,0.03694935217779248,0.3287197214079811,0.05760825027147831,0.33576870069772813,160.02484990506758,89.98274308661797,23.577980816231776,160.0,120.0,0.024849905067583222,-30.017256913382028,0.3971545708929839,0.1835871719992544,-3.8445869668391335e-10,1.4417154889077235,TRACKING
54.201290130615234,0.11934789605241194,-0.08005549838922607,0.9431363779705488,0.15625,0.25,1.0,0.036902103947588055,0.3300554983892261,0.056863622029451166,0.33694490469960714,160.01615243829394,89.46378300630168,23.354771163973506,160.0,120.0,0.016152438293943305,-30.536216993698318,0.38763263012323923,0.18008546798547764,-3.075669573471307e-10,1.4417154889013162,TRACKING
54.33537006378174,0.1193771050483318,-0.08048796949268143,0.9439250101750986,0.15625,0.25,1.0,0.036872894951668206,0.33048796949268144,0.056074989824901444,0.33723332107811516,159.77352703899263,89.53487684655215,23.11597847292189,160.0,120.0,-0.22647296100737435,-30.46512315344785,0.3833197288103477,0.1712790592871879,-2.460535658777046e-10,1.4417154888961896,TRACKING
54.45347738265991,0.11941169918455107,-0.08004933894492795,0.9447520750635435,0.15625,0.25,1.0,0.036838300815448935,0.33004933894492794,0.05524792493645647,0.3366629765132153,159.81993201015965,89.90473209930676,22.877701242537167,160.0,120.0,-0.180067989840353,-30.095267900693244,0.38148332809483676,0.1608873667943228,-1.9684285270216367e-10,1.441715488892089,TRACKING
54.58056902885437,0.1194447425521639,-0.0787298416294109,0.945605266943823,0.15625,0.25,1.0,0.036805257447836096,0.3287298416294109,0.054394733056177036,0.33522637536111594,160.0579558066038,89.93807586454939,22.799798105012442,160.0,120.0,0.057955806603786186,-30.06192413545061,0.36375232455337353,0.1559309966561788,-1.5747428216173093e-10,1.441715488888808,TRACKING
54.71915555000305,0.11946162114006662,-0.07652567887228139,0.9464726426617237,0.15625,0.25,1.0,0.036788378859933385,0.3265256788722814,0.053527357338276293,0.3329227864922522,159.87532309924364,90.0293263383243,22.818414987130158,160.0,120.0,-0.12467690075635574,-29.970673661675704,0.33932190548685115,0.15129932674547836,-1.2597942572938477e-10,1.4417154888861834,TRACKING
54.82970643043518,0.1194910889298662,-0.0734883623605035,0.947357969073222,0.15625,0.25,1.0,0.03675891107013381,0.3234883623605035,0.052642030926777994,0.32979860755594204,159.54164296738924,90.659285050819,22.76286220913338,160.0,120.0,-0.4583570326107633,-29.340714949181006,0.32793942005960947,0.14159353239401867,-1.0078354058350781e-10,1.4417154888840837,TRACKING
54.9464590549469,0.11956881552474255,-0.06968070182057305,0.9482646795006107,0.15625,0.25,1.0,0.03668118447525745,0.31968070182057307,0.05173532049938934,0.3259107297990917,159.702067928803,91.47853528303234,22.792456676934012,160.0,120.0,-0.2979320711970104,-28.521464716967657,0.3097028390836433,0.13117238290148758,-8.062683246680625e-11,1.4417154888824042,TRACKING
55.06004023551941,0.11968079162103391,-0.06514417173793836,0.9491920373832663,0.15625,0.25,1.0,0.03656920837896609,0.31514417173793835,0.050807962616733704,0.3213014239730643,159.9728259347278,92.36490115967902,22.88223808680276,160.0,120.0,-0.027174065272191683,-27.63509884032098,0.28817751290505045,0.12134733043324106,-6.4501465973445e-11,1.4417154888810604,TRACKING
55.161595821380615,0.11979839751633195,-0.059951329955809374,0.9501457625149383,0.15625,0.25,1.0,0.03645160248366805,0.3099513299558094,0.04985423748506168,0.3160442868653368,159.95429883267073,93.72903565308334,22.94366883723234,160.0,120.0,-0.045701167329269765,-26.270964346916656,0.27349838581839403,0.10742729443099627,-5.1601172778756005e-11,1.4417154888799857,TRACKING
55.27616262435913,0.11993746497054003,-0.05418681820781785,0.9511284698278263,0.15625,0.25,1.0,0.03631253502945997,0.30418681820781784,0.048871530172173716,0.3102203201484897,159.72660375051333,95.25494731696023,22.980873128447847,160.0,120.0,-0.27339624948666597,-24.745052683039773,0.2640335870361953,0.09326395642122286,-4.128093822300481e-11,1.441715488879126,TRACKING
55.37727761268616,0.12012371929773555,-0.04789596011861686,0.9521336456732619,0.15625,0.25,1.0,0.03612628070226445,0.29789596011861685,0.047866354326738136,0.30387217557536295,159.80246821908366,96.47680050333861,23.167220510480846,160.0,120.0,-0.19753178091633572,-23.52319949666139,0.23952712041853205,0.08387410926604218,-3.302475057840385e-11,1.4417154888784376,TRACKING
55.486825704574585,0.12033107020842423,-0.04112010305673798,0.9531548480988696,0.15625,0.25,1.0,0.035918929791575765,0.29112010305673797,0.046845151901130366,0.2970446972726123,160.04660434240438,97.7099203271701,23.44595806035869,160.0,120.0,0.04660434240437894,-22.290079672829904,0.20828829468511656,0.07511845421969084,-2.641980046272308e-11,1.441715488877887,TRACKING
55.5869197845459,0.12051594033370402,-0.03394836383970024,0.9541954399288076,0.15625,0.25,1.0,0.035734059666295975,0.28394836383970024,0.04580456007119238,0.2898303884529582,160.09982712432065,99.33893043617131,23.703646562017575,160.0,120.0,0.09982712432065455,-20.66106956382869,0.18369935484011926,0.06263537537865009,-2.1135840370178462e-11,1.4417154888774464,TRACKING
55.68045115470886,0.120679331950183,-0.026482556031810094,0.9552568382872699,0.15625,0.25,1.0,0.035570668049817,0.2764825560318101,0.04474316171273007,0.2823292877748336,160.10173226581819,101.20977888934632,24.099040492362207,160.0,120.0,0.1017322658181854,-18.790221110653675,0.14682891652544253,0.04849946189239079,-1.6908672296142772e-11,1.4417154888770938,TRACKING
55.775002241134644,0.1208524941901595,-0.01877994378879947,0.9563330824366472,0.15625,0.25,1.0,0.035397505809840496,0.2687799437887995,0.043666917563352836,0.27459504964611536,160.33519488147323,102.75092193664446,24.430609001309847,160.0,120.0,0.3351948814732282,-17.24907806335554,0.1217004904734724,0.03909705106252067,-1.352693783691422e-11,1.4417154888768122,TRACKING
55.87457990646362,0.12104097616889581,-0.010887159230368003,0.957416059780037,0.15625,0.25,1.0,0.03520902383110419,0.260887159230368,0.042583940219963035,0.2666742904276451,160.71100411436385,104.15993458596733,24.96427533312069,160.0,120.0,0.7110041143638455,-15.840065414032665,0.07668223347315684,0.03161364014302952,-1.0821550269531375e-11,1.4417154888765866,TRACKING
55.967140197753906,0.12123540104735038,-0.002897944282351415,0.9585026024441198,0.15625,0.25,1.0,0.03501459895264962,0.2528979442823514,0.04149739755588022,0.25866083268629014,160.77458172096738,105.95581561991685,25.54433334503797,160.0,120.0,0.774581720967376,-14.044184380083152,0.03174537371432866,0.020086212054408067,-8.657240215625101e-12,1.4417154888764063,TRACKING
56.06368160247803,0.12146762135293677,0.005081547226413761,0.9595886738204704,0.15625,0.25,1.0,0.034782378647063225,0.24491845277358623,0.04041132617952958,0.25065501721877304,160.58585650607995,107.86624208226723,26.161839840931176,160.0,120.0,0.5858565060799492,-12.133757917732765,-0.012451260684663318,0.00795995468045426,-6.9257921725000814e-12,1.4417154888762624,TRACKING
56.16027069091797,0.12177800501136408,0.012993568853102235,0.9606618131211229,0.15625,0.25,1.0,0.034471994988635915,0.23700643114689776,0.039338186878877135,0.24270941430114157,160.90580672895197,109.40405810115436,26.869504444578897,160.0,120.0,0.9058067289519727,-10.595941898845638,-0.06221079012206414,0.000600229228174827,-5.540633738000065e-12,1.441715488876147,TRACKING
56.25381302833557,0.1221568597194362,0.020795774710106744,0.9617087865181555,0.15625,0.25,1.0,0.0340931402805638,0.22920422528989326,0.0382912134818445,0.23486833787218434,161.46161678104534,110.84548841272299,27.72645613680954,160.0,120.0,1.4616167810453362,-9.154511587277014,-0.12366236240108931,-0.005638579465580357,-4.432506990400053e-12,1.4417154888760546,TRACKING
56.379947662353516,0.122577174061956,0.02839968290691127,0.9627193329192157,0.15625,0.25,1.0,0.03367282593804399,0.22160031709308872,0.03728066708078426,0.22722325558885814,161.55449731881228,112.63399968872892,28.589563851902277,160.0,120.0,1.554497318812281,-7.36600031127108,-0.17951052542590634,-0.015763043465592208,-3.5460055923200416e-12,1.4417154888759809,TRACKING
56.50953388214111,0.12305374277408965,0.035705776143913646,0.9636644210469782,0.15625,0.25,1.0,0.03319625722591035,0.21429422385608635,0.03633557895302175,0.21987332755416816,161.42970655190572,114.52185168976365,29.524329403516752,160.0,120.0,1.4297065519057242,-5.4781483102363495,-0.23824215597453935,-0.08676150457260264,-2.8368044738560334e-12,1.4417154888759214,TRACKING
56.61365580558777,0.1236116007727759,0.042662320193739285,0.9645134571032066,0.15625,0.25,1.0,0.0326383992272241,0.20733767980626072,0.03548654289679343,0.21286961572362817,161.77277849701997,116.12170367464032,30.55394067631177,160.0,120.0,1.7727784970199707,-3.8782963253596847,-0.3023745709027316,-0.0694092036580821,-2.2694435790848268e-12,1.4417154888758743,TRACKING
56.71021509170532,0.12422742712544793,0.04923174244442704,0.9652514172875946,0.15625,0.25,1.0,0.03202257287455207,0.20076825755557295,0.03474858271240544,0.20625421793487705,162.4114429859536,117.64230204488828,31.684099754421986,160.0,120.0,2.411442985953613,-2.3576979551117176,-0.37212902638909,-0.055527362926465686,-1.8155548632678618e-12,1.4417154888758361,TRACKING
56.82081699371338,0.12486143405284533,0.055333072853857294,0.9658702808065848,0.15625,0.25,1.0,0.03138856594715467,0.1946669271461427,0.03412971919341523,0.200113198787491,162.55079289082101,119.3825399693141,32.81363475767166,160.0,120.0,2.5507928908210147,-0.6174600306859048,-0.4357739327555392,-0.04442189034117255,-1.4524438906142894e-12,1.441715488875806,TRACKING
56.91635465621948,0.12551564694641104,0.06087603007387102,0.9663614993319434,0.15625,0.25,1.0,0.03073435305358896,0.18912396992612898,0.033638500668056626,0.19453540856470536,162.41842263611375,121.33843445783737,34.031929036883554,160.0,120.0,2.418422636113746,1.3384344578373657,-0.504519889924023,-0.03553751227293804,-1.1619551124914316e-12,1.441715488875782,TRACKING
57.004923582077026,0.12620250322219342,0.06581684990843008,0.9667191273805862,0.15625,0.25,1.0,0.030047496777806576,0.18418315009156994,0.033280872619413815,0.1895623942731673,162.71462302890362,122.8773340821646,35.22879353919648,160.0,120.0,2.714623028903617,2.8773340821645945,-0.5656488665559886,-0.028430009818350435,-9.295640899931453e-13,1.4417154888757624,TRACKING
57.10346031188965,0.1268864319166232,0.07012852178493063,0.9669375645627798,0.15625,0.25,1.0,0.029363568083376812,0.17987147821506938,0.033062435437220206,0.18522713743645028,162.98418575492016,124.28379902901733,36.40650960846111,160.0,120.0,2.984185754920162,4.283799029017331,-0.6207893045629514,-0.02274400785468035,-7.436512719945162e-13,1.4417154888757473,TRACKING
57.195013761520386,0.12751899251178536,0.07376045831130014,0.9670126015558442,0.15625,0.25,1.0,0.028731007488214638,0.17623954168869987,0.03298739844415577,0.18158748663397573,162.87656995334459,125.8044477013808,37.60906309364425,160.0,120.0,2.8765699533445854,5.804447701380795,-0.6759224905530645,-0.01819520628374428,-5.94921017595613e-13,1.4417154888757349,TRACKING
57.289572954177856,0.12809868588567688,0.07667483493669244,0.9669389487024224,0.15625,0.25,1.0,0.028151314114323117,0.17332516506330756,0.03306105129757764,0.17868167909298133,162.45401882172476,127.09432350101471,38.73248368512414,160.0,120.0,2.454018821724759,7.094323501014713,-0.7,-0.014556165026995424,-4.759368140764904e-13,1.441715488875725,TRACKING
57.40370416641235,0.1286339500858377,0.07886047658588503,0.966694128739147,0.15625,0.25,1.0,0.027616049914162305,0.17113952341411498,0.03330587126085305,0.17652383337021785,162.5532062587793,128.06976593361856,39.84726860828235,160.0,120.0,2.553206258779312,8.069765933618555,-0.7,-0.10027786119250681,-3.8074945126119235e-13,1.441715488875717,TRACKING
57.49825930595398,0.12909251695292276,0.0802918996879351,0.9662490703434901,0.15625,0.25,1.0,0.02715748304707724,0.1697081003120649,0.03375092965650994,0.17514991707009414,162.77187120809913,129.03306071695948,40.75920752842796,160.0,120.0,2.771871208099128,9.033060716959483,-0.7,-0.09819976209685032,-3.0459956100895387e-13,1.4417154888757109,TRACKING
57.58685493469238,0.12944449153202145,0.08093724103830514,0.9655846647753245,0.15625,0.25,1.0,0.02680550846797855,0.16906275896169487,0.03441533522467555,0.17460002019070273,162.57087140611404,129.81620992500802,41.42485333982827,160.0,120.0,2.570871406114037,9.816209925008025,-0.7,-0.09544170413642628,-2.436796488071631e-13,1.4417154888757056,TRACKING
57.6819908618927,0.1297033264829973,0.08080332197335494,0.9647016092146286,0.15625,0.25,1.0,0.02654667351700271,0.16919667802664506,0.03529839078537145,0.17486628640795035,162.17400449380813,130.04250010481968,41.90167900102753,160.0,120.0,2.174004493808127,10.04250010481968,-0.7,-0.08783697621532972,-1.9494371904573053e-13,1.4417154888757011,TRACKING
57.776524782180786,0.12987954147611494,0.07990438684293652,0.9636070523483923,0.15625,0.25,1.0,0.02637045852388506,0.17009561315706348,0.03639294765160772,0.17593284325790334,162.26604100080928,129.83958872169723,42.21161835109514,160.0,120.0,2.266041000809281,9.839588721697226,-0.7,-0.07724656271038685,-1.5595497523658444e-13,1.4417154888756976,TRACKING
57.86411380767822,0.1299503283406861,0.07821355465346706,0.9623067679174564,0.15625,0.25,1.0,0.026299671659313906,0.17178644534653292,0.037693232082543604,0.17782866832716696,162.47885087537955,129.8093114654899,42.23118691508928,160.0,120.0,2.4788508753795497,9.809311465489913,-0.663507771375818,-0.07048432796585496,-1.2476398018926755e-13,1.441715488875695,TRACKING
57.947670221328735,0.12990650195754602,0.0756956141840224,0.9608080520876113,0.15625,0.25,1.0,0.026343498042453978,0.1743043858159776,0.03919194791238867,0.18058794972246997,162.19712495620374,129.84561650896492,42.137187083186944,160.0,120.0,2.197124956203737,9.845616508964923,-0.605915344299598,-0.06577808161021692,-9.981118415141405e-14,1.4417154888756931,TRACKING
58.03821063041687,0.1297503075211293,0.07236300535387674,0.9591297319233989,0.15625,0.25,1.0,0.026499692478870712,0.17763699464612326,0.0408702680766011,0.18419423004273172,161.69108517050705,129.39593292687212,41.78433952704515,160.0,120.0,1.6910851705070513,9.39593292687212,-0.5302442282453342,-0.0567085890780721,-7.984894732113124e-14,1.4417154888756913,TRACKING
58.141785621643066,0.1294536616718572,0.06824592090665366,0.9573020103908576,0.15625,0.25,1.0,0.026796338328142794,0.18175407909334634,0.042697989609142395,0.1886152362125847,161.68053241771435,128.56144728381452,41.1997441697522,160.0,120.0,1.6805324177143461,8.561447283814516,-0.4413279983402319,-0.04481437579917443,-6.3879157856905e-14,1.4417154888756905,TRACKING
58.24435234069824,0.128998673541911,0.06335733735763634,0.9553586144860057,0.15625,0.25,1.0,0.027251326458089004,0.18664266264236368,0.044641385513994325,0.19383232860533245,161.96734607151433,127.57744073447944,40.404323113109925,160.0,120.0,1.9673460715143278,7.577440734479438,-0.3425325337278445,-0.032891822049305915,-5.1103326285524007e-14,1.4417154888756896,TRACKING
58.330400705337524,0.1284220518158486,0.05772700050881764,0.9533551969353427,0.15625,0.25,1.0,0.027827948184151408,0.19227299949118237,0.04664480306465735,0.19979749419453866,161.6945174391601,126.1688549252876,39.422889598106416,160.0,120.0,1.6945174391601086,6.168854925287604,-0.23713202179665271,0.049966112420981625,-4.0882661028419205e-14,1.4417154888756887,TRACKING
58.41619324684143,0.12777529499985255,0.05141239364239129,0.9513557731541616,0.15625,0.25,1.0,0.028474705000147454,0.19858760635760872,0.048644226845838356,0.2064318459664578,161.15343752563962,124.46910933913225,38.36662380609095,160.0,120.0,1.1534375256396174,4.469109339132245,-0.13757532907673792,0.03997288993678531,-3.2706128822735366e-14,1.4417154888756878,TRACKING
58.511741161346436,0.12706089683597754,0.044463352484451275,0.9494022503350007,0.15625,0.25,1.0,0.029189103164022456,0.20553664751554873,0.0505977496649993,0.21367603863468831,161.01714772174387,122.76358005175919,37.17068557802406,160.0,120.0,1.0171477217438678,2.7635800517591917,-0.03492073600614912,0.03197831194942825,-2.6164903058188296e-14,1.441715488875687,TRACKING
58.60631966590881,0.1262748302549174,0.03693214707820299,0.9475198596219483,0.15625,0.25,1.0,0.029975169745082603,0.213067852921797,0.05248014037805171,0.22147366860205087,161.17007088485616,120.98811093867278,35.94094421427765,160.0,120.0,1.170070884856159,0.9881109386727758,0.05935369661576126,0.025582649559542595,-2.0931922446550638e-14,1.441715488875687,TRACKING
58.701428174972534,0.12545169829939634,0.02891901083582884,0.9457408771547358,0.15625,0.25,1.0,0.03079830170060366,0.22108098916417115,0.05425912284526424,0.22971589315802085,160.85775524263698,118.78127357498106,34.69781178310372,160.0,120.0,0.8577552426369834,-1.218726425018943,0.1448785535979112,0.02046611964763408,-1.674553795724051e-14,1.441715488875687,TRACKING
58.78898024559021,0.12461281401938554,0.02053714001475391,0.9440897325492545,0.15625,0.25,1.0,0.03163718598061446,0.2294628599852461,0.055910267450745454,0.23828569754770118,160.32817918286054,116.42762533960683,33.46013035524544,160.0,120.0,0.3281791828605378,-3.572374660393166,0.22139094403115828,0.016372895718107263,-1.3396430365792407e-14,1.441715488875687,TRACKING
58.884567737579346,0.1237264062354612,0.011860260361315432,0.9425713078520119,0.15625,0.25,1.0,0.0325235937645388,0.23813973963868457,0.05742869214798807,0.2471161152745195,160.32709744420114,114.50074890543684,32.22225968437023,160.0,120.0,0.3270974442011436,-5.499251094563164,0.2912857837420571,0.013098316574485812,-1.0717144292633927e-14,1.441715488875687,TRACKING
58.987082958221436,0.12275859000455988,0.002956185657843911,0.9412009892169064,0.15625,0.25,1.0,0.03349140999544012,0.24704381434215608,0.058799010783093575,0.2561437963669523,160.52776073863308,112.67637828328492,31.044247351664378,160.0,120.0,0.5277607386330772,-7.323621716715081,0.3491745879995683,0.09091643178150931,-8.573715434107141e-15,1.441715488875687,TRACKING
59.083638429641724,0.12173753057806518,-0.006061030704085689,0.9400152783524248,0.15625,0.25,1.0,0.034512469421934824,0.2560610307040857,0.05998472164757518,0.26524805149515385,160.1680444801115,110.5146458841352,29.969416105425108,160.0,120.0,0.1680444801114902,-9.485354115864794,0.39219607226755443,0.10318949284952394,-6.858972347285713e-15,1.441715488875687,TRACKING
59.20320177078247,0.12070624202267542,-0.015063195576535175,0.9390404366994166,0.15625,0.25,1.0,0.03554375797732458,0.2650631955765352,0.060959563300583386,0.2742953239451832,159.75922891207247,108.23094964951699,29.036435318379834,160.0,120.0,-0.2407710879275271,-11.769050350483013,0.41827819706772945,0.11632909919605201,-5.487177877828571e-15,1.441715488875687,TRACKING
59.302740812301636,0.11965361655588447,-0.02395017158407031,0.9382839689179507,0.15625,0.25,1.0,0.03659638344411553,0.2739501715840703,0.06171603108204926,0.28319050175571,159.99815119763227,106.14190308456396,28.118549423469112,160.0,120.0,-0.0018488023677321053,-13.858096915436036,0.44398715347654344,0.12679627028318508,-4.389742302262857e-15,1.441715488875687,TRACKING
59.41789889335632,0.11856224413473318,-0.03261522046210131,0.9377434943052191,0.15625,0.25,1.0,0.03768775586526682,0.2826152204621013,0.06225650569478092,0.291834888730471,160.3137961422305,104.09723807308181,27.28032727448588,160.0,120.0,0.3137961422305011,-15.902761926918188,0.46207311307327625,0.13659750910847673,-3.5117938418102854e-15,1.441715488875687,TRACKING
59.530471086502075,0.11747580289738152,-0.04091275534101889,0.9374162405000596,0.15625,0.25,1.0,0.03877419710261848,0.2909127553410189,0.06258375949994044,0.3000839824685793,160.17827398048695,101.70482500201979,26.584184354697562,160.0,120.0,0.1782739804869493,-18.29517499798021,0.46652497796955383,0.15013220928362092,-2.809435073448229e-15,1.441715488875687,TRACKING
59.63456130027771,0.11645060174381301,-0.04870130373588657,0.937292079599641,0.15625,0.25,1.0,0.03979939825618699,0.29870130373588655,0.062707920400359,0.30779659555623856,159.9298284352169,99.08726756845155,26.061651135485054,160.0,120.0,-0.07017156478309516,-20.91273243154845,0.45554990580071864,0.1656258503204031,-2.2475480587585834e-15,1.441715488875687,TRACKING
59.72916579246521,0.1154869173981235,-0.055885721265274364,0.9373504909168611,0.15625,0.25,1.0,0.0407630826018765,0.30588572126527436,0.06264950908313893,0.3148851605991347,160.11046148093786,96.86706632672008,25.561237846066994,160.0,120.0,0.11046148093785746,-23.132933673279922,0.4479545724491186,0.17605589529025922,-1.7980384470068667e-15,1.441715488875687,TRACKING
59.825714111328125,0.1145746888117225,-0.06239295365375911,0.9375689839559563,0.15625,0.25,1.0,0.0416753111882775,0.31239295365375913,0.06243101604404366,0.3212846414310076,160.4217999626096,95.04029790057606,25.021541736784364,160.0,120.0,0.4217999626096116,-24.959702099423936,0.449773018054624,0.18211391197986238,-1.4384307576054932e-15,1.441715488875687,TRACKING
59.935864210128784,0.11375655932116599,-0.06813887038786519,0.9379277207661458,0.15625,0.25,1.0,0.04249344067883401,0.3181388703878652,0.062072279233854166,0.3269113047933308,160.27416997569625,93.18665887585296,24.640741249393237,160.0,120.0,0.27416997569625323,-26.813341124147044,0.43724111677653665,0.18892999179657066,-1.1507446060843946e-15,1.441715488875687,TRACKING
60.05942440032959,0.11308122412639086,-0.0730543733973268,0.9384055237175637,0.15625,0.25,1.0,0.043168775873609136,0.3230543733973268,0.061594476282436306,0.3316949666336119,159.96161273639984,91.58075362330833,24.258217842684218,160.0,120.0,-0.038387263600156984,-28.419246376691675,0.4300738215455451,0.19336108215817321,-9.205956848675157e-16,1.441715488875687,TRACKING
60.20207405090332,0.11254164094131468,-0.07711517024961709,0.9389841492194928,0.15625,0.25,1.0,0.04370835905868532,0.3271151702496171,0.0610158507805072,0.3356153889581169,160.16387503036887,90.57307090983791,23.940075370022573,160.0,120.0,0.16387503036887097,-29.42692909016209,0.41981986078121847,0.1918075567081227,-7.364765478940127e-16,1.441715488875687,TRACKING
60.31764245033264,0.11211850959829045,-0.08030246387863839,0.9396442829510577,0.15625,0.25,1.0,0.04413149040170955,0.3303024638786384,0.06035571704894227,0.3386592958562741,160.45651876973977,89.75796133187316,23.62479696872512,160.0,120.0,0.45651876973977323,-30.24203866812684,0.41352348629987185,0.1893733505637929,-5.891812383152102e-16,1.441715488875687,TRACKING
60.43755292892456,0.11183428469951204,-0.08256685463295363,0.9403665934937074,0.15625,0.25,1.0,0.04441571530048796,0.33256685463295366,0.05963340650629256,0.3407779507797634,160.29673720033085,88.87184089660134,23.425541037636414,160.0,120.0,0.2967372003308526,-31.12815910339866,0.3977220233545391,0.18895310534421939,-4.713449906521681e-16,1.441715488875687,TRACKING
60.5391206741333,0.11170857004950992,-0.08387183254846392,0.941133242141694,0.15625,0.25,1.0,0.04454142995049008,0.3338718325484639,0.058866757858305974,0.34193513234537976,159.960051421426,88.16647914504674,23.224214627649705,160.0,120.0,-0.03994857857401257,-31.833520854953264,0.3867071240566905,0.1874438533580657,-3.7707599252173454e-16,1.441715488875687,TRACKING
60.65265488624573,0.11171389964548126,-0.08422577985613523,0.9419364157746609,0.15625,0.25,1.0,0.04453610035451874,0.3342257798561352,0.05806358422533908,0.3421428297777444,160.10487754013784,87.95367386188292,23.003910494147846,160.0,120.0,0.10487754013783501,-32.04632613811708,0.38142619897731234,0.18147312149690897,-3.016607940173876e-16,1.441715488875687,TRACKING
60.770753622055054,0.11182503324525243,-0.0836542890547487,0.9427699046476526,0.15625,0.25,1.0,0.044424966754747566,0.3336542890547487,0.057230095352347354,0.34142941597031295,160.38530983590405,88.17695015927175,22.804853718473932,160.0,120.0,0.385309835904053,-31.823049840728245,0.3763681332431585,0.17210197815781378,-2.413286352139101e-16,1.441715488875687,TRACKING
60.87133550643921,0.11205827405824284,-0.08217472043344277,0.9436291560873866,0.15625,0.25,1.0,0.04419172594175716,0.33217472043344276,0.05637084391261338,0.33980969023876795,160.25045139333764,88.37111425269656,22.733526888138428,160.0,120.0,0.25045139333764155,-31.628885747303443,0.3594348701967186,0.16472014258746953,-1.930629081711281e-16,1.441715488875687,TRACKING
60.969929456710815,0.11242049514675186,-0.0798288087965273,0.9445109843397324,0.15625,0.25,1.0,0.043829504853248144,0.3298288087965273,0.05548901566026765,0.33732343450576113,159.98779340566946,89.02872426425276,22.605510376612486,160.0,120.0,-0.012206594330535836,-30.97127573574724,0.3527254539290063,0.15354650937807818,-1.544503265369025e-16,1.441715488875687,TRACKING
61.0794894695282,0.1128829039278273,-0.07667422642229599,0.9454192057088077,0.15625,0.25,1.0,0.043367096072172706,0.326674226422296,0.054580794291192336,0.33402966684981145,160.14630689410507,89.97961399381019,22.53254687465041,160.0,120.0,0.14630689410506648,-30.02038600618981,0.3420991100262776,0.1407836047305917,-1.23560261229522e-16,1.441715488875687,TRACKING
61.18221712112427,0.11343241079730118,-0.07274754517368848,0.9463504202826739,0.15625,0.25,1.0,0.04281758920269882,0.3227475451736885,0.05364957971732609,0.32996606077689095,160.41223891598275,90.89381124502448,22.498470703660708,160.0,120.0,0.41223891598275486,-29.10618875497552,0.32976117581511805,0.1301046378143104,-9.884820898361759e-17,1.441715488875687,TRACKING
61.27781057357788,0.11407012920377523,-0.06808849202228351,0.9472980417610426,0.15625,0.25,1.0,0.042179870796224775,0.3180884920222835,0.0527019582389574,0.3251721492680721,160.4158785741974,91.81852499298174,22.53208348347199,160.0,120.0,0.41587857419739294,-28.181475007018264,0.31256173694356815,0.12060794394511204,-7.907856718689408e-17,1.441715488875687,TRACKING
61.370933055877686,0.11478024462707223,-0.06278508682475625,0.9482706211642687,0.15625,0.25,1.0,0.04146975537292777,0.31278508682475625,0.051729378835731255,0.3197345458116645,159.9203210732283,93.28204124543812,22.642450505254107,160.0,120.0,-0.07967892677169175,-26.717958754561877,0.28998577213530985,0.10624508707304373,-6.326285374951527e-17,1.441715488875687,TRACKING
61.46449303627014,0.11556289832888794,-0.05693661146959606,0.9492769041713697,0.15625,0.25,1.0,0.04068710167111206,0.30693661146959605,0.05072309582863033,0.31374887434582704,159.82936485604566,95.05706795943712,22.65774051441981,160.0,120.0,-0.17063514395434254,-24.94293204056288,0.28178204114674354,0.08999182177469436,-5.0610282999612213e-17,1.441715488875687,TRACKING
61.56305456161499,0.11641745458905228,-0.05059578719364032,0.9503078051590951,0.15625,0.25,1.0,0.03983254541094772,0.30059578719364033,0.049692194840904924,0.30726824303950767,160.21469674505272,96.44870992680796,22.86840190550935,160.0,120.0,0.21469674505271996,-23.551290073192035,0.25326950579264546,0.07957294418198167,-4.048822639968977e-17,1.441715488875687,TRACKING
61.66860818862915,0.11730643803257151,-0.04380426849524182,0.9513551126137118,0.15625,0.25,1.0,0.038943561967428486,0.2938042684952418,0.04864488738628825,0.3003395982443204,160.03327541846397,97.8362949363119,23.091700275141136,160.0,120.0,0.03327541846397253,-22.1637050636881,0.2275720335707174,0.0700067292249598,-3.2390581119751824e-17,1.441715488875687,TRACKING
61.759217977523804,0.11819264923519429,-0.03665427226429378,0.9524222395450684,0.15625,0.25,1.0,0.03805735076480571,0.2866542722642938,0.04757776045493156,0.2930574637242911,159.8119526609176,99.56611597007733,23.311994800576358,160.0,120.0,-0.18804733908240223,-20.433884029922666,0.2057867969869282,0.057322912000824955,-2.591246489580146e-17,1.441715488875687,TRACKING
61.855345249176025,0.11908834543751871,-0.029255704971671317,0.9535107624594711,0.15625,0.25,1.0,0.037161654562481286,0.2792557049716713,0.046489237540528916,0.28552755827791126,159.97564062852223,101.504787972103,23.68529564762683,160.0,120.0,-0.024359371477771674,-18.495212027896997,0.1697104392852652,0.0432963091391738,-2.0729971916641168e-17,1.441715488875687,TRACKING
61.948872089385986,0.12002061297875533,-0.02167405634155014,0.9546106231449973,0.15625,0.25,1.0,0.036229387021244674,0.2716740563415501,0.04538937685500266,0.2778120891975227,159.985426784516,103.17085929795581,24.087951536039228,160.0,120.0,-0.014573215484006141,-16.829140702044185,0.13495435357031832,0.033291974941294544,-1.6583977533312938e-17,1.441715488875687,TRACKING
62.044421672821045,0.12096893094488496,-0.01396272727043642,0.9557110870643384,0.15625,0.25,1.0,0.035281069055115036,0.2639627272704364,0.04428891293566162,0.269967744426517,159.93905493679085,104.62429478024355,24.660937323956503,160.0,120.0,-0.06094506320914661,-15.375705219756455,0.08528801101482866,0.026096725882782563,-1.3267182026650349e-17,1.441715488875687,TRACKING
62.1429979801178,0.12189752744796434,-0.00621668735345746,0.9568087812490528,0.15625,0.25,1.0,0.03435247255203566,0.2562166873534575,0.043191218750947225,0.2620926641972452,159.72385159026172,106.53218206431163,25.198132858289014,160.0,120.0,-0.27614840973828336,-13.467817935688373,0.045545386805792634,0.014016815154321731,-1.061374562132028e-17,1.441715488875687,TRACKING
62.22800827026367,0.12281849741251466,0.0014617336631874295,0.9578962950897094,0.15625,0.25,1.0,0.03343150258748534,0.24853826633681256,0.042103704910290585,0.25428656505237995,159.76157561618965,108.6441338264217,25.78687551880705,160.0,120.0,-0.23842438381035436,-11.355866173578306,0.004227949990694535,0.000362681710662803,-8.490996497056225e-18,1.441715488875687,TRACKING
62.309542417526245,0.12375875750225382,0.009015744384508416,0.9589586099802363,0.15625,0.25,1.0,0.03249124249774618,0.24098425561549158,0.0410413900197637,0.2466039091100429,159.9838631092635,110.2700457823401,26.470125875096898,160.0,120.0,-0.016136890736504483,-9.729954217659895,-0.04351315847229857,-0.0071582436215268525,-6.79279719764498e-18,1.441715488875687,TRACKING
62.402684450149536,0.12469841201878333,0.01640140758042353,0.9599804095355459,0.15625,0.25,1.0,0.03155158798121667,0.23359859241957648,0.040019590464454136,0.23909281190677084,159.86096869314042,111.79492596823786,27.243240128749505,160.0,120.0,-0.13903130685957876,-8.205074031762138,-0.09653558146187873,-0.013555737572810284,-5.434237758115985e-18,1.441715488875687,TRACKING
62.49322295188904,0.1256039704402623,0.023549132821752066,0.9609337038192752,0.15625,0.25,1.0,0.030646029559737692,0.22645086717824794,0.03906629618072477,0.23183043344400864,159.6360372738323,113.42855605110755,28.035604138191573,160.0,120.0,-0.3639627261676992,-6.571443948892451,-0.1465174423263727,-0.09344233531132043,-4.347390206492788e-18,1.441715488875687,TRACKING
62.57677125930786,0.12649006486409664,0.030399910906493334,0.9617887533143729,0.15625,0.25,1.0,0.02975993513590336,0.21960008909350667,0.03821124668562714,0.22487763837793898,159.7968775971316,114.92304766979217,28.946569031835022,160.0,120.0,-0.203122402868388,-5.076952330207831,-0.2053090579377768,-0.07475386824905635,-3.4779121651942306e-18,1.441715488875687,TRACKING
62.66831851005554,0.1273824589908018,0.03692491251646845,0.962532693902148,0.15625,0.25,1.0,0.028867541009198194,0.21307508748353154,0.03746730609785198,0.2182616018823799,160.02789933217852,116.18692251368523,29.860904521876847,160.0,120.0,0.027899332178520808,-3.813077486314768,-0.2590959373597427,-0.05980309459924508,-2.7823297321553846e-18,1.441715488875687,TRACKING
62.7668879032135,0.1282576127573088,0.04308841249612436,0.9631622728248467,0.15625,0.25,1.0,0.027992387242691208,0.20691158750387564,0.03683772717515332,0.2120212181135412,159.9084818559551,117.3674053193202,30.884993441539287,160.0,120.0,-0.09151814404489755,-2.6325946806798015,-0.3207962227591928,-0.04784247567939606,-2.225863785724308e-18,1.441715488875687,TRACKING
62.89301776885986,0.12907866581132021,0.04883182773551767,0.9636791796524562,0.15625,0.25,1.0,0.027171334188679785,0.20116817226448233,0.0363208203475438,0.20621861439875866,159.78508641804075,118.62090383536575,31.900890230103563,160.0,120.0,-0.2149135819592516,-1.3790961646342481,-0.3764091932596153,-0.03827398054351685,-1.7806910285794463e-18,1.441715488875687,TRACKING
62.99657130241394,0.12985659071862551,0.0541125307165008,0.9640843460044355,0.15625,0.25,1.0,0.026393409281374486,0.1958874692834992,0.03591565399556451,0.20089411857423078,159.84739799911907,119.79762473969184,32.99236919216985,160.0,120.0,-0.15260200088093256,-0.202375260308159,-0.43646093417742843,-0.03061918443481348,-1.4245528228635572e-18,1.441715488875687,TRACKING
63.082165241241455,0.13060947256768263,0.058899229187495086,0.9643777355342363,0.15625,0.25,1.0,0.025640527432317373,0.19110077081250493,0.035622264465763664,0.19607622746730355,160.18584059029655,120.85934124315321,34.0516208998982,160.0,120.0,0.1858405902965501,0.8593412431532101,-0.4885396726111605,-0.02449534754785079,-1.1396422582908457e-18,1.441715488875687,TRACKING
63.170737504959106,0.13130291271863145,0.06314050881137723,0.964560073279254,0.15625,0.25,1.0,0.024947087281368546,0.18685949118862277,0.03543992672074603,0.19181974616046976,160.10071581728653,121.96717814655057,35.140008815646716,160.0,120.0,0.10071581728652745,1.967178146550566,-0.5408748533689003,-0.01959627803828063,-9.117138066326766e-19,1.441715488875687,TRACKING
63.263314723968506,0.13189276652920032,0.06679253185973748,0.964629624009639,0.15625,0.25,1.0,0.024357233470799683,0.1832074681402625,0.03537037599036097,0.18817362913653934,159.65687916063078,123.10452333920318,36.164453529852985,160.0,120.0,-0.3431208393692202,3.1045233392031832,-0.5832128634529081,-0.015677022430624507,-7.293710453061413e-19,1.441715488875687,TRACKING
63.34290647506714,0.13238489506265694,0.06985065428871627,0.9645874973796428,0.15625,0.25,1.0,0.023865104937343062,0.18014934571128371,0.03541250262035722,0.18514150084654388,159.72562181451744,123.75721362324086,37.17636519998305,160.0,120.0,-0.2743781854825613,3.757213623240858,-0.622853190191839,-0.012541617944499607,-5.834968362449131e-19,1.441715488875687,TRACKING
63.43825626373291,0.13279085376606303,0.07231433001817016,0.9644317655740366,0.15625,0.25,1.0,0.023459146233936967,0.17768566998182983,0.03556823442596335,0.18272281783919944,159.9707790878836,124.26895696728917,38.08418827567991,160.0,120.0,-0.029220912116386444,4.268956967289171,-0.6500117284162609,-0.010033294355599685,-4.667974689959305e-19,1.441715488875687,TRACKING
63.52941560745239,0.1330774205781838,0.07413822645542968,0.9641604530661086,0.15625,0.25,1.0,0.023172579421816192,0.17586177354457033,0.03583954693389135,0.18096630889679083,159.6706281417435,125.07953966484635,38.88579079960209,160.0,120.0,-0.3293718582565077,5.079539664846351,-0.6662178628372682,-0.008026635484479749,-3.734379751967444e-19,1.441715488875687,TRACKING
63.62510800361633,0.13321444998336068,0.07526714092302986,0.9637688122714986,0.15625,0.25,1.0,0.023035550016639317,0.17473285907697014,0.036231187728501424,0.17993028530516844,159.30701348622506,125.94388675627123,39.58576043392593,160.0,120.0,-0.6929865137749402,5.943886756271226,-0.6734314309844341,-0.0064213083875838,-2.987503801573955e-19,1.441715488875687,TRACKING
63.718639850616455,0.1332234927998303,0.07568345707040083,0.9632559211610937,0.15625,0.25,1.0,0.023026507200169688,0.17431654292959917,0.03674407883890629,0.1796290747693313,159.46468098894667,126.5024652953849,40.12706977491074,160.0,120.0,-0.5353190110533319,6.502465295384894,-0.6663638521471307,-0.00513704671006704,-2.390003041259164e-19,1.441715488875687,TRACKING
63.81713032722473,0.13313164836674884,0.07537597263207035,0.9626218878047977,0.15625,0.25,1.0,0.023118351633251155,0.17462402736792965,0.03737811219520226,0.18006979865516376,159.96305643676064,126.70989559385565,40.50432863768856,160.0,120.0,-0.036943563239361765,6.709895593855649,-0.6461581110006402,-0.004109637368053633,-1.9120024330073316e-19,1.441715488875687,TRACKING
63.90684676170349,0.13291494744400736,0.07432234679704036,0.9618675640031484,0.15625,0.25,1.0,0.023335052555992636,0.17567765320295964,0.038132435996851566,0.1812767088948392,159.92906438164832,127.1389242777298,40.78101757873096,160.0,120.0,-0.07093561835168316,7.138924277729799,-0.6213906128728726,-0.0032877098944429062,-1.5296019464058654e-19,1.441715488875687,TRACKING
64.00352358818054,0.13254448847735245,0.07252863349779226,0.9609998325897187,0.15625,0.25,1.0,0.02370551152264755,0.17747136650220774,0.03900016741028134,0.18324587379458587,159.7229119286378,127.12406390308297,40.78704432259846,160.0,120.0,-0.2770880713621864,7.12406390308297,-0.5732534033138014,-0.002630167915554325,-1.2236815571246923e-19,1.441715488875687,TRACKING
64.09610104560852,0.13203950846108806,0.07000636990325516,0.9600289526036841,0.15625,0.25,1.0,0.024210491538911943,0.17999363009674485,0.03997104739631585,0.18596112337238144,159.90321642304818,126.82467573195022,40.67396169848295,160.0,120.0,-0.09678357695182171,6.824675731950222,-0.521469395533116,-0.0021041343324434605,-9.78945245699754e-20,1.441715488875687,TRACKING
64.18079733848572,0.13142523589362162,0.06674770889671759,0.9589668123763394,0.15625,0.25,1.0,0.024824764106378377,0.1832522911032824,0.041033187623660594,0.18942384642409207,160.34831504021568,126.63755289764265,40.2737789538064,160.0,120.0,0.34831504021568094,6.637552897642649,-0.4471528174610353,-0.0016833074659547685,-7.831561965598032e-20,1.441715488875687,TRACKING
64.26636147499084,0.13068287354677438,0.06276873567829457,0.9578279827511541,0.15625,0.25,1.0,0.02556712645322562,0.18723126432170545,0.042172017248845894,0.19361741485056688,160.3367464204273,126.11852544181733,39.70914452187846,160.0,120.0,0.3367464204272892,6.118525441817326,-0.36651257715592905,-0.0013466459727638146,-6.265249572478425e-20,1.441715488875687,TRACKING
64.37357187271118,0.1297922731449808,0.05812618383752542,0.9566375671719989,0.15625,0.25,1.0,0.02645772685501921,0.19187381616247456,0.04336243282800112,0.19848393693155325,160.25306486077773,125.0675765103258,38.91803965760479,160.0,120.0,0.2530648607777266,5.067576510325793,-0.27272854955209613,-0.0010773167782110518,-5.012199657982741e-20,1.441715488875687,TRACKING
64.45616412162781,0.12878138450851787,0.052867783965377516,0.9554181239652428,0.15625,0.25,1.0,0.027468615491482135,0.1971322160346225,0.04458187603475716,0.2039685738208669,160.66695492806022,123.89911348293248,38.15619099503344,160.0,120.0,0.6669549280602212,3.899113482932478,-0.19543443676943392,-0.0008618534225688416,-4.009759726386193e-20,1.441715488875687,TRACKING
64.55402088165283,0.12768362459341087,0.047013321085567716,0.9541871003676383,0.15625,0.25,1.0,0.02856637540658913,0.20298667891443228,0.04581289963236168,0.2100439272945206,161.19519901744815,122.83778985277331,37.187395080304455,160.0,120.0,1.1951990174481466,2.8377898527733123,-0.10512950311408062,-0.0006894827380550732,-3.2078077811089544e-20,1.441715488875687,TRACKING
64.65163373947144,0.12648791262782338,0.04060913243639543,0.9529643474589001,0.15625,0.25,1.0,0.029762087372176615,0.20939086756360456,0.04703565254109987,0.21666257146483592,161.2290926486948,121.61189853308684,36.23068760816713,160.0,120.0,1.2290926486948024,1.611898533086844,-0.027455472668442754,-0.0005515861904440586,-2.5662462248871635e-20,1.441715488875687,TRACKING
64.74326229095459,0.12518273679396819,0.03375150720533608,0.951776125586018,0.15625,0.25,1.0,0.031067263206031814,0.2162484927946639,0.048223874413982015,0.22372779787628574,161.16569031198367,119.96656911425546,35.16154515087504,160.0,120.0,1.165690311983667,-0.033430885744536454,0.05395093533333134,-0.0004412689523552469,-2.052996979909731e-20,1.441715488875687,TRACKING
64.84161281585693,0.1238058891154433,0.026535605148641936,0.9506454560798061,0.15625,0.25,1.0,0.032444110884556704,0.22346439485135805,0.049354543920193894,0.23113811261439213,161.50177981851203,118.025955547435,34.13102744987542,160.0,120.0,1.5017798185120341,-1.9740444525649963,0.1222418111822978,-0.0003530151618841975,-1.6423975839277845e-20,1.441715488875687,TRACKING
64.93464469909668,0.1223956491058823,0.019004405529445406,0.9495796058767263,0.15625,0.25,1.0,0.0338543508941177,0.2309955944705546,0.050420394123273704,0.23884576170159105,162.0017771518082,116.58916419665306,33.031678443462724,160.0,120.0,2.0017771518081986,-3.4108358033469415,0.19178347571364954,-0.000282412129507358,-1.3139180671422277e-20,1.441715488875687,TRACKING
65.03652691841125,0.12093899456992273,0.011195996610958749,0.9485802462289824,0.15625,0.25,1.0,0.03531100543007727,0.23880400338904126,0.051419753771017596,0.24681614658888962,162.11493612401713,115.30574916251686,31.94376594171146,160.0,120.0,2.1149361240171345,-4.694250837483139,0.2538336491624717,-0.00022592970360588643,-1.0511344537137822e-20,1.441715488875687,TRACKING
65.12326383590698,0.11942158651239634,0.003197744696554986,0.9476555741747628,0.15625,0.25,1.0,0.036828413487603656,0.24680225530344502,0.05234442582523724,0.2549659274841533,161.99370262123614,113.71875648688597,30.901479630911275,160.0,120.0,1.9937026212361388,-6.281243513114035,0.30598816728545797,-0.00018074376288470913,-8.409075629710258e-21,1.441715488875687,TRACKING
65.21893572807312,0.11788124200039952,-0.004861573628552988,0.9468430224749349,0.15625,0.25,1.0,0.038368757999600475,0.254861573628553,0.0531569775250651,0.2631582177368864,162.2857504538035,111.58047296647588,29.959127653647016,160.0,120.0,2.2857504538035016,-8.419527033524119,0.3438351274701317,0.09232987690789883,-6.727260503768206e-21,1.441715488875687,TRACKING
65.31564664840698,0.11635913176347298,-0.012854315402083549,0.9461787189416128,0.15625,0.25,1.0,0.039890868236527016,0.26285431540208354,0.05382128105838724,0.2712570787812327,162.71073779497226,109.28087760338022,29.10807538514888,160.0,120.0,2.7107377949722604,-10.719122396619781,0.37050185201866787,0.10683902371171686,-5.381808403014565e-21,1.441715488875687,TRACKING
65.42476487159729,0.11484380369001213,-0.02070108329500464,0.9456761543517961,0.15625,0.25,1.0,0.041406196309987875,0.27070108329500464,0.05432384564820392,0.2791856547101949,162.84658115974955,107.53903482818347,28.27175675944101,160.0,120.0,2.8465811597495474,-12.460965171816525,0.3961453762730318,0.1144283209805192,-4.3054467224116526e-21,1.441715488875687,TRACKING
65.53041100502014,0.11332184489858048,-0.028333466506446796,0.9453378678605455,0.15625,0.25,1.0,0.04292815510141952,0.2783334665064468,0.05466213213945448,0.2868802777604938,162.75166020012625,105.87600511512589,27.48801198030658,160.0,120.0,2.7516602001262527,-14.123994884874108,0.4166366700095677,0.12123081787366297,-3.444357377929322e-21,1.441715488875687,TRACKING
65.6495008468628,0.11183410409439293,-0.035641158342535756,0.9451644924749594,0.15625,0.25,1.0,0.04441589590560707,0.2856411583425358,0.05483550752504063,0.29422878179044976,162.97448077192777,103.9217981917752,26.793681786222713,160.0,120.0,2.974480771927773,-16.078201808224804,0.4285193678440846,0.13139535565153349,-2.7554859023434575e-21,1.441715488875687,TRACKING
65.75407671928406,0.11042503407006714,-0.04250972042681866,0.9451511385791784,0.15625,0.25,1.0,0.04582496592993286,0.29250972042681866,0.05484886142082157,0.3011150305876736,163.29215121024913,101.84768681476618,26.176149737582847,160.0,120.0,3.2921512102491306,-18.152313185233822,0.43429980480964575,0.14263529280291523,-2.2043887218747663e-21,1.441715488875687,TRACKING
65.85736608505249,0.10907754394860704,-0.04887429809456206,0.9452856593773736,0.15625,0.25,1.0,0.04717245605139296,0.29887429809456206,0.05471434062262637,0.3074812933191327,163.23733862479668,100.23559649673669,25.56931796236342,160.0,120.0,3.2373386247966778,-19.76440350326331,0.44205058815416853,0.14845397998848706,-1.763510977499813e-21,1.441715488875687,TRACKING
65.95630931854248,0.10776224295092514,-0.054681085597636084,0.945552209512453,0.15625,0.25,1.0,0.04848775704907486,0.30468108559763607,0.054447790487547,0.3132829206860469,163.1988105113913,98.96060842600386,25.02363219128329,160.0,120.0,3.1988105113912866,-21.03939157399614,0.44566291399354946,0.1508841728456633,-1.4108087819998504e-21,1.441715488875687,TRACKING
66.06489729881287,0.10650323541340809,-0.05983471133591346,0.9459326812842846,0.15625,0.25,1.0,0.04974676458659191,0.30983471133591345,0.05406731871571535,0.31842670096672065,163.46449218274614,97.37360583456852,24.594127651781648,160.0,120.0,3.4644921827461417,-22.626394165431478,0.43938351337214027,0.15742402568195854,-1.1286470255998805e-21,1.441715488875687,TRACKING
66.17259812355042,0.10533311493236631,-0.06423654561240659,0.9464061133074555,0.15625,0.25,1.0,0.050916885067633685,0.3142365456124066,0.0535938866925445,0.32281487028050926,163.65191991878498,95.66784379246954,24.285351560389028,160.0,120.0,3.6519199187849836,-24.33215620753046,0.42386908415293556,0.1654150349595995,-9.029176204799043e-22,1.441715488875687,TRACKING
66.26709508895874,0.10425142798674306,-0.06783904325113156,0.9469565790071317,0.15625,0.25,1.0,0.051998572013256944,0.31783904325113155,0.053043420992868295,0.32640329872236157,163.59874794721026,94.42886584486594,23.96304618698236,160.0,120.0,3.5987479472102564,-25.57113415513406,0.4151315471464907,0.16824461228242876,-7.223340963839235e-22,1.441715488875687,TRACKING
66.36747002601624,0.10327315877970589,-0.07062584899289677,0.9475719980070757,0.15625,0.25,1.0,0.05297684122029411,0.32062584899289676,0.0524280019929243,0.3291749931891336,163.20896308219056,93.54306638803004,23.67907803255538,160.0,120.0,3.2089630821905644,-26.45693361196996,0.40611155407325233,0.1677649268357302,-5.778672771071388e-22,1.441715488875687,TRACKING
66.46603345870972,0.10244535945975716,-0.072562990118641,0.9482403090624495,0.15625,0.25,1.0,0.05380464054024284,0.322562990118641,0.05175969093755051,0.3310904522089001,163.30230778442973,92.65684637792754,23.458542635528673,160.0,120.0,3.302307784429729,-27.343153622072464,0.39379155441830016,0.16819778039051578,-4.622938216857111e-22,1.441715488875687,TRACKING
66.57379794120789,0.1017919170526862,-0.07361562818987603,0.9489466402941974,0.15625,0.25,1.0,0.0544580829473138,0.32361562818987605,0.0510533597058026,0.33211323843574,163.37150005987934,91.82869346230329,23.374762746510385,160.0,120.0,3.371500059879338,-28.171306537696708,0.37019003667818406,0.16871866132258534,-3.698350573485689e-22,1.441715488875687,TRACKING
66.68847060203552,0.1012884827934371,-0.07379597516667236,0.9496873568935741,0.15625,0.25,1.0,0.05496151720656289,0.32379597516667236,0.050312643106425914,0.33225888094095873,163.38939831773015,91.72619843421296,23.10167331132428,160.0,120.0,3.389398317730155,-28.27380156578704,0.373060088970781,0.16192436377614908,-2.958680458788551e-22,1.441715488875687,TRACKING
66.80401659011841,0.10091680150543753,-0.07312912051943218,0.9504582713563944,0.15625,0.25,1.0,0.055333198494562474,0.3231291205194322,0.04954172864360562,0.33155478319622694,163.10859825588983,91.7677046414181,22.984444929277288,160.0,120.0,3.108598255889831,-28.232295358581894,0.3598424911102086,0.15500126594708752,-2.366944367030841e-22,1.441715488875687,TRACKING
66.91010665893555,0.10071170662832363,-0.0716240583826176,0.9512514084484585,0.15625,0.25,1.0,0.05553829337167637,0.3216240583826176,0.04874859155154154,0.3300044880594851,163.07538470373072,91.9410021117704,22.85067573738595,160.0,120.0,3.0753847037307196,-28.058997888229598,0.35193827403667766,0.1479772329536674,-1.893555493624673e-22,1.441715488875687,TRACKING
67.02068567276001,0.10071102722095783,-0.06931498628485226,0.9520581980169295,0.15625,0.25,1.0,0.05553897277904217,0.3193149862848523,0.04794180198307052,0.32763555109424636,163.22400005742497,92.30758185360779,22.786003976157556,160.0,120.0,3.2240000574249734,-27.692418146392214,0.3388261919729748,0.1400762669292971,-1.5148443948997386e-22,1.441715488875687,TRACKING
67.13226127624512,0.10089598901251196,-0.06626362654634962,0.9528881543702312,0.15625,0.25,1.0,0.055354010987488045,0.31626362654634965,0.04711184562976878,0.3245092818507585,162.97060003732622,93.18326179249155,22.77607354016037,160.0,120.0,2.9706000373262214,-26.81673820750845,0.3226691484897625,0.1278278455155572,-1.211875515919791e-22,1.441715488875687,TRACKING
67.23583173751831,0.10123857961519102,-0.06252024067426003,0.9537442065219025,0.15625,0.25,1.0,0.05501142038480898,0.31252024067426004,0.046255793478097496,0.3206785861795889,162.88134702499445,94.23012823701892,22.692165048113516,160.0,120.0,2.8813470249944544,-25.769871762981083,0.3180837734215255,0.1153462033202696,-9.695004127358327e-23,1.441715488875687,TRACKING
67.34439015388489,0.10176089587518605,-0.05812938583665517,0.9546204340580158,0.15625,0.25,1.0,0.05448910412481395,0.30812938583665517,0.04537956594198422,0.31618362685231194,163.26412770247686,95.1995833540623,22.743061520928325,160.0,120.0,3.2641277024768556,-24.800416645937702,0.29993163773973014,0.10525149640342185,-7.756003301886663e-23,1.441715488875687,TRACKING
67.44247913360596,0.10248853066497036,-0.053172308883937286,0.9555190090926234,0.15625,0.25,1.0,0.053761469335029635,0.3031723088839373,0.04448099090737656,0.3110985422839216,163.62457988771348,96.57554331283092,22.782153711595356,160.0,120.0,3.6245798877134803,-23.424456687169084,0.2863733726287118,0.0918222855010384,-6.20480264150933e-23,1.441715488875687,TRACKING
67.54758858680725,0.10339613533437947,-0.04773313108806735,0.9564424734636029,0.15625,0.25,1.0,0.05285386466562053,0.29773313108806737,0.043557526536397106,0.30550909393267656,163.68699270460166,98.13354262172388,22.928362795532585,160.0,120.0,3.686992704601664,-21.866457378276124,0.2632774465376197,0.07781822128806137,-4.9638421132074645e-23,1.441715488875687,TRACKING
67.64512658119202,0.10445496878560379,-0.041849658464619396,0.9573798252284292,0.15625,0.25,1.0,0.051795031214396214,0.2918496584646194,0.04262017477157076,0.299458557570116,163.71090911907507,99.3847816775092,23.173259272906726,160.0,120.0,3.710909119075069,-20.615218322490804,0.2327439914909387,0.06855605399782677,-3.971073690565972e-23,1.441715488875687,TRACKING
67.74016046524048,0.10567703474775761,-0.0355588197321702,0.9583236995804105,0.15625,0.25,1.0,0.05057296525224239,0.2855588197321702,0.041676300419589474,0.29298187377020174,163.98709092739878,100.56464284990247,23.51763781068405,160.0,120.0,3.987090927398782,-19.43535715009753,0.1954808577588991,0.06078331811709188,-3.1768589524527774e-23,1.441715488875687,TRACKING
67.83884978294373,0.107065947705179,-0.028947359070364734,0.9592780568751047,0.15625,0.25,1.0,0.04918405229482101,0.2789473590703647,0.0407219431248953,0.28616250066061744,164.3703414026139,102.08828555263192,23.791078453287405,160.0,120.0,4.370341402613889,-17.911714447368084,0.17119055768927588,0.04970772286295114,-2.541487161962222e-23,1.441715488875687,TRACKING
67.92896270751953,0.10857366937708432,-0.022106725667097066,0.9602459395650835,0.15625,0.25,1.0,0.04767633062291568,0.27210672566709704,0.03975406043491647,0.2790976316201865,164.45924226692364,103.89587361580254,24.09487383094052,160.0,120.0,4.4592422669236385,-16.104126384197457,0.14645057375679044,0.0363319076399576,-2.0331897295697776e-23,1.441715488875687,TRACKING
68.01910352706909,0.11014919451381407,-0.015081697467404197,0.9612206619612166,0.15625,0.25,1.0,0.04610080548618593,0.2650816974674042,0.03877933803878342,0.2718408130825866,164.2761892056781,105.34299366203922,24.585023092650403,160.0,120.0,4.276189205678094,-14.65700633796078,0.10369765472968397,0.027933440122980928,-1.6265517836558222e-23,1.441715488875687,TRACKING
68.12364077568054,0.11179049776714085,-0.007918266311240969,0.9621927968689257,0.15625,0.25,1.0,0.04445950223285915,0.257918266311241,0.03780720313107433,0.2644387718251318,164.4517428323236,106.7007233614046,25.121255935057967,160.0,120.0,4.451742832323589,-13.299276638595401,0.060912130354028676,0.02086994337681905,-1.3012414269246578e-23,1.441715488875687,TRACKING
68.23021340370178,0.11349841813716999,-0.0007145636273399624,0.9631584619421709,0.15625,0.25,1.0,0.04275158186283001,0.25071456362733996,0.03684153805782908,0.2569879162394377,164.74295687665486,108.45614614926845,25.71115860098226,160.0,120.0,4.742956876654858,-11.543853850731551,0.016929794687481292,0.009606564666796408,-1.0409931415397264e-23,1.441715488875687,TRACKING
68.31576347351074,0.11522403294895825,0.006426548720535494,0.9641125018343797,0.15625,0.25,1.0,0.04102596705104175,0.2435734512794645,0.03588749816562031,0.24959781382305862,164.5792446016616,110.49796594429012,26.302748295564008,160.0,120.0,4.5792446016616,-9.502034055709885,-0.022574002311130353,-0.004158869652046926,-8.32794513231781e-24,1.441715488875687,TRACKING
68.41186928749084,0.11691554484850497,0.013450260984278454,0.9650393375633345,0.15625,0.25,1.0,0.03933445515149503,0.23654973901572154,0.03496066243666551,0.24233288325871383,164.5010832708652,112.273394050312,27.036608016872464,160.0,120.0,4.501083270865195,-7.726605949687993,-0.07422395676013765,-0.014117016535043936,-6.662356105854248e-24,1.441715488875687,TRACKING
68.50543642044067,0.11857083432356076,0.020320770595581173,0.9659093558319201,0.15625,0.25,1.0,0.03767916567643924,0.22967922940441882,0.03409064416807994,0.2352327357441452,164.61394036263465,113.78358801441667,27.758349406371153,160.0,120.0,4.613940362634651,-6.216411985583335,-0.11932610887217082,-0.08907477978822761,-5.329884884683399e-24,1.441715488875687,TRACKING
68.62000226974487,0.12019188357799049,0.026975156374518475,0.9666966205376047,0.15625,0.25,1.0,0.03605811642200951,0.22302484362548153,0.033303379462395255,0.22836239558580998,164.77848781041956,115.36309426381419,28.58215831912782,160.0,120.0,4.778487810419563,-4.63690573618581,-0.17187116938853025,-0.0712598238305821,-4.2639079077467195e-24,1.441715488875687,TRACKING
68.70856738090515,0.1217321463889575,0.03334772853728993,0.9673886013166743,0.15625,0.25,1.0,0.034517853611042495,0.21665227146271007,0.03261139868332574,0.2217953837931439,164.5341031668606,117.03138213634739,29.48203163820701,160.0,120.0,4.5341031668606036,-2.968617863652611,-0.22817788081777213,-0.057007859064465684,-3.411126326197376e-24,1.441715488875687,TRACKING
68.79113411903381,0.12314229816471185,0.039417609110250544,0.967981357985023,0.15625,0.25,1.0,0.03310770183528815,0.21058239088974945,0.03201864201497695,0.2155603319494123,164.17813782261956,118.24781499934357,30.381574654190025,160.0,120.0,4.178137822619561,-1.752185000656425,-0.27948543530856806,-0.04560628725157255,-2.7289010609579007e-24,1.441715488875687,TRACKING
68.89465951919556,0.12442008446413809,0.045162331286795414,0.9684755353422169,0.15625,0.25,1.0,0.03182991553586191,0.20483766871320458,0.031524464657783136,0.2096792930139752,164.1637586398785,119.39534297894343,31.379686275467655,160.0,120.0,4.163758639878495,-0.6046570210565676,-0.33784825008502367,-0.03648502980125804,-2.1831208487663207e-24,1.441715488875687,TRACKING
68.9928297996521,0.12556775593585967,0.05050819195017849,0.9688693987785256,0.15625,0.25,1.0,0.03068224406414033,0.1994918080498215,0.031130601221474374,0.20422413156189148,164.46137246772764,120.76911969534643,32.40628590144167,160.0,120.0,4.461372467727642,0.7691196953464328,-0.3947102421801874,-0.02918802384100643,-1.746496679013057e-24,1.441715488875687,TRACKING
69.08741235733032,0.12655784793062477,0.05537503532834408,0.9691614963595803,0.15625,0.25,1.0,0.029692152069375227,0.1946249646716559,0.030838503640419734,0.19927748009931878,164.27551771437453,122.4254164646949,33.44044653845173,160.0,120.0,4.27551771437453,2.425416464694905,-0.4482313542719664,-0.023350419072805148,-1.3971973432104454e-24,1.441715488875687,TRACKING
69.18796706199646,0.12738095452334527,0.05972800841600606,0.9693482598330077,0.15625,0.25,1.0,0.028869045476654726,0.19027199158399394,0.030651740166992347,0.19487529793007996,163.80112859808366,123.69930092971282,34.432739720513645,160.0,120.0,3.8011285980836647,3.6993009297128197,-0.49360658694125725,-0.01868033525824412,-1.1177578745683565e-24,1.441715488875687,TRACKING
69.28851675987244,0.1280544902237025,0.06354977029493128,0.9694334651628892,0.15625,0.25,1.0,0.028195509776297506,0.18645022970506872,0.030566534837110804,0.19103137957039018,163.88812250477,124.59618722113463,35.47882758652234,160.0,120.0,3.8881225047699957,4.5961872211346275,-0.5428670710163738,-0.014944268206595295,-8.942062996546852e-25,1.441715488875687,TRACKING
69.37665033340454,0.1285722978561638,0.06679651246533853,0.969416223648682,0.15625,0.25,1.0,0.02767770214383619,0.18320348753466148,0.030583776351318037,0.18778961743593073,163.9802528031493,125.80156206849335,36.488908410060326,160.0,120.0,3.9802528031493125,5.801562068493354,-0.585572485990302,-0.011955414565276237,-7.1536503972374815e-25,1.441715488875687,TRACKING
69.4731776714325,0.12892178161840184,0.06942041984233986,0.9692875638584153,0.15625,0.25,1.0,0.027328218381598157,0.18057958015766012,0.030712436141584698,0.1852000810571638,163.83207933059197,126.83128298368084,37.36164346336538,160.0,120.0,3.8320793305919665,6.831282983680836,-0.6114521266221692,-0.00956433165222099,-5.722920317789986e-25,1.441715488875687,TRACKING
69.56572675704956,0.12912794717067666,0.07142016174288995,0.969030269158883,0.15625,0.25,1.0,0.02712205282932334,0.17857983825711005,0.030969730841116982,0.1832634404620393,163.4142852501875,127.42479209979294,38.24872162490576,160.0,120.0,3.414285250187504,7.424792099792938,-0.6398685440015075,-0.08920043188450258,-4.578336254231989e-25,1.441715488875687,TRACKING
69.65625476837158,0.12920676670738854,0.07280495207035562,0.9686241409103331,0.15625,0.25,1.0,0.027043233292611463,0.17719504792964438,0.03137585908966689,0.18197215724204133,163.5100973327879,127.60367910436736,38.90701989389626,160.0,120.0,3.5100973327878933,7.603679104367359,-0.6432336330486843,-0.08013118053265464,-3.662669003385591e-25,1.441715488875687,TRACKING
69.738272190094,0.12915399022487145,0.07354051984198058,0.9680541146207281,0.15625,0.25,1.0,0.02709600977512855,0.17645948015801943,0.0319458853792719,0.18136339618577366,163.7503445468297,128.12999975524113,39.471492328615575,160.0,120.0,3.7503445468296945,8.12999975524113,-0.6400440638978405,-0.0768557387538907,-2.9301352027084733e-25,1.441715488875687,TRACKING
69.83183097839355,0.12899459075447456,0.07358282052012347,0.9673115914763332,0.15625,0.25,1.0,0.02725540924552544,0.17641717947987653,0.032688408523666834,0.18147840257338113,163.6694904654491,128.59059954183448,39.9812571534927,160.0,120.0,3.669490465449087,8.590599541834479,-0.6353274048398438,-0.07399601176816722,-2.344108162166779e-25,1.441715488875687,TRACKING
69.91035866737366,0.12876279336970234,0.07293493517624834,0.9664012584858663,0.15625,0.25,1.0,0.02748720663029766,0.17706506482375167,0.03359874151413367,0.1823086918956681,163.27286335210246,128.62703011356936,40.270384364736074,160.0,120.0,3.272863352102462,8.627030113569361,-0.6104551461633334,-0.06747165477410352,-1.8752865297334233e-25,1.441715488875687,TRACKING
69.9914870262146,0.12844703111214198,0.07161546546437389,0.9653351992263842,0.15625,0.25,1.0,0.02780296888785802,0.1783845345356261,0.03466480077361578,0.18383605645559756,163.33354632901307,128.47342955917165,40.407657681621906,160.0,120.0,3.3335463290130747,8.473429559171649,-0.5756039643116553,-0.06019838866758652,-1.5002292237867388e-25,1.441715488875687,TRACKING
70.08804655075073,0.12802303955179364,0.06960087531937534,0.9641200987160901,0.15625,0.25,1.0,0.028226960448206356,0.18039912468062466,0.03587990128390994,0.18608592853255534,163.5348844900792,128.44981524251432,40.317962684399454,160.0,120.0,3.5348844900792074,8.449815242514319,-0.5233088745312074,-0.05566665745202356,-1.200183379029391e-25,1.441715488875687,TRACKING
70.17659449577332,0.12751234730216482,0.06685735706905692,0.9627635926396314,0.15625,0.25,1.0,0.02873765269783518,0.18314264293094307,0.037236407360368595,0.1890863040397681,163.43057134189132,128.3200120487476,40.05418093284793,160.0,120.0,3.430571341891323,8.3200120487476,-0.4613820385923015,-0.05085331818905249,-9.601467032235127e-26,1.441715488875687,TRACKING
70.28013205528259,0.1269503842403628,0.06339924675444651,0.9612860296627627,0.15625,0.25,1.0,0.029299615759637188,0.18660075324555347,0.038713970337237336,0.19281358897842965,163.0679679908817,127.75772516261856,39.574233757779375,160.0,120.0,3.067967990881698,7.757725162618556,-0.38582680323111246,-0.04213354796327663,-7.681173625788103e-26,1.441715488875687,TRACKING
70.36621141433716,0.1263269101822047,0.05926494125792264,0.9597357648349709,0.15625,0.25,1.0,0.02992308981779529,0.19073505874207736,0.04026423516502908,0.19722186129081204,162.98968929539146,126.91867911632218,39.020914105337354,160.0,120.0,2.9896892953914573,6.918679116322181,-0.3138199417463277,0.04438759493307216,-6.144938900630483e-26,1.441715488875687,TRACKING
70.46473503112793,0.12562114159636106,0.05447420681786314,0.958161177237314,0.15625,0.25,1.0,0.030628858403638937,0.19552579318213686,0.04183882276268602,0.20228432924174175,163.17294968385016,125.97753311872464,38.22874042396244,160.0,120.0,3.172949683850163,5.9775331187246366,-0.22563733455670845,0.03551007594645773,-4.9159511205043866e-26,1.441715488875687,TRACKING
70.55129051208496,0.12486339143499488,0.0490550881336488,0.9565968192884795,0.15625,0.25,1.0,0.03138660856500512,0.20094491186635122,0.043403180711520495,0.2079610850569534,162.92175872516668,124.78526492011534,37.32084256860537,160.0,120.0,2.921758725166683,4.785264920115338,-0.13660807038418338,0.028408060757166186,-3.93276089640351e-26,1.441715488875687,TRACKING
70.64030814170837,0.12410041778710969,0.04308937816404391,0.955077439747911,0.15625,0.25,1.0,0.03214958221289031,0.2069106218359561,0.04492256025208896,0.21415797319877677,162.45457911496186,122.92020422627321,36.39451168173949,160.0,120.0,2.4545791149618594,2.9202042262732135,-0.05696856113597845,0.02272644860573295,-3.146208717122808e-26,1.441715488875687,TRACKING
70.72786140441895,0.12333083222803176,0.036678257369201106,0.9536315511012691,0.15625,0.25,1.0,0.03291916777196824,0.2133217426307989,0.04636844889873093,0.22077108175464016,162.39251469376816,120.8715084489819,35.35286451604326,160.0,120.0,2.392514693768163,0.8715084489818992,0.02611972244387889,0.018181158884586362,-2.5169669736982463e-26,1.441715488875687,TRACKING
70.81041383743286,0.12253833086832285,0.029879448441699253,0.9522694478837771,0.15625,0.25,1.0,0.033711669131677155,0.22012055155830074,0.0477305521162229,0.22774489996330036,162.40954662980673,119.17677445240952,34.35600416260097,160.0,120.0,2.4095466298067265,-0.8232255475904822,0.09487471385764876,0.01454492710766909,-2.0135735789585973e-26,1.441715488875687,TRACKING
70.89796495437622,0.12175567529006798,0.02273976408765195,0.9509958546259281,0.15625,0.25,1.0,0.03449432470993202,0.22726023591234806,0.04900414537407194,0.23502867809689415,162.0964817986322,117.54342016347536,33.37436907150484,160.0,120.0,2.0964817986321975,-2.4565798365246394,0.15515454513245963,0.011635941686135272,-1.610858863166878e-26,1.441715488875687,TRACKING
71.018137216568,0.12103201171847217,0.015357303077697625,0.9498211001322239,0.15625,0.25,1.0,0.035217988281527834,0.23464269692230239,0.05017889986777613,0.24251891453969024,161.53771316911093,115.47822425066818,32.395301127709835,160.0,120.0,1.5377131691109298,-4.521775749331823,0.20996284872171506,0.009308753348908218,-1.2886870905335022e-26,1.441715488875687,TRACKING
71.12770438194275,0.12036761317157235,0.00784851478703634,0.9487527434518037,0.15625,0.25,1.0,0.03588238682842765,0.24215148521296365,0.051247256548196285,0.25010231662074967,161.46318238316428,113.2453912799021,31.476401833475258,160.0,120.0,1.4631823831642805,-6.754608720097906,0.253936112178829,0.007447002679126575,-1.0309496724268018e-26,1.441715488875687,TRACKING
71.23629236221313,0.11974652934821886,0.0002842043049955793,0.9478080528271764,0.15625,0.25,1.0,0.03650347065178114,0.24971579569500443,0.052191947172823605,0.2577100722496221,161.47606854905678,111.50215264736605,30.494902223405646,160.0,120.0,1.4760685490567766,-8.497847352633954,0.30254573331451906,0.09929229223306421,-8.247597379414415e-27,1.441715488875687,TRACKING
71.35342001914978,0.11918788215493521,-0.007274817900241997,0.9470111175377549,0.15625,0.25,1.0,0.03706211784506479,0.257274817900242,0.05298888246224509,0.26527675014852276,161.1344445568869,109.75139922078793,29.612341772056933,160.0,120.0,1.1344445568869048,-10.248600779212069,0.3372425295485618,0.10645263566161545,-6.598077903531532e-27,1.441715488875687,TRACKING
71.44597244262695,0.11870958781496098,-0.014712888328440305,0.9463807965816732,0.15625,0.25,1.0,0.03754041218503902,0.2647128883284403,0.05361920341832682,0.27268519352803855,160.5623889619765,107.64912307078266,28.798376918682706,160.0,120.0,0.5623889619764952,-12.350876929217335,0.36350890184168944,0.11764665895779461,-5.278462322825226e-27,1.441715488875687,TRACKING
71.54151964187622,0.11827944858927229,-0.021895504671295224,0.945927167953479,0.15625,0.25,1.0,0.03797055141072771,0.2718955046712952,0.054072832046521024,0.27980850487507397,160.54055282528472,105.40942999600874,28.1125031178713,160.0,120.0,0.5405528252847205,-14.59057000399126,0.375899173973288,0.13003825995595186,-4.2227698582601816e-27,1.441715488875687,TRACKING
71.63309383392334,0.11785132953516801,-0.028736504793618972,0.9456473847863802,0.15625,0.25,1.0,0.03839867046483199,0.278736504793619,0.05435261521361978,0.28657059126607837,160.6906835246675,103.59736233126799,27.444131989537485,160.0,120.0,0.6906835246674916,-16.402637668732012,0.3886557095012516,0.1373078403194894,-3.378215886608145e-27,1.441715488875687,TRACKING
71.73163843154907,0.11742952809327517,-0.03516648230440843,0.9455299042405505,0.15625,0.25,1.0,0.03882047190672483,0.28516648230440844,0.0544700957594495,0.29290603100819707,160.4307649697448,101.89959990741403,26.849881357469386,160.0,120.0,0.43076496974481415,-18.10040009258597,0.3952528643394525,0.14352911407392518,-2.7025727092865167e-27,1.441715488875687,TRACKING
71.82520055770874,0.11703691269593823,-0.04109748926175218,0.9455634164196811,0.15625,0.25,1.0,0.03921308730406177,0.29109748926175216,0.05443658358031889,0.29872856592952224,160.09723203258022,100.18828341210916,26.301648784912473,160.0,120.0,0.09723203258022295,-19.811716587890842,0.39954552358113915,0.15021128418410912,-2.1620581674292132e-27,1.441715488875687,TRACKING
71.91575837135315,0.11665700759881352,-0.04646355431022576,0.9457350537635094,0.15625,0.25,1.0,0.03959299240118648,0.29646355431022575,0.054264946236490585,0.3039785000153495,159.91556059290565,98.6728156601317,25.84124449690575,160.0,120.0,-0.08443940709435083,-21.327184339868296,0.3969980767696754,0.1549746550287396,-1.7296465339433708e-27,1.441715488875687,TRACKING
72.02677392959595,0.11627482850932191,-0.05122238500686936,0.9460280148649219,0.15625,0.25,1.0,0.039975171490678085,0.3012223850068694,0.05397198513507806,0.3086193687122648,160.0998522393926,97.58811982141958,25.360940850478972,160.0,120.0,0.09985223939258958,-22.411880178580418,0.40040769760791406,0.1554432189630591,-1.3837172271546966e-27,1.441715488875687,TRACKING
72.13221001625061,0.1159306060814498,-0.05531480526560424,0.9464294953884449,0.15625,0.25,1.0,0.0403193939185502,0.3053148052656042,0.0535705046115551,0.31259011949303467,159.86659234061494,96.34340230408874,25.016720050430962,160.0,120.0,-0.13340765938505683,-23.65659769591126,0.391283457578346,0.15856994606616312,-1.1069737817237574e-27,1.441715488875687,TRACKING
72.23276424407959,0.11567343573380506,-0.05868409196518379,0.9469248626879333,0.15625,0.25,1.0,0.04057656426619494,0.30868409196518376,0.0530751373120667,0.31583112006373504,159.5551620050423,95.17690450608053,24.719038256016212,160.0,120.0,-0.4448379949577088,-24.823095493919467,0.3811905503252291,0.16135320555563926,-8.855790253790058e-28,1.441715488875687,TRACKING
72.34334421157837,0.11549727154484332,-0.06131562840387595,0.9475003304200285,0.15625,0.25,1.0,0.04075272845515668,0.31131562840387594,0.05249966957997154,0.3183306781807969,159.5358553032775,94.58998792895235,24.44184958259706,160.0,120.0,-0.46414469672251357,-25.410012071047646,0.3729088661563309,0.15828336905272877,-7.084632203032046e-28,1.441715488875687,TRACKING
72.45220017433167,0.11538188276726419,-0.0632005409964974,0.9481419779839373,0.15625,0.25,1.0,0.04086811723273581,0.3132005409964974,0.05185802201606271,0.32008442063628423,159.6236393516714,94.1641600310163,24.114831127308697,160.0,120.0,-0.37636064832861393,-25.835839968983706,0.37379480914812435,0.15459621605297444,-5.6677057624256375e-28,1.441715488875687,TRACKING
72.55906653404236,0.1153466846201997,-0.0643162442644499,0.9488382749980934,0.15625,0.25,1.0,0.0409033153798003,0.31431624426444993,0.05116172500190663,0.32106900305501224,159.5803655785864,93.66309974159614,23.97605252904582,160.0,120.0,-0.41963442141360474,-26.33690025840386,0.35574747671312834,0.15286313832607928,-4.53416460994051e-28,1.441715488875687,TRACKING
72.65680766105652,0.11540862776259507,-0.06467080073659219,0.9495811609655324,0.15625,0.25,1.0,0.04084137223740493,0.3146708007365922,0.050418839034467644,0.32129081818817345,159.20223762608117,93.60601483203749,23.8113300484208,160.0,120.0,-0.7977623739188289,-26.393985167962512,0.34518158700105916,0.14705965182105285,-3.6273316879524083e-28,1.441715488875687,TRACKING
72.76352524757385,0.11553374548060083,-0.06428319618787305,0.9503638847212157,0.15625,0.25,1.0,0.04071625451939917,0.31428319618787304,0.04963611527878431,0.32077326061896483,159.45358733048792,93.83196773103433,23.550915137247447,160.0,120.0,-0.5464126695120797,-26.168032268965675,0.3485803463310826,0.13936049185349264,-2.9018653503619266e-28,1.441715488875687,TRACKING
72.87520217895508,0.11568398201434045,-0.06315288651969304,0.9511787626952046,0.15625,0.25,1.0,0.04056601798565955,0.31315288651969303,0.04882123730479537,0.31952127528976804,159.97897025358668,94.00286436757955,23.40167794620547,160.0,120.0,-0.021029746413319117,-25.997135632420452,0.3406925890626269,0.13359874167129096,-2.3214922802895415e-28,1.441715488875687,TRACKING
72.96978235244751,0.11586891894582035,-0.061297589670703874,0.9520197685192736,0.15625,0.25,1.0,0.040381081054179646,0.31129758967070387,0.04798023148072639,0.3175514504058173,159.96194025345437,94.36347759210054,23.35196123617003,160.0,120.0,-0.038059746545627604,-25.636522407899463,0.3243006538086255,0.12674896575076267,-1.8571938242316334e-28,1.441715488875687,TRACKING
73.07724070549011,0.11610007444939537,-0.05878024336818558,0.9528878190629109,0.15625,0.25,1.0,0.040149925550604634,0.3087802433681856,0.04711218093708913,0.31492350310652273,159.7917429457512,95.29011366057335,23.245915382734154,160.0,120.0,-0.20825705424880425,-24.709886339426646,0.3178327208078412,0.11472176532245819,-1.485755059385307e-28,1.441715488875687,TRACKING
73.19200348854065,0.11635268098704334,-0.05565907430084857,0.953784438933102,0.15625,0.25,1.0,0.039897319012956664,0.3056590743008486,0.04621556106689795,0.31169719897939646,160.19024250336133,96.25018963254651,23.25071690505772,160.0,120.0,0.19024250336133264,-23.74981036745349,0.30100795877135933,0.10388330697693585,-1.1886040475082455e-28,1.441715488875687,TRACKING
73.2925591468811,0.11661678362710105,-0.05194235510639768,0.9546972555283841,0.15625,0.25,1.0,0.03963321637289895,0.30194235510639766,0.04530274447161586,0.30788360837160444,160.60610925682354,96.96621708744917,23.2573573342653,160.0,120.0,0.6061092568235438,-23.033782912550834,0.28730894869627577,0.09701293687203352,-9.508832380065964e-29,1.441715488875687,TRACKING
73.3920693397522,0.11692177154241878,-0.04763231557138853,0.9556159843217293,0.15625,0.25,1.0,0.039328228457581216,0.29763231557138853,0.04438401567827066,0.3034825294374081,160.39397101693532,97.50304110684195,23.4164508540034,160.0,120.0,0.39397101693532477,-22.49695889315805,0.25925900211044395,0.0928285333544677,-7.607065904052772e-29,1.441715488875687,TRACKING
73.49555087089539,0.1172825399263139,-0.042778121587000395,0.95654001163029,0.15625,0.25,1.0,0.038967460073686094,0.2927781215870004,0.04345998836970999,0.2985402184190633,160.25608116100796,98.28744195992579,23.59743217558561,160.0,120.0,0.2560811610079554,-21.712558040074214,0.2332583339574404,0.08626970296593153,-6.085652723242218e-29,1.441715488875687,TRACKING
73.58532857894897,0.11767585016621572,-0.03746301890480255,0.957480843130212,0.15625,0.25,1.0,0.03857414983378428,0.2874630189048025,0.04251915686978802,0.2931396100396187,160.50832973829773,99.5905302823746,23.79650113736673,160.0,120.0,0.5083297382977321,-20.4094697176254,0.2091687320097239,0.0746066871679171,-4.868522178593775e-29,1.441715488875687,TRACKING
73.67718410491943,0.11809241718909061,-0.03176252740074906,0.9584402028959674,0.15625,0.25,1.0,0.03815758281090939,0.28176252740074903,0.04155979710403257,0.28735577201190443,160.85541432989353,100.95884468354349,24.015932736206096,160.0,120.0,0.8554143298935344,-19.04115531645651,0.18622702489597073,0.06336537713598535,-3.89481774287502e-29,1.441715488875687,TRACKING
73.77295875549316,0.11854802654282447,-0.025720802253670065,0.9594141981965848,0.15625,0.25,1.0,0.03770197345717553,0.27572080225367007,0.0405858018034152,0.2812305227140168,160.9060193144308,102.19824904430325,24.376126999969507,160.0,120.0,0.9060193144308073,-17.801750955696747,0.15060037207458454,0.05453390285319536,-3.115854194300016e-29,1.441715488875687,TRACKING
73.87671279907227,0.11902944589241263,-0.01939152890612907,0.96039961722365,0.15625,0.25,1.0,0.03722055410758737,0.26939152890612905,0.03960038277635003,0.2748187690287748,160.76391255438003,103.53274981825024,24.697243913963334,160.0,120.0,0.7639125543800276,-16.467250181749762,0.12394653767537131,0.04528812715809391,-2.4926833554400134e-29,1.441715488875687,TRACKING
73.97930479049683,0.1195164853077144,-0.012867475255866664,0.9613957531317212,0.15625,0.25,1.0,0.0367335146922856,0.2628674752558667,0.03860424686827879,0.26821437046755914,161.084091988472,105.24334014675523,25.06217909079858,160.0,120.0,1.0840919884720108,-14.75665985324477,0.0954767699723732,0.03253749728499924,-1.994146684352011e-29,1.441715488875687,TRACKING
74.07131123542786,0.1200330740514657,-0.006240979583741216,0.9624002467855094,0.15625,0.25,1.0,0.036216925948534304,0.2562409795837412,0.037599753214490605,0.26150496512492355,161.4308820215107,107.069782270928,25.52579133653983,160.0,120.0,1.4308820215107119,-12.930217729071998,0.05911431326843687,0.019496513362976156,-1.595317347481609e-29,1.441715488875687,TRACKING
74.17662358283997,0.12060878648143264,0.0004453046106861699,0.9634014103457416,0.15625,0.25,1.0,0.03564121351856736,0.24955469538931382,0.03659858965425844,0.2547298546629549,161.45507331398196,108.4453584761032,26.062840285041172,160.0,120.0,1.4550733139819556,-11.554641523896805,0.018568838816520467,0.012341498288522712,-1.2762538779852872e-29,1.441715488875687,TRACKING
74.2621738910675,0.12122748985066871,0.007162060733632488,0.9643875191134745,0.15625,0.25,1.0,0.03502251014933129,0.24283793926636751,0.035612480886525466,0.24792153952246496,161.4331946572621,109.62729199994558,26.65123799283291,160.0,120.0,1.4331946572621064,-10.372708000054416,-0.023367674673188246,0.0074833834908546795,-1.0210031023882297e-29,1.441715488875687,TRACKING
74.35372853279114,0.12186290381564605,0.013833035112716139,0.9653520880767958,0.15625,0.25,1.0,0.034387096184353955,0.23616696488728386,0.034647911923204155,0.24115925337565153,161.74497832165395,111.18498474930544,27.273975033018395,160.0,120.0,1.7449783216539458,-8.815015250694557,-0.0648748067811181,-0.0016136362377354996,-8.168024819105838e-30,1.441715488875687,TRACKING
74.44761753082275,0.12253748845720804,0.020368905884306062,0.966267591935717,0.15625,0.25,1.0,0.033712511542791965,0.22963109411569393,0.033732408064283015,0.23453112410319632,162.1519467855399,112.9778713889284,27.984345215553752,160.0,120.0,2.1519467855399057,-7.022128611071594,-0.11223705706347613,-0.09002872918051362,-6.534419855284672e-30,1.441715488875687,TRACKING
74.54128193855286,0.12328724027781854,0.02672782562102747,0.9671027511684281,0.15625,0.25,1.0,0.03296275972218146,0.22327217437897254,0.03289724883157186,0.22807725963169356,162.0863325492728,114.3870503475056,28.700665759738847,160.0,120.0,2.086332549272811,-5.612949652494393,-0.1557646989995508,-0.07202298334441089,-5.2275358842277374e-30,1.441715488875687,TRACKING
74.63696908950806,0.12410361162364726,0.032880587443548596,0.9678423382077701,0.15625,0.25,1.0,0.03214638837635274,0.2171194125564514,0.0321576617922299,0.22182953997708532,161.95999112650975,115.61953926884739,29.54078735808806,160.0,120.0,1.959991126509749,-4.38046073115261,-0.20944201421325467,-0.05761838667552872,-4.18202870738219e-30,1.441715488875687,TRACKING
74.73179650306702,0.12495247661626555,0.038754229517802774,0.9684858153877016,0.15625,0.25,1.0,0.031297523383734455,0.21124577048219723,0.03151418461229838,0.21586443511692835,162.3345205078661,117.15637217086898,30.480302638164954,160.0,120.0,2.3345205078661024,-2.843627829131023,-0.2693769311898168,-0.04609470934042298,-3.345622965905753e-30,1.441715488875687,TRACKING
74.8314471244812,0.12582987133410728,0.044265283312639896,0.9690340319634999,0.15625,0.25,1.0,0.03042012866589272,0.2057347166873601,0.03096596803650009,0.2102642362716859,162.683526434361,118.89149329045938,31.484831030297943,160.0,120.0,2.6835264343609992,-1.1085067095406202,-0.33116993765947644,-0.03687576747233839,-2.6764983727246028e-30,1.441715488875687,TRACKING
74.92102336883545,0.12674619466555995,0.04937665969467485,0.969486930996634,0.15625,0.25,1.0,0.029503805334440053,0.20062334030532514,0.030513069003366033,0.20506400606757638,162.70756656587957,120.21239185767067,32.37546483857794,160.0,120.0,2.7075665658795742,0.21239185767066715,-0.3749026271053704,-0.029500613977870706,-2.1411986981796823e-30,1.441715488875687,TRACKING
75.02488446235657,0.12766866529174783,0.05406397002558278,0.9698464973042128,0.15625,0.25,1.0,0.028581334708252165,0.19593602997441723,0.030153502695787204,0.20029242187528143,162.42006154785102,121.45958562179257,33.32553884704099,160.0,120.0,2.42006154785102,1.45958562179257,-0.42276862970051077,-0.023600491182296568,-1.712958958543746e-30,1.441715488875687,TRACKING
75.10908341407776,0.12855475940422081,0.05825840271975515,0.9701112199464706,0.15625,0.25,1.0,0.027695240595779186,0.19174159728024484,0.02988878005352935,0.1960234824002623,162.56881179565394,122.99739436571302,34.27969145235887,160.0,120.0,2.568811795653943,2.9973943657130206,-0.46816793696423453,-0.018880392945837255,-1.3703671668349969e-30,1.441715488875687,TRACKING
75.21074986457825,0.12941262200068604,0.061879771253898104,0.9702740034937856,0.15625,0.25,1.0,0.02683737799931396,0.1881202287461019,0.029725996506214436,0.19233590457751573,162.7656726439817,124.58749624860212,35.30816300757086,160.0,120.0,2.765672643981702,4.587496248602122,-0.5194753096106006,-0.015104314356669804,-1.0962937334679975e-30,1.441715488875687,TRACKING
75.32853674888611,0.1302671507016707,0.06489498397873214,0.9703287759678374,0.15625,0.25,1.0,0.025982849298329308,0.18510501602126786,0.029671224032162602,0.18926002470004147,162.46277053157638,125.83757477106404,36.26142636965494,160.0,120.0,2.462770531576382,5.837574771064041,-0.5593122326224766,-0.012083451485335843,-8.770349867743981e-31,1.441715488875687,TRACKING
75.42969298362732,0.13109973630260702,0.06729232868748496,0.9702727406939137,0.15625,0.25,1.0,0.025150263697392983,0.18270767131251503,0.02972725930608633,0.18681097094748406,162.0441007112473,126.72009803966819,37.04987785438704,160.0,120.0,2.044100711247296,6.720098039668187,-0.5794286466786147,-0.009666761188268676,-7.016279894195186e-31,1.441715488875687,TRACKING
75.5122640132904,0.13187064824451256,0.06903810900611597,0.9700845359936652,0.15625,0.25,1.0,0.024379351755487444,0.18096189099388404,0.029915464006334824,0.18503106163780847,161.98548156338495,127.8021556752472,37.79309622638429,160.0,120.0,1.9854815633849512,7.8021556752472065,-0.5959838763128937,-0.09342708545041345,-5.613023915356149e-31,1.441715488875687,TRACKING
75.61292695999146,0.13257512689675577,0.0701010750503288,0.9697350935389397,0.15625,0.25,1.0,0.02367487310324423,0.1798989249496712,0.03026490646106028,0.18395675409617032,162.16174450423733,128.664535496772,38.509084019317754,160.0,120.0,2.1617445042373333,8.664535496772004,-0.6113862098849661,-0.09136544943572139,-4.490419132284919e-31,1.441715488875687,TRACKING
75.70066332817078,0.13322333297678443,0.07049467856115589,0.9692132950675924,0.15625,0.25,1.0,0.02302666702321557,0.17950532143884412,0.03078670493240765,0.18357616680728445,161.68635264723667,129.0513854813491,39.06182788373574,160.0,120.0,1.6863526472366743,9.051385481349087,-0.6104693200851277,-0.08528375275122307,-3.5923353058279353e-31,1.441715488875687,TRACKING
75.8033299446106,0.13378336095299354,0.07024282000898775,0.9685217476929269,0.15625,0.25,1.0,0.022466639047006465,0.17975717999101226,0.03147825230707313,0.183870264036079,161.08674582836986,129.02636168348238,39.488991453896006,160.0,120.0,1.0867458283698568,9.026361683482378,-0.5995651383981703,-0.07624926084564577,-2.8738682446623484e-31,1.441715488875687,TRACKING
75.89687395095825,0.13421342376610895,0.06932346503730787,0.9676612572895403,0.15625,0.25,1.0,0.022036576233891048,0.18067653496269215,0.03233874271045967,0.18486593861047068,160.9068539962041,129.22012505398033,39.65536218337469,160.0,120.0,0.9068539962040916,9.220125053980325,-0.5646752984515253,-0.07140174123901125,-2.299094595729879e-31,1.441715488875687,TRACKING
75.9925799369812,0.13452069653045673,0.06770013724097346,0.9666332788597288,0.15625,0.25,1.0,0.02172930346954327,0.18229986275902654,0.03336672114027117,0.18659780457144728,160.7958149608139,129.40445442351495,39.73162525836591,160.0,120.0,0.7958149608139138,9.404454423514949,-0.5278539858288613,-0.06759772519941293,-1.8392756765839032e-31,1.441715488875687,TRACKING
76.07716679573059,0.13472881727962419,0.06538030016074438,0.965451553572211,0.15625,0.25,1.0,0.021521182720375814,0.18461969983925564,0.03454844642778898,0.18905340521925135,160.2843504947927,129.24479082206207,39.66184105538902,160.0,120.0,0.28435049479270447,9.244790822062072,-0.48260269157883406,-0.06094529149179494,-1.4714205412671226e-31,1.441715488875687,TRACKING
76.17628312110901,0.13481928102339147,0.06238642774036099,0.9641353358899085,0.15625,0.25,1.0,0.02143071897660853,0.187613572259639,0.03586466411009148,0.1922092670596474,159.64915200984768,128.65040546195266,39.33826400778021,160.0,120.0,-0.3508479901523174,8.650405461952658,-0.41753912672812565,-0.05070229224179112,-1.1771364330136981e-31,1.441715488875687,TRACKING
76.27383518218994,0.13476525535582673,0.05872374176022174,0.9627064630861332,0.15625,0.25,1.0,0.02148474464417327,0.19127625823977826,0.03729353691386683,0.19605868793343903,159.388110915776,128.07759677170478,38.91024102034034,160.0,120.0,-0.6118890842240035,8.077596771704776,-0.35154617944118405,-0.042200023352333596,-9.417091464109585e-32,1.441715488875687,TRACKING
76.36144518852234,0.1345908340771595,0.05441324975229559,0.9612113359420035,0.15625,0.25,1.0,0.021659165922840506,0.19558675024770442,0.038788664057996525,0.20056883307317502,159.4820183415923,127.14283635436689,38.213817574781274,160.0,120.0,-0.5179816584077059,7.142836354366892,-0.2657484894818264,0.04755445548662787,-7.533673171287669e-32,1.441715488875687,TRACKING
76.45811915397644,0.13433282847017686,0.04949968072259097,0.9597044970209855,0.15625,0.25,1.0,0.021917171529823143,0.20050031927740902,0.04029550297901452,0.20568049980137254,159.1307710284803,125.9164855981119,37.41234262966252,160.0,120.0,-0.8692289715197035,5.916485598111905,-0.1804906157446532,0.0380435643893023,-6.026938537030135e-32,1.441715488875687,TRACKING
76.55623388290405,0.13397910723777579,0.04401662003779916,0.9582208491013222,0.15625,0.25,1.0,0.022270892762224215,0.20598337996220084,0.041779150898677786,0.21135430663909688,158.69642084624658,124.64803306736161,36.62154329338708,160.0,120.0,-1.303579153753418,4.6480330673616095,-0.10786752520776584,0.03043485151144184,-4.821550829624109e-32,1.441715488875687,TRACKING
76.64992642402649,0.13351008405752815,0.03800036240318497,0.9567822917507355,0.15625,0.25,1.0,0.02273991594247185,0.21199963759681503,0.04321770824926452,0.21755165001573795,158.64577810328294,123.31087565333095,35.668075749649354,160.0,120.0,-1.354221896717064,3.310875653330953,-0.026047151830044746,0.024347881209153474,-3.8572406636992874e-32,1.441715488875687,TRACKING
76.74065375328064,0.13296140285407038,0.0315309104900909,0.955413238902339,0.15625,0.25,1.0,0.023288597145929624,0.2184690895099091,0.04458676109766102,0.22418537216663798,158.68461630180187,121.57696655930866,34.70919125387364,160.0,120.0,-1.3153836981981328,1.5769665593086586,0.046689034916143485,0.01947830496732278,-3.0857925309594304e-32,1.441715488875687,TRACKING
76.83436584472656,0.1323785782129717,0.02469656009569226,0.9541309739934675,0.15625,0.25,1.0,0.023871421787028307,0.22530343990430773,0.04586902600653253,0.23116109611618513,158.31710447800714,119.68345416687093,33.688453963607955,160.0,120.0,-1.6828955219928616,-0.31654583312906936,0.11850531820750301,0.015582643973858223,-2.468634024767544e-32,1.441715488875687,TRACKING
76.93217206001282,0.13175219742609195,0.0175500644991145,0.9529410488158224,0.15625,0.25,1.0,0.024497802573908045,0.2324499355008855,0.04705895118417758,0.23842747268691755,157.79153966363432,118.08030477877861,32.70803489415523,160.0,120.0,-2.2084603363656754,-1.9196952212213887,0.17859592878556108,0.012466115179086579,-1.9749072198140353e-32,1.441715488875687,TRACKING
77.01285481452942,0.13106468314936048,0.010146922964408917,0.9518452078325638,0.15625,0.25,1.0,0.025185316850639516,0.23985307703559108,0.04815479216743623,0.24593227270327347,157.8014392579248,116.50107849255863,31.758597810900607,160.0,120.0,-2.1985607420751876,-3.4989215074413664,0.23006756467722939,0.009972892143269263,-1.5799257758512285e-32,1.441715488875687,TRACKING
77.1074891090393,0.13035033724369666,0.002586538750609816,0.9508459616179694,0.15625,0.25,1.0,0.025899662756303343,0.24741346124939018,0.049154038382030585,0.25357510293314656,157.83911636481912,114.59161059657913,30.81729473858442,160.0,120.0,-2.1608836351808804,-5.40838940342087,0.2769815505504291,0.007978313714615411,-1.263940620680983e-32,1.441715488875687,TRACKING
77.21749687194824,0.1296488154074618,-0.005023877596205574,0.9499689217125251,0.15625,0.25,1.0,0.026601184592538213,0.2550238775962056,0.050031078287474884,0.2612430094003248,157.57876151359727,112.52899039973931,29.97215869052299,160.0,120.0,-2.4212384864027285,-7.471009600260686,0.31035038744352034,0.08843923974788886,-1.0111524965447863e-32,1.441715488875687,TRACKING
77.35013484954834,0.128944387456833,-0.012608784172537586,0.9492407251954657,0.15625,0.25,1.0,0.02730561254316699,0.2626087841725376,0.05075927480453435,0.26885958041256075,157.3306078256351,110.69531470709617,29.11635863895225,160.0,120.0,-2.6693921743649014,-9.304685292903827,0.344153644886764,0.09773968862274722,-8.089219972358291e-33,1.441715488875687,TRACKING
77.44022631645203,0.12821312275971203,-0.020084999803493042,0.9486735623931332,0.15625,0.25,1.0,0.028036877240287972,0.27008499980349304,0.05132643760686684,0.2763446702971697,157.56489508666283,108.87695455961251,28.32530219033117,160.0,120.0,-2.4351049133371703,-11.123045440387486,0.3699485163925823,0.10669270136988847,-6.471375977886634e-33,1.441715488875687,TRACKING
77.5347671508789,0.12748704756036155,-0.0273237993869822,0.948275088381128,0.15625,0.25,1.0,0.028762952439638445,0.2773237993869822,0.05172491161887205,0.2835687987446013,157.86362040496365,106.65899675158994,27.568569226449636,160.0,120.0,-2.1363795950363453,-13.341003248410061,0.392284443143703,0.11991085600771392,-5.177100782309307e-33,1.441715488875687,TRACKING
77.631356716156,0.1268076369699737,-0.03418952899400016,0.9480448326912728,0.15625,0.25,1.0,0.029442363030026286,0.2841895289940002,0.05195516730872718,0.2903960752846039,157.80957790311896,104.27701160008131,26.933379773498416,160.0,120.0,-2.1904220968810364,-15.722988399918691,0.4018617507697614,0.13432007469795015,-4.141680625847446e-33,1.441715488875687,TRACKING
77.74392914772034,0.12615923934527606,-0.0405938291095042,0.9479723322213482,0.15625,0.25,1.0,0.030090760654723936,0.2905938291095042,0.052027667778651754,0.29674417535612957,157.68545491559178,102.26143418800207,26.378401908010787,160.0,120.0,-2.3145450844082234,-17.73856581199793,0.40500226756283714,0.14400655770095588,-3.313344500677957e-33,1.441715488875687,TRACKING
77.85050296783447,0.12551569643550728,-0.04647341396432992,0.9480458017116892,0.15625,0.25,1.0,0.03073430356449272,0.2964734139643299,0.05195419828831083,0.30255631099522684,157.95501529962684,100.60218205435467,25.836311009799296,160.0,120.0,-2.0449847003731634,-19.39781794564533,0.4099587631142389,0.14968971742299012,-2.6506756005423658e-33,1.441715488875687,TRACKING
77.98560929298401,0.12490518918375555,-0.05174548128638323,0.9482516660113195,0.15625,0.25,1.0,0.03134481081624445,0.30174548128638323,0.051748333988680506,0.3077510726422594,158.32075994475744,98.81641833533054,25.411387514798495,160.0,120.0,-1.679240055242559,-21.18358166466946,0.4046192801638856,0.1571467452358487,-2.120540480433893e-33,1.441715488875687,TRACKING
78.11220526695251,0.12436452547359751,-0.05632677089002603,0.9485726936913655,0.15625,0.25,1.0,0.03188547452640249,0.306326770890026,0.05142730630863446,0.31224596375909563,158.3601823491021,97.14179633813086,25.049512384954717,160.0,120.0,-1.6398176508978963,-22.85820366186914,0.39627335104405337,0.16352861098386912,-1.6964323843471142e-33,1.441715488875687,TRACKING
78.22134399414062,0.12387342711191561,-0.06018007603125955,0.9489947274509036,0.15625,0.25,1.0,0.03237657288808439,0.3101800760312595,0.05100527254909637,0.31600863891125347,158.02772662017807,96.06489177139639,24.677949976032334,160.0,120.0,-1.972273379821928,-23.93510822860361,0.39321277145808214,0.16360424396844228,-1.3571459074776914e-33,1.441715488875687,TRACKING
78.34494304656982,0.12340232238787471,-0.06327804668313947,0.9495013852474988,0.15625,0.25,1.0,0.03284767761212529,0.31327804668313947,0.05049861475250117,0.31901757718037255,158.35177092982474,95.17473923697895,24.339854763168574,160.0,120.0,-1.6482290701752618,-24.82526076302105,0.38962361213240776,0.16260075305399202,-1.085716725982153e-33,1.441715488875687,TRACKING
78.49265384674072,0.12297198927272497,-0.06558207545049079,0.9500780012952458,0.15625,0.25,1.0,0.03327801072727503,0.3155820754504908,0.04992199870475422,0.3212346156600832,158.91239973109506,94.24614008960761,24.120094209951176,160.0,120.0,-1.0876002689049358,-25.753859910392393,0.3758891362134513,0.1630362054445915,-8.685733807857225e-34,1.441715488875687,TRACKING
78.62523770332336,0.12260563579552687,-0.06708575502284315,0.9507129361301668,0.15625,0.25,1.0,0.03364436420447313,0.31708575502284314,0.04928706386983317,0.32265234222927736,158.7680598252118,93.80999105824495,23.89564584645362,160.0,120.0,-1.2319401747882068,-26.190008941755053,0.3669639765401298,0.15882703946799945,-6.948587046285781e-34,1.441715488875687,TRACKING
78.74277877807617,0.12227898674675712,-0.06779590550070623,0.9513973497883709,0.15625,0.25,1.0,0.03397101325324288,0.31779590550070624,0.04860265021162913,0.323280814311737,158.49923888638767,93.70149418785923,23.689907913598173,160.0,120.0,-1.5007611136123273,-26.298505812140775,0.35930316120016725,0.1522607970640782,-5.558869637028625e-34,1.441715488875687,TRACKING
78.85640168190002,0.12197023749360486,-0.06770113885153377,0.9521220801759004,0.15625,0.25,1.0,0.03427976250639514,0.3177011388515338,0.04787791982409961,0.32311207181369644,158.65864376492152,93.56805656451573,23.492024585977486,160.0,120.0,-1.3413562350784787,-26.43194343548427,0.35373652959293944,0.14738119120878101,-4.4470957096228995e-34,1.441715488875687,TRACKING
78.95598483085632,0.12170484229412765,-0.06681224084591207,0.9528791827498533,0.15625,0.25,1.0,0.034545157705872354,0.3168122408459121,0.04712081725014672,0.3221548312365554,158.953118447199,93.71923676693523,23.33695188710485,160.0,120.0,-1.0468815528010111,-26.280763233064775,0.34588217930647,0.1404737718929779,-3.55767656769832e-34,1.441715488875687,TRACKING
79.0545711517334,0.12150767275307088,-0.06518578235164982,0.9536700177755568,0.15625,0.25,1.0,0.03474232724692912,0.31518578235164985,0.04632998222444318,0.3204615015131638,158.9369868600641,94.35837609089072,23.1522828867744,160.0,120.0,-1.0630131399358902,-25.641623909109285,0.34399307447238614,0.12944983690324724,-2.846141254158656e-34,1.441715488875687,TRACKING
79.1817033290863,0.12134984711839646,-0.0628728222393712,0.9544932487875881,0.15625,0.25,1.0,0.034900152881603544,0.3128728222393712,0.04550675121241188,0.3180853469952629,158.72621370025263,95.23272702133482,23.046595494445352,160.0,120.0,-1.2737862997473712,-24.767272978665176,0.3349443298328758,0.1174614037199035,-2.276913003326925e-34,1.441715488875687,TRACKING
79.29586052894592,0.12119719631705975,-0.05987357710679229,0.955334752509029,0.15625,0.25,1.0,0.03505280368294025,0.3098735771067923,0.044665247490971005,0.31503224782301825,159.18636233045717,95.739796047144,23.073905559701245,160.0,120.0,-0.8136376695428282,-24.260203952856003,0.31357603010957436,0.11110314840622848,-1.82153040266154e-34,1.441715488875687,TRACKING
79.41395330429077,0.12106265631092583,-0.05618583332141185,0.9561825823812654,0.15625,0.25,1.0,0.03518734368907417,0.30618583332141186,0.04381741761873459,0.3113003048013205,159.6289442000999,96.0863205403848,23.158437669286766,160.0,120.0,-0.3710557999000912,-23.913679459615196,0.28989279531808954,0.10731504499767258,-1.4572243221292323e-34,1.441715488875687,TRACKING
79.51253867149353,0.12095996977219892,-0.05185781452430088,0.9570354389576518,0.15625,0.25,1.0,0.035290030227801084,0.3018578145243009,0.04296456104234825,0.3069356283138665,159.53671518880518,96.87756640483899,23.21190086305764,160.0,120.0,-0.4632848111948249,-23.122433595161013,0.2738279875058806,0.0990823917581969,-1.165779457703386e-34,1.441715488875687,TRACKING
79.60412955284119,0.12088449099263762,-0.04696971739633482,0.957902466611692,0.15625,0.25,1.0,0.03536550900736238,0.2969697173963348,0.04209753338830802,0.30201644755739465,159.33525708463742,98.0741054495223,23.31652403220939,160.0,120.0,-0.6647429153625808,-21.925894550477693,0.25488221365213526,0.08731949036134998,-9.326235661627088e-35,1.441715488875687,TRACKING
79.71669459342957,0.12086406962444435,-0.041588658907134604,0.9587899240995363,0.15625,0.25,1.0,0.03538593037555565,0.2915886589071346,0.04121007590046366,0.29660475455988045,159.71182427054168,99.28835447053423,23.53028810247297,160.0,120.0,-0.2881757294583167,-20.71164552946577,0.22679127964077436,0.07661782721290356,-7.460988529301671e-35,1.441715488875687,TRACKING
79.81427001953125,0.1209258900296686,-0.035773601531663694,0.9596962448974874,0.15625,0.25,1.0,0.035324109970331405,0.2857736015316637,0.040303755102512606,0.29075545868123864,159.8923404694556,100.55122396969001,23.753306765813974,160.0,120.0,-0.10765953054439592,-19.448776030309986,0.20178752043378434,0.06640942017327212,-5.968790823441337e-35,1.441715488875687,TRACKING
79.91284656524658,0.12104079207752184,-0.029610767752709155,0.9606242698072739,0.15625,0.25,1.0,0.035209207922478156,0.27961076775270916,0.03937573019272611,0.2845563527563532,160.02789270407192,102.14510817185125,23.972146422315216,160.0,120.0,0.027892704071916796,-17.85489182814875,0.18069059538949084,0.05344941934599763,-4.7750326587530703e-35,1.441715488875687,TRACKING
80.00742506980896,0.12116837025708725,-0.023181159809060544,0.9615722442546522,0.15625,0.25,1.0,0.03508162974291275,0.27318115980906055,0.03842775574534785,0.2780923573773044,159.84313025764675,103.84432031170331,24.291587175847667,160.0,120.0,-0.15686974235325124,-16.155679688296686,0.15103397511045816,0.040463506316559296,-3.820026127002456e-35,1.441715488875687,TRACKING
80.09902000427246,0.12131928937827466,-0.016524547010850585,0.9625290135339233,0.15625,0.25,1.0,0.03493071062172534,0.2665245470108506,0.03747098646607672,0.27140295416708116,160.18196105907194,105.15904799447726,24.7148801368962,160.0,120.0,0.18196105907193783,-14.840952005522738,0.11346191681220703,0.032740085718385506,-3.056020901601965e-35,1.441715488875687,TRACKING
80.20157599449158,0.12151036839709807,-0.009676383493425167,0.9634829418083307,0.15625,0.25,1.0,0.03473963160290193,0.25967638349342514,0.03651705819166928,0.2645225164085347,160.6147132870296,106.34235748425202,25.221794224144883,160.0,120.0,0.6147132870295877,-13.65764251574798,0.07109237753708927,0.026799592017078162,-2.444816721281572e-35,1.441715488875687,TRACKING
80.29572606086731,0.12171362926335881,-0.0027174324077944992,0.9644328336648361,0.15625,0.25,1.0,0.03453637073664119,0.2527174324077945,0.03556716633516388,0.25753424018479587,160.61535495737002,107.96200608912905,25.716963067288415,160.0,120.0,0.6153549573700161,-12.037993910870952,0.034961465797210434,0.01617003874286549,-1.955853377025258e-35,1.441715488875687,TRACKING
80.38700723648071,0.12190434701862059,0.004261461911078673,0.9653761327559469,0.15625,0.25,1.0,0.03434565298137941,0.24573853808892132,0.034623867244053086,0.25053116605271164,160.40122507653854,109.72112495707938,26.272287437829267,160.0,120.0,0.40122507653853745,-10.278875042920617,-0.004134833459717824,0.00464986984626959,-1.5646827016202067e-35,1.441715488875687,TRACKING
80.47254085540771,0.1221099940954722,0.011208563315421199,0.9663028200518169,0.15625,0.25,1.0,0.0341400059045278,0.2387914366845788,0.03369717994818311,0.2435618816102114,160.6441321762149,111.1131747340645,27.01790394503214,160.0,120.0,0.6441321762148959,-8.8868252659355,-0.06057380433786019,-0.0021471487175269838,-1.2517461612961655e-35,1.441715488875687,TRACKING
80.58309698104858,0.12236326961087154,0.018076746035452295,0.9671965532851475,0.15625,0.25,1.0,0.033886730389128455,0.23192325396454772,0.03280344671485247,0.23667017628409318,160.9755050673717,112.54515400072592,27.737040682404434,160.0,120.0,0.9755050673716994,-7.4548459992740845,-0.10798385832373578,-0.00929936809241192,-1.0013969290369324e-35,1.441715488875687,TRACKING
80.68967533111572,0.12263920711258372,0.024776009214811066,0.968036427800068,0.15625,0.25,1.0,0.03361079288741628,0.22522399078518893,0.031963572199931956,0.22995043242296354,160.93796775912364,114.3325075253986,28.493642388234512,160.0,120.0,0.9379677591236373,-5.667492474601403,-0.15513444214762245,-0.08248494419995532,-8.01117543229546e-36,1.441715488875687,TRACKING
80.77921509742737,0.12290027757288924,0.031208660589237235,0.9688006636265988,0.15625,0.25,1.0,0.03334972242711076,0.21879133941076276,0.03119933637340122,0.2235067175215581,160.9256969572487,116.35181028091338,29.34379550416518,160.0,120.0,0.9256969572487037,-3.6481897190866164,-0.20861016879678812,-0.06598795535996427,-6.408940345836368e-36,1.441715488875687,TRACKING
80.88679504394531,0.1231594472034585,0.037316948295950565,0.9694723656617675,0.15625,0.25,1.0,0.033090552796541495,0.21268305170404944,0.030527634338232468,0.21739595586122779,161.49281019994604,118.06379745590914,30.192628778909757,160.0,120.0,1.4928101999460353,-1.936202544090861,-0.25719426368303056,-0.05279036428797142,-5.1271522766690944e-36,1.441715488875687,TRACKING
80.98434567451477,0.12344025344493177,0.04307219900116009,0.9700469777092444,0.15625,0.25,1.0,0.03280974655506823,0.2069278009988399,0.029953022290755582,0.2116430434471537,162.2662708438321,119.4036303641632,31.134279865654136,160.0,120.0,2.2662708438321033,-0.596369635836794,-0.3123804038968143,-0.042232291430377135,-4.101721821335276e-36,1.441715488875687,TRACKING
81.10995602607727,0.12371581622506626,0.04843393620099994,0.9705240418310755,0.15625,0.25,1.0,0.032534183774933736,0.20156606379900005,0.029475958168924454,0.20629150079268874,162.50716647207486,120.86917888953812,32.13444473158388,160.0,120.0,2.507166472074857,0.8691788895381194,-0.36966271418797614,-0.03378583314430171,-3.281377457068221e-36,1.441715488875687,TRACKING
81.19853949546814,0.12394720039279152,0.05335509084701261,0.9708986672843689,0.15625,0.25,1.0,0.032302799607208485,0.19664490915298738,0.02910133271563109,0.20139408810607123,162.6311871375127,122.32676361096344,33.13506458975072,160.0,120.0,2.631187137512711,2.3267636109634395,-0.4225405846145204,-0.027028666515441366,-2.625101965654577e-36,1.441715488875687,TRACKING
81.29768538475037,0.12414429843679556,0.05781847143708114,0.9711753191895038,0.15625,0.25,1.0,0.03210570156320444,0.19218152856291887,0.02882468081049616,0.1969654239136213,163.1227739282016,123.33739672859596,34.17411724731502,160.0,120.0,3.1227739282016103,3.3373967285959623,-0.4761440069355599,-0.021622933212353094,-2.1000815725236615e-36,1.441715488875687,TRACKING
81.39827489852905,0.12432262262236636,0.061803011077205185,0.9713562254729358,0.15625,0.25,1.0,0.03192737737763364,0.18819698892279482,0.028643774527064236,0.1930231330306751,163.78382450718846,124.25522744451021,35.20858712994422,160.0,120.0,3.7838245071884558,4.255227444510211,-0.525787759157598,-0.017298346569882477,-1.6800652580189294e-36,1.441715488875687,TRACKING
81.48683643341064,0.12445617609858917,0.06524205098172643,0.9714376389917146,0.15625,0.25,1.0,0.031793823901410834,0.18475794901827358,0.028562361008285353,0.18963690418818938,164.0079592878268,125.40916527972753,36.12912907403894,160.0,120.0,4.007959287826793,5.409165279727532,-0.5600069065854779,-0.013838677255905983,-1.3440522064151434e-36,1.441715488875687,TRACKING
81.5824122428894,0.1245244129684335,0.06805930668996324,0.9714102678225318,0.15625,0.25,1.0,0.0317255870315665,0.18194069331003676,0.028589732177468186,0.18688579812445277,163.83112950022218,126.84554498675453,37.0462563239676,160.0,120.0,3.8311295002221755,6.845544986754533,-0.5934442553286785,-0.011070941804724786,-1.0752417651321147e-36,1.441715488875687,TRACKING
81.69599342346191,0.12454783672561091,0.07022342181947189,0.9712466336334279,0.15625,0.25,1.0,0.031702163274389086,0.1797765781805281,0.02875336636657211,0.18480097752984392,164.30551737826943,127.92603093816778,37.873645330671714,160.0,120.0,4.305517378269428,7.926030938167784,-0.6165812894802363,-0.09591099324798932,-8.601934121056919e-37,1.441715488875687,TRACKING
81.7875623703003,0.12454331977623782,0.07173138231455124,0.9709209715901856,0.15625,0.25,1.0,0.031706680223762176,0.17826861768544877,0.029079028409814356,0.18338648673103314,164.84367983225206,128.59229791742627,38.62726754385507,160.0,120.0,4.843679832252064,8.592297917426265,-0.6326355123327901,-0.0913121552805676,-6.881547296845535e-37,1.441715488875687,TRACKING
81.88612842559814,0.12448780533953772,0.07256137000142322,0.9704183042815527,0.15625,0.25,1.0,0.031762194660462276,0.1774386299985768,0.029581695718447265,0.18267014300919496,164.9337945704072,129.2799674012099,39.23349580749749,160.0,120.0,4.933794570407201,9.279967401209888,-0.6342756025484404,-0.08847890047898495,-5.5052378374764284e-37,1.441715488875687,TRACKING
81.98283243179321,0.12436168497109427,0.07268385446168324,0.9697270026744323,0.15625,0.25,1.0,0.031888315028905725,0.17731614553831676,0.030272997325567652,0.1826864375672756,164.66873023419242,129.92830296850127,39.67784306039583,160.0,120.0,4.668730234192424,9.92830296850127,-0.6217329755652692,-0.08641064281504737,-4.4041902699811426e-37,1.441715488875687,TRACKING
82.1054117679596,0.12418649806470615,0.07210590339479135,0.9688514167180985,0.15625,0.25,1.0,0.03206350193529385,0.17789409660520866,0.03114858328190151,0.18342467664904705,164.59784527600436,130.12168916585395,40.00610358923287,160.0,120.0,4.597845276004364,10.121689165853951,-0.6018308089989675,-0.080353483707421,-3.5233522159849144e-37,1.441715488875687,TRACKING
82.2019624710083,0.12397804525054881,0.07084025974939978,0.967798305687008,0.15625,0.25,1.0,0.03227195474945119,0.17915974025060022,0.032201694312992024,0.18486925300503745,164.86984942940285,129.94784795780507,40.19209446923183,160.0,120.0,4.869849429402848,9.947847957805067,-0.5723011527076879,-0.07165164609956601,-2.8186817727879316e-37,1.441715488875687,TRACKING
82.28251910209656,0.12370898433445635,0.06885711268803202,0.9665774271164698,0.15625,0.25,1.0,0.032541015665543654,0.18114288731196798,0.03342257288353023,0.18705275112228736,164.71452703755912,130.042871955044,40.04441096554757,160.0,120.0,4.714527037559122,10.042871955044006,-0.5126745677388725,-0.06748385774398181,-2.254945418230346e-37,1.441715488875687,TRACKING
82.37565851211548,0.12335701268348435,0.06611921769427842,0.9651972925079784,0.15625,0.25,1.0,0.032892987316515646,0.18388078230572158,0.034802707492021634,0.19001399728636795,164.49936460200132,130.01990397170633,39.82425897330904,160.0,120.0,4.499364602001322,10.019903971706327,-0.4558375382176637,-0.06294078713698362,-1.8039563345842768e-37,1.441715488875687,TRACKING
82.48021268844604,0.12294270776956506,0.06263015461414145,0.9636765312578637,0.15625,0.25,1.0,0.03330729223043494,0.18736984538585855,0.03632346874213632,0.19374268775131898,164.45920155428914,129.770630300115,39.37020780103467,160.0,120.0,4.4592015542891374,9.770630300114988,-0.38267692232701905,-0.05679968585733947,-1.4431650676674214e-37,1.441715488875687,TRACKING
82.57175874710083,0.12248929315330244,0.05844295565052145,0.962050546071578,0.15625,0.25,1.0,0.03376070684669756,0.19155704434947857,0.03794945392842197,0.19817680898672824,164.77492449173326,128.56696842615384,38.75470405565788,160.0,120.0,4.774924491733259,8.566968426153835,-0.3029196737357334,-0.04117594021197033,-1.1545320541339373e-37,1.441715488875687,TRACKING
82.65877437591553,0.12198006436726852,0.053617743604543446,0.960379541109233,0.15625,0.25,1.0,0.03426993563273148,0.19638225639545656,0.03962045889076704,0.2032491079388969,164.5940367655739,127.11242863166308,38.04619232550868,160.0,120.0,4.59403676557389,7.112428631663079,-0.2244070559475108,0.05330006332037235,-9.236256433071498e-38,1.441715488875687,TRACKING
82.74731683731079,0.12139426600777864,0.04816574257453709,0.95871028142524,0.15625,0.25,1.0,0.03485573399222136,0.2018342574254629,0.04128971857476005,0.2089421702830891,164.1572802086582,126.05961616246088,37.18433943418806,160.0,120.0,4.157280208658193,6.059616162460884,-0.13949383778692445,0.04264005065629788,-7.389005146457198e-38,1.441715488875687,TRACKING
82.83285903930664,0.12075724523669154,0.04208421458167227,0.9570685865567844,0.15625,0.25,1.0,0.03549275476330846,0.20791578541832773,0.042931413443215605,0.21524826532876118,164.10223213562782,125.06652798667866,36.18960441518122,160.0,120.0,4.1022321356278155,5.066527986678665,-0.050674071143891386,0.0341120405250383,-5.911204117165758e-38,1.441715488875687,TRACKING
82.93647241592407,0.12010470484649298,0.03541977944976916,0.9554823604426094,0.15625,0.25,1.0,0.03614529515350702,0.21458022055023085,0.04451763955739063,0.22211027361399022,164.2893558564198,123.71083352337237,35.118733897699826,160.0,120.0,4.289355856419803,3.710833523372372,0.03585683603303838,0.027289632420030647,-4.728963293732608e-38,1.441715488875687,TRACKING
83.02798581123352,0.11943234210442862,0.02827851683315658,0.9539849263159552,0.15625,0.25,1.0,0.036817657895571385,0.22172148316684342,0.04601507368404478,0.22941957858205614,164.06570200369435,121.78566163272134,34.1120735026211,160.0,120.0,4.065702003694355,1.785661632721343,0.10539896371233343,0.021831705936024518,-3.783170634986086e-38,1.441715488875687,TRACKING
83.1285355091095,0.11873272334007735,0.02077399357871246,0.9525969061302494,0.15625,0.25,1.0,0.037517276659922646,0.22922600642128754,0.04740309386975061,0.2370636230556129,163.75104141592672,119.55651250450617,33.13446715383995,160.0,120.0,3.7510414159267214,-0.4434874954938266,0.16483104624525174,0.017465364748819615,-3.0265365079888693e-38,1.441715488875687,TRACKING
83.22612071037292,0.11803481091274866,0.01297100868605009,0.9513243639543232,0.15625,0.25,1.0,0.03821518908725134,0.23702899131394992,0.04867563604567682,0.24497440875473936,163.66317692035238,117.67218845019462,32.07992531747644,160.0,120.0,3.6631769203523845,-2.327811549805375,0.22782134422476247,0.013972291799055693,-2.421229206391095e-38,1.441715488875687,TRACKING
83.32321166992188,0.11736367638126373,0.004935334857711431,0.9501688279689221,0.15625,0.25,1.0,0.03888632361873627,0.24506466514228856,0.0498311720310779,0.25308493035318,163.71930123480132,115.89280437434037,31.03650565176374,160.0,120.0,3.7193012348013212,-4.107195625659628,0.2843519167841545,0.011177833439244554,-1.9369833651128763e-38,1.441715488875687,TRACKING
83.4257709980011,0.11670194127955402,-0.003213434965061791,0.9491359033867713,0.15625,0.25,1.0,0.03954805872044598,0.25321343496506177,0.05086409661322866,0.261281933779665,163.4267331195154,113.6250230844101,30.096606652924994,160.0,120.0,3.4267331195154043,-6.374976915589897,0.32530670193514927,0.008942266751395643,-1.549586692090301e-38,1.441715488875687,TRACKING
83.51732087135315,0.11602959015297896,-0.011349440446955272,0.9482438497389506,0.15625,0.25,1.0,0.040220409847021035,0.2613494404469553,0.051756150261049405,0.269443705586238,163.102376527685,111.38840840696618,29.12903864050232,160.0,120.0,3.10237652768501,-8.611591593033822,0.3677432187664995,0.10173779439793801,-1.239669353672241e-38,1.441715488875687,TRACKING
83.61386966705322,0.11537515590593783,-0.019386930650973425,0.9475181575452806,0.15625,0.25,1.0,0.04087484409406217,0.2693869306509734,0.05248184245471943,0.27747867498730105,163.1920162395773,109.264729716237,28.328749689080414,160.0,120.0,3.192016239577299,-10.735270283763,0.38976360929865234,0.11260926543180688,-9.917354829377929e-39,1.441715488875687,TRACKING
83.7104377746582,0.11477763983756402,-0.02722853680713297,0.9469711518437639,0.15625,0.25,1.0,0.04147236016243598,0.277228536807133,0.0530288481562361,0.28528525551532424,163.12481055572525,107.15957431555404,27.584540054402517,160.0,120.0,3.1248105557252472,-12.840425684445961,0.406712276772348,0.12304970025639612,-7.933883863502344e-39,1.441715488875687,TRACKING
83.80697774887085,0.11423055146358048,-0.0347425055332738,0.9466078273416312,0.15625,0.25,1.0,0.04201944853641952,0.2847425055332738,0.05339217265836882,0.2927364900620562,162.7311268612214,104.82872330511013,26.86870101628815,160.0,120.0,2.731126861221412,-15.171276694889869,0.4223088454982471,0.13581066401390127,-6.347107090801875e-39,1.441715488875687,TRACKING
83.9035336971283,0.11372002640828126,-0.041819251860645786,0.9464218352455143,0.15625,0.25,1.0,0.04252997359171874,0.2918192518606458,0.053578164754485735,0.2997297018126134,162.30023245979393,102.69922617859503,26.232589982944475,160.0,120.0,2.300232459793932,-17.300773821404974,0.43088338281240346,0.1459445116209943,-5.0776856726415e-39,1.441715488875687,TRACKING
83.99810028076172,0.11328143172032346,-0.048392597879738986,0.9464010717221472,0.15625,0.25,1.0,0.042968568279676544,0.298392597879739,0.05359892827785284,0.30619811469367225,162.19515109886606,100.87949701608677,25.668968847342864,160.0,120.0,2.195151098866063,-19.120502983913227,0.4340914193295715,0.15260134393463232,-4.0621485381132e-39,1.441715488875687,TRACKING
84.09769129753113,0.11296072674288335,-0.054384602993059375,0.9465299077108245,0.15625,0.25,1.0,0.04328927325711665,0.30438460299305936,0.05347009228917554,0.3120624913183009,162.02307013809107,99.15470070938218,25.11406005930558,160.0,120.0,2.0230701380910716,-20.845299290617817,0.43962915603482566,0.15855221565159844,-3.24971883049056e-39,1.441715488875687,TRACKING
84.19028449058533,0.1127530287318516,-0.0597105360326777,0.9467889473291341,0.15625,0.25,1.0,0.0434969712681484,0.30971053603267773,0.0532110526708659,0.31724441486887106,161.80890275528654,97.54074138944314,24.69868451736943,160.0,120.0,1.8089027552865389,-22.45925861055686,0.4323438900011831,0.16367661673500886,-2.5997750643924482e-39,1.441715488875687,TRACKING
84.28278589248657,0.11263904435018887,-0.06433283560988022,0.9471613534572151,0.15625,0.25,1.0,0.04361095564981113,0.31433283560988023,0.05283864654278492,0.3217125573609323,161.3036882496765,96.4229399567269,24.213061314311368,160.0,120.0,1.3036882496764974,-23.577060043273093,0.4372769944812518,0.16380613285035084,-2.0798200515139587e-39,1.441715488875687,TRACKING
84.38586616516113,0.1126417141284292,-0.06822214764628866,0.9476307717000745,0.15625,0.25,1.0,0.0436082858715708,0.31822214764628864,0.05236922829992552,0.3254374808192853,161.19739736228973,95.39157700275628,23.88854087587832,160.0,120.0,1.1973973622897347,-24.60842299724372,0.4266115514016366,0.16398501443105845,-1.663856041211167e-39,1.441715488875687,TRACKING
84.49543118476868,0.11278665024770779,-0.07130108530267976,0.9481753840224622,0.15625,0.25,1.0,0.04346334975229221,0.32130108530267976,0.05182461597753785,0.3283431756708052,161.1456704986231,94.03231817312947,23.67602178034996,160.0,120.0,1.1456704986231045,-25.967681826870532,0.40782908987023175,0.16867492543772128,-1.3310848329689335e-39,1.441715488875687,TRACKING
84.6069712638855,0.11304833911332958,-0.0734825520078873,0.9487735190058352,0.15625,0.25,1.0,0.04320166088667042,0.3234825520078873,0.051226480994164825,0.33035056729472695,161.07029541272806,92.63262256570798,23.530286063507994,160.0,120.0,1.0702954127280577,-27.367377434292024,0.38682437257666746,0.17411697211298777,-1.0648678663751469e-39,1.441715488875687,TRACKING
84.73455047607422,0.1133869665981515,-0.07473476133449247,0.9494135694089672,0.15625,0.25,1.0,0.042863033401848494,0.32473476133449247,0.05058643059103285,0.33143459658176777,160.81752658248223,91.73557104649436,23.362323194087814,160.0,120.0,0.8175265824822304,-28.264428953505643,0.3735257444179541,0.17423295619118748,-8.518942931001176e-40,1.441715488875687,TRACKING
84.83808445930481,0.11380905024847258,-0.07509259984060065,0.9500956120998818,0.15625,0.25,1.0,0.042440949751527415,0.3250925998406007,0.0499043879001182,0.3316276234251575,160.69423712724625,91.55832862345864,23.184697831741797,160.0,120.0,0.6942371272462537,-28.441671376541365,0.3651428486860333,0.16724213744000582,-6.815154344800941e-40,1.441715488875687,TRACKING
84.93765664100647,0.11433171251011903,-0.07460405809402637,0.950819668936879,0.15625,0.25,1.0,0.04191828748988097,0.32460405809402637,0.04918033106312103,0.3309737789020039,160.80125413271006,91.88791360524812,23.05323430428573,160.0,120.0,0.8012541327100564,-28.112086394751884,0.3545190164962223,0.15624530033051312,-5.452123475840753e-40,1.441715488875687,TRACKING
85.04419827461243,0.11493106504867241,-0.07326542442050576,0.951574370938702,0.15625,0.25,1.0,0.04131893495132759,0.32326542442050576,0.04842562906129799,0.3294735658004511,160.6872969672674,91.93099706911929,23.05174287700936,160.0,120.0,0.6872969672674003,-28.069002930880714,0.33240931463647594,0.1502924527480814,-4.361698780672603e-40,1.441715488875687,TRACKING
85.16530871391296,0.11557937599365876,-0.07106753507133104,0.9523477656571159,0.15625,0.25,1.0,0.040670624006341236,0.321067535071331,0.047652234342884126,0.32712260266101256,160.25958787735664,92.03535553816484,22.98282329592889,160.0,120.0,0.2595878773566369,-27.964644461835164,0.322270460734912,0.14481767770008883,-3.4893590245380827e-40,1.441715488875687,TRACKING
85.27485013008118,0.11629582450798538,-0.0680601401100094,0.9531412080639036,0.15625,0.25,1.0,0.03995417549201462,0.3180601401100094,0.04685879193609643,0.3239665650152124,160.16873212028182,92.71871397944582,22.931507395008808,160.0,120.0,0.16873212028181683,-27.281286020554177,0.3126737232392924,0.13398284603668378,-2.7914872196304666e-40,1.441715488875687,TRACKING
85.38146543502808,0.11710956517051263,-0.06430945991141307,0.9539561298366743,0.15625,0.25,1.0,0.03914043482948737,0.31430945991141307,0.04604387016332567,0.3200663184530086,160.26930035938435,93.66505532199135,22.844562047814073,160.0,120.0,0.2693003593843457,-26.334944678008654,0.30933891664274366,0.12180013993589667,-2.233189775704373e-40,1.441715488875687,TRACKING
85.49161839485168,0.11800492176887416,-0.05985276557228281,0.9547909988070796,0.15625,0.25,1.0,0.03824507823112584,0.3098527655722828,0.04520900119292037,0.31546041927721846,160.17504523359983,94.48228595929437,22.989792510034228,160.0,120.0,0.17504523359983182,-25.517714040705627,0.2813224333032831,0.11260456140384704,-1.7865518205634984e-40,1.441715488875687,TRACKING
85.58818912506104,0.1189563236399491,-0.05474587669847929,0.9556442536655384,0.15625,0.25,1.0,0.037293676360050904,0.3047458766984793,0.0443557463344616,0.31020686629096406,159.76377940183988,95.71348587354134,23.084192310477327,160.0,120.0,-0.23622059816011642,-24.286514126458655,0.26357550138284835,0.09995220793557855,-1.4292414564507987e-40,1.441715488875687,TRACKING
85.69872307777405,0.11997220114495648,-0.04907932911347333,0.956524192944664,0.15625,0.25,1.0,0.03627779885504352,0.29907932911347335,0.043475807055336047,0.3043922955527047,159.84645661119595,97.21376581780189,23.145552180765343,160.0,120.0,-0.15354338880405294,-22.786234182198115,0.25241102143473726,0.08574632957658834,-1.143393165160639e-40,1.441715488875687,TRACKING
85.79927849769592,0.1210563506172501,-0.04292642605981537,0.9574313762853345,0.15625,0.25,1.0,0.035193649382749895,0.2929264260598154,0.04256862371466552,0.2980881946102751,160.04217601480667,98.6479088869179,23.34525684382804,160.0,120.0,0.04217601480667099,-21.352091113082096,0.22758297055202292,0.07373277361916133,-9.147145321285112e-41,1.441715488875687,TRACKING
85.891836643219,0.12216367478256532,-0.03634486865283439,0.9583601640435677,0.15625,0.25,1.0,0.03408632521743468,0.2863448686528344,0.04163983595643228,0.2913574047610877,159.96284684370636,100.12345477185798,23.562544847658145,160.0,120.0,-0.03715315629364113,-19.87654522814202,0.2043567797066162,0.062352556779395836,-7.31771625702809e-41,1.441715488875687,TRACKING
85.9873731136322,0.12323648560590145,-0.029423707729678877,0.9593082835824329,0.15625,0.25,1.0,0.03301351439409855,0.2794237077296789,0.04069171641756708,0.284294418445136,159.9351018522177,101.9332172508776,23.85107180310792,160.0,120.0,-0.0648981477822872,-18.066782749122396,0.17629029621240108,0.04822498732141465,-5.854173005622473e-41,1.441715488875687,TRACKING
86.08191299438477,0.12426657171576348,-0.02225581535546374,0.9602764037670692,0.15625,0.25,1.0,0.03198342828423652,0.2722558153554637,0.03972359623293076,0.27699121426023277,160.08104999910753,103.72797488006263,24.213066247520636,160.0,120.0,0.08104999910753463,-16.272025119937368,0.1436037554628238,0.03542878608327833,-4.683338404497979e-41,1.441715488875687,TRACKING
86.19853734970093,0.12526080632043807,-0.014888185765150788,0.9612540145046516,0.15625,0.25,1.0,0.030989193679561933,0.2648881857651508,0.038745985495348356,0.26949458709752994,160.26263122988865,105.29016517838836,24.663161945165758,160.0,120.0,0.2626312298886546,-14.709834821611636,0.10507084164089002,0.02610099511662098,-3.746670723598383e-41,1.441715488875687,TRACKING
86.29718351364136,0.12618575578257105,-0.007357458856226849,0.9622292683103302,0.15625,0.25,1.0,0.030064244217428954,0.25735745885622685,0.03777073168966982,0.2618460398434025,160.16466476720106,106.59137645469755,25.27135620582503,160.0,120.0,0.16466476720106016,-13.408623545302447,0.05341842135484519,0.020073174161644856,-2.997336578878707e-41,1.441715488875687,TRACKING
86.39390897750854,0.12700192510369043,0.000249680583037274,0.9631981866565198,0.15625,0.25,1.0,0.029248074896309567,0.2497503194169627,0.036801813343480205,0.25413587979540275,159.7622284792959,108.38909745434248,25.900929492160294,160.0,120.0,-0.23777152070408647,-11.610902545657524,0.005448950230818261,0.00860480859974306,-2.3978692631029655e-41,1.441715488875687,TRACKING
86.487464427948,0.12771781742280736,0.007829710499862062,0.9641559116703048,0.15625,0.25,1.0,0.028532182577192644,0.24217028950013794,0.03584408832969521,0.24646568367094407,159.72194234699157,110.23119093321324,26.556556299268202,160.0,120.0,-0.27805765300843177,-9.768809066786758,-0.04024642329513152,-0.0027051524962834056,-1.9182954104823726e-41,1.441715488875687,TRACKING
86.57812285423279,0.12835627808995592,0.01532355868715745,0.9650880107012565,0.15625,0.25,1.0,0.027893721910044078,0.23467644131284254,0.03491198929874351,0.23889315357718077,159.61509763906992,111.8919401374724,27.231649327983803,160.0,120.0,-0.38490236093008434,-8.108059862527597,-0.08356843334138682,-0.01144994244591866,-1.5346363283858983e-41,1.441715488875687,TRACKING
86.67668104171753,0.12889376893748578,0.02268495661050773,0.9659627692578343,0.15625,0.25,1.0,0.027356231062514225,0.22731504338949227,0.03403723074216569,0.23147143539907436,159.49539909771966,113.36652561572426,28.114576102953876,160.0,120.0,-0.5046009022803446,-6.633474384275743,-0.14618750541065026,-0.09078108990617942,-1.2277090627087186e-41,1.441715488875687,TRACKING
86.76487874984741,0.12929268563029542,0.02983333934071585,0.9667544752930141,0.15625,0.25,1.0,0.026957314369704583,0.22016666065928414,0.03324552470698594,0.2242884753546875,159.1768205097092,115.131182171461,29.012458552003025,160.0,120.0,-0.823179490290812,-4.868817828538994,-0.20413529485289222,-0.07262487192494355,-9.821672501669749e-42,1.441715488875687,TRACKING
86.8720371723175,0.12956251634460486,0.03668854676672923,0.9674515733906018,0.15625,0.25,1.0,0.02668748365539514,0.21331145323327078,0.03254842660939816,0.21742446490469794,159.33573411256097,116.8956623170893,29.984480886560757,160.0,120.0,-0.6642658874390293,-3.104337682910696,-0.2650675427498894,-0.058099897539954835,-7.857338001335799e-42,1.441715488875687,TRACKING
86.97982668876648,0.12972894705684285,0.04321490518913417,0.9680480860565561,0.15625,0.25,1.0,0.026521052943157153,0.20678509481086582,0.03195191394344388,0.21091317286931546,159.7958692324908,118.30334139477992,30.999551171845546,160.0,120.0,-0.20413076750921277,-1.6966586052200796,-0.32543025830067623,-0.04647991803196387,-6.285870401068638e-42,1.441715488875687,TRACKING
87.06476950645447,0.12978421072325783,0.04938588121742809,0.9685438653183215,0.15625,0.25,1.0,0.026465789276742174,0.2006141187825719,0.031456134681678516,0.20478269230103577,159.79982079945884,119.61407483019093,32.06678208372109,160.0,120.0,-0.20017920054115734,-0.3859251698090702,-0.3866574807911453,-0.0371839344255711,-5.028696320854911e-42,1.441715488875687,TRACKING
87.16155886650085,0.12971881216288986,0.055124955548779615,0.9689375018222066,0.15625,0.25,1.0,0.026531187837110143,0.1948750444512204,0.031062498177793385,0.19911068698329218,159.79252527379865,121.09832504648446,33.13410621513648,160.0,120.0,-0.20747472620135454,1.0983250464844616,-0.44312029711120443,-0.029747147540456882,-4.022957056683929e-42,1.441715488875687,TRACKING
87.25007009506226,0.1295659878237049,0.06033936444029529,0.9692262024856766,0.15625,0.25,1.0,0.026684012176295097,0.1896606355597047,0.03077379751432341,0.19398510200576838,160.22284787938514,122.80742515045415,34.22169033347885,160.0,120.0,0.22284787938514228,2.8074251504541508,-0.49802688562559594,-0.023797718032365505,-3.218365645347143e-42,1.441715488875687,TRACKING
87.34261393547058,0.12936748691122152,0.06498167038893304,0.969406242003769,0.15625,0.25,1.0,0.02688251308877848,0.18501832961106696,0.030593757996230986,0.18944769681991308,160.6444887253601,124.32986365553445,35.39029679873146,160.0,120.0,0.6444887253601053,4.329863655534453,-0.558623543650071,-0.019038174425892406,-2.574692516277715e-42,1.441715488875687,TRACKING
87.4382894039154,0.12912016466446455,0.06902569892592057,0.969473047433187,0.15625,0.25,1.0,0.02712983533553545,0.1809743010740794,0.030526952566813037,0.1855252555519093,160.97481824521452,125.42881033239622,36.56411677018863,160.0,120.0,0.9748182452145215,5.428810332396225,-0.6158639853200888,-0.015230539540713926,-2.059754013022172e-42,1.441715488875687,TRACKING
87.53585433959961,0.12880876892065063,0.07241969864360003,0.9694197642269778,0.15625,0.25,1.0,0.02744123107934937,0.17758030135639996,0.030580235773022157,0.18227159793262826,161.06652828272928,126.70635885717083,37.61417975346685,160.0,120.0,1.06652828272928,6.706358857170827,-0.6560370471778962,-0.012184431632571142,-1.6478032104177378e-42,1.441715488875687,TRACKING
87.63438868522644,0.12846003466158837,0.07511500106850692,0.9692184290686597,0.15625,0.25,1.0,0.027789965338411632,0.17488499893149306,0.030781570931340263,0.17973466592112824,161.57216870726035,127.9030808584794,38.67031535812504,160.0,120.0,1.5721687072603459,7.903080858479399,-0.6962048566173703,-0.09654971673502233,-1.3182425683341903e-42,1.441715488875687,TRACKING
87.72696924209595,0.12810752491664573,0.07710913955887812,0.9688426876723327,0.15625,0.25,1.0,0.028142475083354268,0.1728908604411219,0.031157312327667275,0.17791578524507742,162.40793871245359,128.48365859438857,39.560407627129415,160.0,120.0,2.4079387124535856,8.483658594388572,-0.7,-0.09086094297435973,-1.0545940546673523e-42,1.441715488875687,TRACKING
87.82255840301514,0.127738455623652,0.07840781006407024,0.9682807873894547,0.15625,0.25,1.0,0.028511544376348008,0.17159218993592976,0.03171921261054533,0.17681316766113783,162.53018625562413,128.94641925456546,40.38990391942611,160.0,120.0,2.5301862556241304,8.946419254565456,-0.7,-0.08554809600862008,-8.436752437338819e-43,1.441715488875687,TRACKING
87.90911293029785,0.12732571098350784,0.07896811175733186,0.9675198550456099,0.15625,0.25,1.0,0.02892428901649216,0.17103188824266813,0.03248014495439011,0.17647515719562423,162.64240625292325,129.68701013143436,41.00803158754397,160.0,120.0,2.6424062529232515,9.687010131434363,-0.7,-0.0847735175878579,-6.7494019498710556e-43,1.441715488875687,TRACKING
88.00967073440552,0.12688711594702023,0.07873030461140709,0.9665465100360541,0.15625,0.25,1.0,0.029362884052979765,0.1712696953885929,0.033453489963945926,0.17695938378390103,163.1798512042927,130.43426944553977,41.513703464948016,160.0,120.0,3.179851204292703,10.434269445539769,-0.7,-0.08490597149069219,-5.3995215598968445e-43,1.441715488875687,TRACKING
88.10723209381104,0.12645414580466946,0.0776769444738116,0.9653578795626127,0.15625,0.25,1.0,0.02979585419533054,0.1723230555261884,0.03464212043738735,0.17827816720369788,163.77045629182345,130.68576100996216,41.72919400300967,160.0,120.0,3.77045629182345,10.685761009962164,-0.6778334524957021,-0.0802517398668712,-4.319617247917476e-43,1.441715488875687,TRACKING
88.20278549194336,0.126017615659613,0.07582308568504895,0.9639684670297448,0.15625,0.25,1.0,0.030232384340386997,0.17417691431495105,0.03603153297025519,0.18041581391709893,163.73413170321064,130.56240954295004,41.753935780606184,160.0,120.0,3.734131703210636,10.562409542950036,-0.62713725075292,-0.07264186253994573,-3.4556937983339806e-43,1.441715488875687,TRACKING
88.29633927345276,0.1255536611559684,0.07316753179623943,0.962395193419618,0.15625,0.25,1.0,0.030696338844031612,0.17683246820376058,0.03760480658038201,0.18337423076160278,163.48608300698925,130.35666880301517,41.56622021418113,160.0,120.0,3.4860830069892472,10.356668803015168,-0.5630007507402581,-0.06553597965270949,-2.7645550386671847e-43,1.441715488875687,TRACKING
88.39443111419678,0.12506918020433633,0.06969822327997342,0.9606558910367717,0.15625,0.25,1.0,0.031180819795663672,0.18030177672002656,0.039344108963228264,0.18716018038471308,163.72121823676957,130.02920258084657,41.15826130175435,160.0,120.0,3.721218236769573,10.029202580846572,-0.4857543356821606,-0.05832572611811308,-2.211644030933748e-43,1.441715488875687,TRACKING
88.48652839660645,0.12457470222767551,0.0654459246250818,0.9587816607819032,0.15625,0.25,1.0,0.03167529777232449,0.1845540753749182,0.04121833921809681,0.1917354498113338,164.16055134486703,129.0484067263784,40.51678834131855,160.0,120.0,4.160551344867031,9.048406726378403,-0.39499462068128666,-0.045081608792024434,-1.7693152247469984e-43,1.441715488875687,TRACKING
88.57810282707214,0.12404564690132494,0.06045232451597268,0.9568109970173193,0.15625,0.25,1.0,0.03220435309867506,0.18954767548402732,0.04318900298268069,0.19705514867300544,164.04874695448584,127.69712942646726,39.661188033734504,160.0,120.0,4.048746954485836,7.6971294264672565,-0.29395710054636265,-0.029518130855442325,-1.4154521797975988e-43,1.441715488875687,TRACKING
88.65712380409241,0.12346007127321293,0.054740833466099155,0.9547978902012021,0.15625,0.25,1.0,0.03278992872678707,0.19525916653390085,0.04520210979879791,0.2030875482930551,163.59349658608963,126.36179539734532,38.71318038690545,160.0,120.0,3.5934965860896284,6.361795397345318,-0.19680674175774332,0.0538699315420832,-1.1323617438380792e-43,1.441715488875687,TRACKING
88.76265978813171,0.1228347981795584,0.048362534966099775,0.9528012427719876,0.15625,0.25,1.0,0.033415201820441595,0.20163746503390023,0.04719875722801237,0.20976645513967918,163.54511421162232,124.6850354012188,37.63572854451833,160.0,120.0,3.5451142116223195,4.685035401218798,-0.0979785401356528,0.04309594523366656,-9.058893950704632e-44,1.441715488875687,TRACKING
88.8572154045105,0.12217949544150591,0.04139427491120228,0.9508651676123235,0.15625,0.25,1.0,0.034070504558494086,0.2086057250887977,0.049134832387676464,0.21700548282119156,163.70432423755452,122.77305049187132,36.483007336895895,160.0,120.0,3.7043242375545162,2.7730504918713166,-0.002958700907962325,0.03447675618693325,-7.247115160563706e-44,1.441715488875687,TRACKING
88.95275545120239,0.12147847397524333,0.03390116184326221,0.9490209547789099,0.15625,0.25,1.0,0.034771526024756666,0.2160988381567378,0.05097904522109009,0.22473680145102232,163.33602959596317,120.80262815968217,35.3220001562504,160.0,120.0,3.3360295959631685,0.8026281596821718,0.08205259071152562,0.027581404949546605,-5.797692128450965e-44,1.441715488875687,TRACKING
89.04534363746643,0.12074036383082663,0.025957580239387972,0.9472909570743067,0.15625,0.25,1.0,0.03550963616917337,0.22404241976061204,0.05270904292569334,0.23288233792883464,162.76821400666316,118.81786156307075,34.08418155984523,160.0,120.0,2.7682140066631575,-1.1821384369292502,0.16677619055356566,0.022065123959637285,-4.638153702760772e-44,1.441715488875687,TRACKING
89.1418969631195,0.11998109137654013,0.01768950088937391,0.945694843166714,0.15625,0.25,1.0,0.03626890862345987,0.2323104991106261,0.05430515683328596,0.24131442515617021,162.62501888338377,116.38547277844715,32.94526872267015,160.0,120.0,2.625018883383774,-3.614527221552848,0.2321621367201096,0.01765209916770983,-3.710522962208618e-44,1.441715488875687,TRACKING
89.23544216156006,0.11919246679846368,0.009234891992699508,0.9442468554379388,0.15625,0.25,1.0,0.03705753320153632,0.2407651080073005,0.05575314456206115,0.24989900185736663,162.70976187747095,113.75158422249456,31.8194238305022,160.0,120.0,2.709761877470953,-6.248415777505443,0.29098228726177355,0.014121679334167865,-2.9684183697668945e-44,1.441715488875687,TRACKING
89.3289794921875,0.11838409975966971,0.0006795981605298956,0.9429667832378057,0.15625,0.25,1.0,0.03786590024033029,0.2493204018394701,0.057033216762194305,0.25854840357010317,162.42649262025844,111.48942123937243,30.78240404665016,160.0,120.0,2.4264926202584434,-8.510578760627567,0.3359886748305614,0.10477186685489374,-2.374734695813516e-44,1.441715488875687,TRACKING
89.42006015777588,0.11756941295001812,-0.00789553651513973,0.9418743470110528,0.15625,0.25,1.0,0.03868058704998188,0.25789553651513974,0.05812565298894723,0.2671795035259152,161.91101155448635,109.41322840459111,29.74065186372104,160.0,120.0,1.9110115544863504,-10.58677159540889,0.3797820055893736,0.11442237531650518,-1.8997877566508128e-44,1.441715488875687,TRACKING
89.52314591407776,0.11673374932229039,-0.016350455772554905,0.9409889950832232,0.15625,0.25,1.0,0.03951625067770961,0.2663504557725549,0.0590110049167768,0.27565630422531456,161.91605811466417,106.97213735763754,28.91055283510642,160.0,120.0,1.9160581146641675,-13.027862642362464,0.3984461128245664,0.12805375754803572,-1.5198302053206504e-44,1.441715488875687,TRACKING
89.61568284034729,0.1158750328832611,-0.02453644274934414,0.9403198812278818,0.15625,0.25,1.0,0.040374967116738894,0.27453644274934413,0.05968011877211821,0.28383465775658157,162.0771096800493,104.37348779320659,28.12314233995052,160.0,120.0,2.07710968004929,-15.626512206793407,0.4144155137723378,0.14292704784326069,-1.2158641642565203e-44,1.441715488875687,TRACKING
89.70622658729553,0.1150355992724152,-0.03236193227194946,0.9398595729305584,0.15625,0.25,1.0,0.041214400727584796,0.28236193227194945,0.06014042706944156,0.2916226304520583,161.67999800101643,102.15069515091143,27.379681364504215,160.0,120.0,1.679998001016429,-17.84930484908857,0.4277893516931134,0.15307961365204437,-9.726913314052163e-45,1.441715488875687,TRACKING
89.80679821968079,0.11426159116795599,-0.039755585813293984,0.9395948590429744,0.15625,0.25,1.0,0.04198840883204401,0.28975558581329397,0.06040514095702565,0.29894833506860374,161.09199870066067,100.1653441973356,26.728541372492927,160.0,120.0,1.0919987006606675,-19.8346558026644,0.43337116290982325,0.1606313250067412,-7.78153065124173e-45,1.441715488875687,TRACKING
89.90536236763,0.11354831761495407,-0.04661459987385071,0.9395131748527722,0.15625,0.25,1.0,0.04270168238504593,0.2966145998738507,0.06048682514722781,0.3057160619810958,161.22374950332983,98.08660504540683,26.155483197052042,160.0,120.0,1.2237495033298273,-21.913394954593173,0.433665044734699,0.16951831284318636,-6.225224520993385e-45,1.441715488875687,TRACKING
90.00091791152954,0.11287760258193583,-0.05284500852767147,0.9395982299254727,0.15625,0.25,1.0,0.043372397418064174,0.3028450085276715,0.060401770074527295,0.31184072517240585,161.49543717716438,96.23020609079373,25.67808176683505,160.0,120.0,1.4954371771643764,-23.76979390920627,0.4272171333066548,0.17609137750109338,-4.980179616794708e-45,1.441715488875687,TRACKING
90.10072350502014,0.11227288599218715,-0.05841056089253867,0.9398326769369609,0.15625,0.25,1.0,0.043977114007812845,0.30841056089253865,0.06016732306303907,0.3172872001689929,161.3370038001666,94.97421319790753,25.224017880803622,160.0,120.0,1.337003800166599,-25.02578680209247,0.4227914767357921,0.1764570683578472,-3.9841436934357667e-45,1.441715488875687,TRACKING
90.21418642997742,0.11176201928415265,-0.06328183004008713,0.9401971640498422,0.15625,0.25,1.0,0.04448798071584735,0.31328183004008714,0.059802835950157784,0.32202649681217405,160.8978969220126,93.88140027602759,24.75223613042641,160.0,120.0,0.8978969220125919,-26.11859972397241,0.42441025591518056,0.17610868784684383,-3.187314954748613e-45,1.441715488875687,TRACKING
90.31574440002441,0.11132412201538243,-0.06737503058986984,0.9406690974118969,0.15625,0.25,1.0,0.04492587798461757,0.3173750305898698,0.05933090258810314,0.3259837427794959,161.18444247806795,92.56187769345601,24.471579255346015,160.0,120.0,1.1844424780679503,-27.43812230654399,0.40763999045314786,0.1793217563896943,-2.5498519637988906e-45,1.441715488875687,TRACKING
90.42585444450378,0.11092606583194875,-0.07060329217958505,0.9412250657890273,0.15625,0.25,1.0,0.04532393416805125,0.32060329217958505,0.058774934210972685,0.32908239523918986,161.8026589120137,91.1692358510882,24.18669934083453,160.0,120.0,1.8026589120136975,-28.830764148911797,0.3966605120174802,0.18390486679476054,-2.0398815710391125e-45,1.441715488875687,TRACKING
90.52499222755432,0.11057701489173216,-0.07293753078443821,0.9418480900280493,0.15625,0.25,1.0,0.04567298510826784,0.3229375307844382,0.058151909971950744,0.33129490637683506,162.0048421538929,90.26485178343194,23.95877875443429,160.0,120.0,2.004842153892895,-29.735148216568064,0.3835030357876891,0.18348524558206894,-1.63190525683129e-45,1.441715488875687,TRACKING
90.63456392288208,0.11030243951296564,-0.07440590946057832,0.9425310641899408,0.15625,0.25,1.0,0.045947560487034356,0.32440590946057835,0.057468935810059185,0.33264553355004683,161.6643465882628,90.12322063005595,23.610422186170865,160.0,120.0,1.664346588262788,-29.876779369944046,0.3880372416809623,0.17560099783208874,-1.3055242054650322e-45,1.441715488875687,TRACKING
90.75815558433533,0.1100960637725856,-0.07503784097519461,0.9432720985638993,0.15625,0.25,1.0,0.0461539362274144,0.3250378409751946,0.056727901436100736,0.3331633813858361,161.80856554726338,90.29450419139673,23.306365142141434,160.0,120.0,1.8085655472633846,-29.705495808603274,0.3891504155640642,0.16598658157272686,-1.0444193643720259e-45,1.441715488875687,TRACKING
90.86676239967346,0.10995027592253517,-0.07481018378852745,0.9440543149456839,0.15625,0.25,1.0,0.04629972407746483,0.32481018378852744,0.055945685054316074,0.3328291447854035,162.08402097486183,90.08076564555046,23.168784177719083,160.0,120.0,2.0840209748618292,-29.919234354449543,0.37355732827868027,0.162366864777946,-8.355354914976207e-46,1.441715488875687,TRACKING
90.96333312988281,0.10989768043495693,-0.07369377739529291,0.9448597307285205,0.15625,0.25,1.0,0.04635231956504307,0.3236937773952929,0.055140269271479525,0.3316121957178665,161.82682203820121,89.73280543938318,23.13292787042463,160.0,120.0,1.8268220382012146,-30.267194560616815,0.35067310853443034,0.16114121957833946,-6.684283931980966e-46,1.441715488875687,TRACKING
91.0794563293457,0.10996039593208268,-0.07170802997815957,0.9456845685429651,0.15625,0.25,1.0,0.04628960406791732,0.32170802997815956,0.05431543145703488,0.32952837524492,161.53743432483077,89.82632353559907,23.17723029473109,160.0,120.0,1.5374343248307696,-30.173676464400927,0.3236549806971098,0.15563076358646585,-5.347427145584773e-46,1.441715488875687,TRACKING
91.21218180656433,0.1101157559985388,-0.0689194728707733,0.9465404686875885,0.15625,0.25,1.0,0.0461342440014612,0.31891947287077327,0.053459531312411546,0.3266434143433799,161.51499698399158,90.60810944364721,23.11706755809132,160.0,120.0,1.5149969839915798,-29.39189055635279,0.3134095664508963,0.14357719907147815,-4.277941716467819e-46,1.441715488875687,TRACKING
91.31382203102112,0.11034768357484893,-0.0654026891310178,0.9474318944239412,0.15625,0.25,1.0,0.045902316425151066,0.31540268913101777,0.05256810557605884,0.3230313989198694,161.54023738895978,91.74094679755038,22.99444985453182,160.0,120.0,1.5402373889597811,-28.25905320244962,0.3126168395120301,0.1293619953301361,-3.422353373174255e-46,1.441715488875687,TRACKING
91.40799498558044,0.11067440515134715,-0.06119281622445146,0.9483539422575079,0.15625,0.25,1.0,0.04557559484865285,0.31119281622445144,0.05164605774249209,0.318724675850262,161.3231162779215,92.62346531769974,23.01660648625623,160.0,120.0,1.323116277921514,-27.37653468230026,0.29665521120111227,0.11970073328671389,-2.737882698539404e-46,1.441715488875687,TRACKING
91.51264786720276,0.1110954634055335,-0.0563228399069952,0.9493020956294675,0.15625,0.25,1.0,0.0451545365944665,0.3063228399069952,0.050697904370532454,0.3137561026200308,160.99247721028766,93.55884628279878,23.105186229616354,160.0,120.0,0.9924772102876602,-26.441153717201217,0.27630470824943426,0.11058214248814184,-2.1903061588315233e-46,1.441715488875687,TRACKING
91.61086893081665,0.11159960491358738,-0.05087455462406783,0.9502805867055063,0.15625,0.25,1.0,0.04465039508641262,0.3008745546240678,0.0497194132944937,0.30820638452172366,160.98617006217526,94.97912685383875,23.210398999537496,160.0,120.0,0.9861700621752618,-25.02087314616125,0.2575446753150493,0.09710402329269228,-1.7522449270652186e-46,1.441715488875687,TRACKING
91.70040965080261,0.11218499867696365,-0.04494240006994934,0.9512887340008717,0.15625,0.25,1.0,0.044065001323036354,0.2949424000699493,0.04871126599912834,0.3021680511501159,161.26795145838267,96.59541187088874,23.386320468778962,160.0,120.0,1.2679514583826688,-23.40458812911126,0.2338949269940811,0.08286682191420261,-1.401795941652175e-46,1.441715488875687,TRACKING
91.7939670085907,0.11282249776631907,-0.0385740780452708,0.952323887361685,0.15625,0.25,1.0,0.04342750223368093,0.2885740780452708,0.04767611263831495,0.29569233704348125,161.20718923041943,98.03135708680523,23.5770730416448,160.0,120.0,1.2071892304194307,-21.96864291319477,0.21208556066741124,0.0719761983615646,-1.1214367533217401e-46,1.441715488875687,TRACKING
91.89352035522461,0.11348705242630443,-0.03181838490140264,0.9533828124234079,0.15625,0.25,1.0,0.04276294757369557,0.28181838490140265,0.046617187576592056,0.2888311512478821,161.23254439869842,99.45719469797613,23.857594501605256,160.0,120.0,1.2325443986984226,-20.542805302023865,0.1832666380188366,0.062058431596986444,-8.97149402657392e-47,1.441715488875687,TRACKING
91.98510766029358,0.11420027109977411,-0.02478363255988338,0.9544671654486666,0.15625,0.25,1.0,0.04204972890022589,0.27478363255988336,0.04553283455133339,0.2816868180189953,161.44081068898797,101.2523481387675,24.12855029857149,160.0,120.0,1.4408106889879662,-18.747651861232498,0.15931729080300752,0.048760881513085864,-7.177195221259138e-47,1.441715488875687,TRACKING
92.0786395072937,0.11499539813335839,-0.01758996248192104,0.9555760477788543,0.15625,0.25,1.0,0.04125460186664161,0.267589962481921,0.0444239522211457,0.2743716780704554,161.84401901327186,103.2693588555065,24.551169865244564,160.0,120.0,1.8440190132718612,-16.730641144493504,0.12130511299835593,0.034040551711081835,-5.74175617700731e-47,1.441715488875687,TRACKING
92.17720937728882,0.11586552724708057,-0.010305893270238016,0.9566959975187054,0.15625,0.25,1.0,0.040384472752919426,0.260305893270238,0.04330400248129462,0.2669556149281146,162.07361235862672,105.01638841660167,25.04022461910452,160.0,120.0,2.0736123586267183,-14.983611583398329,0.08050957986042961,0.023380654405289185,-4.593404941605848e-47,1.441715488875687,TRACKING
92.26431822776794,0.11678516202244048,-0.0029903125687235303,0.9578063650677286,0.15625,0.25,1.0,0.03946483797755952,0.2529903125687235,0.04219363493227135,0.2595031300755605,162.0742197982441,106.73428337594245,25.559010000831023,160.0,120.0,2.074219798244087,-13.265716624057546,0.041125885877589086,0.013571287838920226,-3.674723953284679e-47,1.441715488875687,TRACKING
92.37401294708252,0.11775612793275031,0.004264864109302789,0.958904726570114,0.15625,0.25,1.0,0.03849387206724969,0.2457351358906972,0.04109527342988595,0.2521038609308201,162.39824286885866,108.60745577944562,26.152197652731328,160.0,120.0,2.3982428688586594,-11.392544220554385,-0.002330740786199964,0.002443593611379191,-2.939779162627743e-47,1.441715488875687,TRACKING
92.45903611183167,0.11878762866009747,0.011382447087752006,0.9599797287287749,0.15625,0.25,1.0,0.03746237133990253,0.23861755291224798,0.040020271271225094,0.24483338811702268,162.84916777076398,110.51537009086817,26.829446529237522,160.0,120.0,2.8491677707639838,-9.484629909131826,-0.050646400591471824,-0.008557218429179558,-2.351823330102195e-47,1.441715488875687,TRACKING
92.5558717250824,0.11984811905159035,0.01833246806570086,0.961018966189106,0.15625,0.25,1.0,0.036401880948409654,0.23166753193429915,0.03898103381089402,0.23772770828424222,162.84019528756886,111.94087244077818,27.62369443940844,160.0,120.0,2.8401952875688607,-8.059127559221821,-0.10712016253494863,-0.013808298136484383,-1.881458664081756e-47,1.441715488875687,TRACKING
92.64844799041748,0.12090028307523083,0.02508367532541012,0.9619948081279794,0.15625,0.25,1.0,0.03534971692476917,0.22491632467458988,0.03800519187202056,0.23082753345520968,162.57869377041584,113.25301453523629,28.37125927288355,160.0,120.0,2.578693770415839,-6.746985464763711,-0.15263973948633527,-0.09217518927202051,-1.505166931265405e-47,1.441715488875687,TRACKING
92.7429850101471,0.12195114914470653,0.031547758829754136,0.9628769685310573,0.15625,0.25,1.0,0.03429885085529347,0.21845224117024586,0.03712303146894269,0.2242229076337675,162.85231138167848,114.85341399197097,29.24476472488407,160.0,120.0,2.8523113816784758,-5.146586008029033,-0.20836851603291143,-0.0737401514176164,-1.204133545012324e-47,1.441715488875687,TRACKING
92.83757495880127,0.12301860758063102,0.03762423631009299,0.9636491894451973,0.15625,0.25,1.0,0.03323139241936898,0.21237576368990702,0.036350810554802715,0.21801186177130932,163.16736757143084,116.88863099053307,30.137825747016933,160.0,120.0,3.1673675714308445,-3.1113690094669266,-0.26125238817497165,-0.05899212113409313,-9.633068360098593e-48,1.441715488875687,TRACKING
92.9371337890625,0.1240823213832736,0.043263394025803974,0.9643017147107942,0.15625,0.25,1.0,0.0321676786167264,0.20673660597419602,0.03569828528920582,0.2122478536285079,163.19979767997498,118.473976644701,31.031886006190888,160.0,120.0,3.199797679974978,-1.526023355299003,-0.30992262774474405,-0.0471936969072745,-7.706454688078875e-48,1.441715488875687,TRACKING
93.02069902420044,0.1251116044968362,0.04845053760009204,0.964837083695847,0.15625,0.25,1.0,0.0311383955031638,0.20154946239990795,0.035162916304153025,0.2069497913775615,163.02527330765759,119.68337397310839,32.010641751802396,160.0,120.0,3.025273307657585,-0.3166260268916119,-0.364586196598498,-0.0377549575258196,-6.1651637504631e-48,1.441715488875687,TRACKING
93.10721898078918,0.12611088425087438,0.0531532053172185,0.9652570754776059,0.15625,0.25,1.0,0.030139115749125617,0.1968467946827815,0.034742924522394136,0.2021487018988574,163.2134415049579,120.84662838525483,32.94965700683562,160.0,120.0,3.213441504957899,0.8466283852548315,-0.4107253550541299,-0.030203966020655684,-4.93213100037048e-48,1.441715488875687,TRACKING
93.2017433643341,0.1270909133107915,0.05732157392710967,0.9655613673740662,0.15625,0.25,1.0,0.029159086689208497,0.19267842607289032,0.03443863262593383,0.19789201001460133,163.42074076240232,122.01272910471252,33.97248697723368,160.0,120.0,3.4207407624023176,2.0127291047125198,-0.4635802737816561,-0.02416317281652455,-3.9457048002963846e-48,1.441715488875687,TRACKING
93.2932915687561,0.12802180367181978,0.060942062788228446,0.9657541475465354,0.15625,0.25,1.0,0.028228196328180216,0.18905793721177155,0.034245852453464565,0.19419709859052198,163.4364224745654,122.81419623556802,34.933629634872304,160.0,120.0,3.436422474565404,2.8141962355680192,-0.5061273769899589,-0.01933053825321964,-3.156563840237108e-48,1.441715488875687,TRACKING
93.41046261787415,0.1288697155965108,0.06400611418939711,0.965833046133362,0.15625,0.25,1.0,0.02738028440348919,0.1859938858106029,0.03416695386663804,0.19107795861759802,163.0959907400593,123.6767357928653,35.86932607480079,160.0,120.0,3.0959907400593067,3.6767357928653013,-0.5440481710200779,-0.015464430602575715,-2.5252510721896865e-48,1.441715488875687,TRACKING
93.51799774169922,0.1296455369718744,0.06645606003464832,0.9657967865522054,0.15625,0.25,1.0,0.026604463028125608,0.18354393996535168,0.034203213447794645,0.18858959451988574,163.13173602205418,124.77053889463491,36.75049228461905,160.0,120.0,3.1317360220541843,4.77053889463491,-0.5748382015973494,-0.012371544482060572,-2.0202008577517493e-48,1.441715488875687,TRACKING
93.60607814788818,0.1303707882611011,0.06823232081232895,0.9656421458651967,0.15625,0.25,1.0,0.0258792117388989,0.18176767918767106,0.0343578541348033,0.18678780725263436,163.31658697146412,125.77865789870019,37.51637890681635,160.0,120.0,3.316586971464119,5.778657898700189,-0.5927501316318711,-0.00989723558564846,-1.6161606862013995e-48,1.441715488875687,TRACKING
93.70762228965759,0.1310275280862715,0.0693261309641846,0.9653669308526948,0.15625,0.25,1.0,0.025222471913728506,0.1806738690358154,0.03463306914730524,0.185684327611061,162.97285230171536,126.53802308093246,38.221929591737755,160.0,120.0,2.9728523017153634,6.5380230809324615,-0.6056953242274244,-0.007917788468518767,-1.2929285489611198e-48,1.441715488875687,TRACKING
93.80516529083252,0.13158027697018942,0.06974030640648493,0.9649744373750332,0.15625,0.25,1.0,0.024669723029810575,0.18025969359351507,0.03502556262496681,0.18528071245003075,162.42822649367358,126.87391124589223,38.72968418915835,160.0,120.0,2.428226493673577,6.873911245892231,-0.5988767305157262,-0.006334230774815014,-1.0343428391688959e-48,1.441715488875687,TRACKING
93.91971015930176,0.1320227754078402,0.06945487306465122,0.9644482516609005,0.15625,0.25,1.0,0.024227224592159813,0.1805451269353488,0.035551748339099465,0.1856001834091411,162.11522466229408,127.38020509059167,39.09358927098759,160.0,120.0,2.1152246622940822,7.380205090591673,-0.580893761885199,-0.08612663719818389,-8.274742713351169e-49,1.441715488875687,TRACKING
94.03426837921143,0.1323591538005522,0.06846761690023284,0.9637671442164304,0.15625,0.25,1.0,0.023890846199447813,0.18153238309976716,0.036232855783569606,0.186648328372475,162.1706846047099,127.49782529496858,39.30149273988705,160.0,120.0,2.1706846047098907,7.497825294968578,-0.551613742228032,-0.07695835966966248,-6.6197941706809344e-49,1.441715488875687,TRACKING
94.13786506652832,0.1325608606000506,0.06680554943351298,0.9629353315716445,0.15625,0.25,1.0,0.023689139399949405,0.18319445056648703,0.03706466842835554,0.18840162337297212,161.69174714760246,127.24892518684675,39.27699750260627,160.0,120.0,1.691747147602456,7.248925186846748,-0.5036628754336436,-0.06570594140191308,-5.2958353365447475e-49,1.441715488875687,TRACKING
94.24841856956482,0.13260205295865907,0.06447557020093184,0.9619816698800244,0.15625,0.25,1.0,0.023647947041340933,0.18552442979906816,0.038018330119975574,0.19085055115626698,161.01432528217208,126.93039420592305,39.179512983932845,160.0,120.0,1.0143252821720807,6.930394205923051,-0.45697051367746977,0.020407760426060132,-4.236668269235798e-49,1.441715488875687,TRACKING
94.33597445487976,0.13250058172142457,0.06147154013539397,0.9609395556474298,0.15625,0.25,1.0,0.023749418278575435,0.18852845986460604,0.03906044435257017,0.19399158064336539,160.9423886734021,126.54795119539784,38.856600050274125,160.0,120.0,0.9423886734020925,6.547951195397843,-0.39373133584646075,0.016326208340848105,-3.389334615388639e-49,1.441715488875687,TRACKING
94.4220404624939,0.13228219401738608,0.05783266542790961,0.9598429233924362,0.15625,0.25,1.0,0.023967805982613916,0.1921673345720904,0.040157076607563846,0.19777596163797992,160.99588851417622,125.69541884158379,38.362871041589315,160.0,120.0,0.9958885141762153,5.695418841583788,-0.3217823658581258,0.013060966672678484,-2.7114676923109112e-49,1.441715488875687,TRACKING
94.5086395740509,0.13192526162119594,0.05361080294915333,0.958717612133391,0.15625,0.25,1.0,0.024324738378804056,0.19638919705084668,0.04128238786660898,0.20215005605599692,160.54917842532782,124.54924324007145,37.843397915314306,160.0,120.0,0.549178425327824,4.549243240071448,-0.2578888944600798,0.010448773338142788,-2.1691741538487293e-49,1.441715488875687,TRACKING
94.6087863445282,0.1313949954796836,0.04881876939912071,0.9575777893121078,0.15625,0.25,1.0,0.024855004520316387,0.20118123060087928,0.0424222106878922,0.20710215536164037,160.16577869008614,123.73178685360503,37.14050905999336,160.0,120.0,0.16577869008614243,3.73178685360503,-0.18263192695038258,0.00835901867051423,-1.7353393230789837e-49,1.441715488875687,TRACKING
94.70135736465454,0.13070507291585656,0.043464799315478315,0.9564359944598831,0.15625,0.25,1.0,0.025544927084143437,0.2065352006845217,0.04356400554011686,0.21261974273389853,160.0251694786341,122.98432043616651,36.373706987628495,160.0,120.0,0.025169478634097686,2.984320436166513,-0.11036063328986734,0.0066872149364113845,-1.388271458463187e-49,1.441715488875687,TRACKING
94.80289554595947,0.1298832469130559,0.037604132927623324,0.9553091949623633,0.15625,0.25,1.0,0.02636675308694411,0.21239586707237668,0.04469080503763667,0.2186423519647706,160.1934590075477,121.80405350750726,35.437991252773955,160.0,120.0,0.19345900754768763,1.8040535075072626,-0.028291436388555802,0.0053497719491291075,-1.1106171667705498e-49,1.441715488875687,TRACKING
94.90543293952942,0.1289219895198324,0.03132107371773706,0.9542209565141839,0.15625,0.25,1.0,0.027328010480167614,0.21867892628226293,0.04577904348581607,0.225084459213078,159.96565390300168,120.19200886435237,34.47950766116586,160.0,120.0,-0.03434609699831981,0.19200886435237408,0.04645937766152253,0.004279817559303286,-8.8849373341644e-50,1.441715488875687,TRACKING
95.00497484207153,0.12781652942177366,0.024677790630104068,0.9531874454434163,0.15625,0.25,1.0,0.028433470578226344,0.22532220936989594,0.04681255455658373,0.23188353876152404,159.71062486605265,118.75919907237592,33.46004166264966,160.0,120.0,-0.2893751339473454,-1.240800927624079,0.11978724713516853,0.0034238540474426293,-7.10794986733152e-50,1.441715488875687,TRACKING
95.11050581932068,0.12661276936689456,0.017728609835832063,0.952218829146475,0.15625,0.25,1.0,0.029637230633105444,0.23227139016416792,0.04778117085352496,0.23897992471445956,159.70954868002408,117.33451829169768,32.537822742648544,160.0,120.0,-0.2904513199759151,-2.6654817083023232,0.17471358132571183,0.0027390832379541037,-5.686359893865216e-50,1.441715488875687,TRACKING
95.21205043792725,0.1253696482356084,0.010574052507979121,0.9513290038681715,0.15625,0.25,1.0,0.030880351764391606,0.23942594749202087,0.04867099613182846,0.24626661633686558,159.943647590502,115.43785276789939,31.615692818762813,160.0,120.0,-0.05635240949800391,-4.562147232100614,0.22510023135245433,0.002191266590363283,-4.549087915092174e-50,1.441715488875687,TRACKING
95.33272647857666,0.12409772443127168,0.0033258435316849545,0.9505256058200681,0.15625,0.25,1.0,0.03215227556872832,0.24667415646831506,0.049474394179931935,0.2536328527085431,159.74818843870912,113.37704128033576,30.66102920869119,160.0,120.0,-0.25181156129087867,-6.62295871966424,0.2755017269566313,0.0017530132722906268,-3.639270332073739e-50,1.441715488875687,TRACKING
95.44290232658386,0.12279313449131712,-0.003956524992813596,0.9498250667361576,0.15625,0.25,1.0,0.033456865508682876,0.25395652499281357,0.05017493326384237,0.26101877779984084,159.51965836162577,111.73952034418113,29.87058609609239,160.0,120.0,-0.4803416383742274,-8.26047965581887,0.3041457170930127,0.09213001217090976,-2.911416265658991e-50,1.441715488875687,TRACKING
95.54159259796143,0.12149582521589038,-0.01123068498126429,0.9492498867231767,0.15625,0.25,1.0,0.03475417478410962,0.2612306849812643,0.05075011327682333,0.26837454692707985,159.71772254565246,110.3296952580195,29.04388370141269,160.0,120.0,-0.28227745434753615,-9.670304741980502,0.3366477987269539,0.0967606949509037,-2.3291330125271934e-50,1.441715488875687,TRACKING
95.64069819450378,0.12025329695264196,-0.0184057803531595,0.9488164356570431,0.15625,0.25,1.0,0.03599670304735804,0.2684057803531595,0.0511835643429569,0.27560330697601904,159.8165196546741,108.63930191771267,28.278193480930454,160.0,120.0,-0.18348034532590418,-11.360698082287328,0.36161521972158805,0.10483915549524174,-1.8633064100217546e-50,1.441715488875687,TRACKING
95.72925186157227,0.11906521089433343,-0.025368050700420783,0.94853620153063,0.15625,0.25,1.0,0.03718478910566657,0.2753680507004208,0.05146379846936999,0.28259298370674096,159.68107499477645,106.75705701921831,27.62373490796002,160.0,120.0,-0.31892500522354794,-13.242942980781692,0.37451328986885185,0.11495862077341987,-1.4906451280174038e-50,1.441715488875687,TRACKING
95.82777047157288,0.11791940282794569,-0.032043526489534166,0.9484095608498303,0.15625,0.25,1.0,0.03833059717205431,0.2820435264895342,0.0515904391501697,0.28927384763563785,159.5332161721418,105.13432834972335,26.956131692554383,160.0,120.0,-0.46678382785819394,-14.865671650276653,0.39088252702171167,0.12192923090440544,-1.192516102413923e-50,1.441715488875687,TRACKING
95.95231413841248,0.11685349088912776,-0.038376194289521416,0.9484291598669342,0.15625,0.25,1.0,0.03939650911087224,0.28837619428952144,0.05157084013306579,0.29558833859789035,159.52159051189219,103.6912013667733,26.374246964143502,160.0,120.0,-0.4784094881078147,-16.3087986332267,0.3990678124058251,0.12702059509901265,-9.540128819311384e-51,1.441715488875687,TRACKING
96.05188465118408,0.11591868575200967,-0.044263624349377764,0.9485849509776796,0.15625,0.25,1.0,0.04033131424799033,0.29426362434937775,0.051415049022320414,0.30143192065567553,159.68903383272993,101.95594630893487,25.835737848318033,160.0,120.0,-0.31096616727006676,-18.04405369106513,0.40483984032494313,0.13562509287826002,-7.632103055449107e-51,1.441715488875687,TRACKING
96.13844299316406,0.1151164622280698,-0.049592074250824805,0.9488653392308894,0.15625,0.25,1.0,0.0411335377719302,0.2995920742508248,0.05113466076911055,0.3066955043940464,159.44787199127447,100.04636510080766,25.411014959835676,160.0,120.0,-0.552128008725532,-19.953634899192338,0.4005057262540558,0.14601402378868156,-6.105682444359287e-51,1.441715488875687,TRACKING
96.2399914264679,0.11443334020832771,-0.0543019438994187,0.9492571631003264,0.15625,0.25,1.0,0.04181665979167229,0.30430194389941867,0.05074283689967363,0.3113248168613037,159.282993777971,98.63383032394783,24.975330614701296,160.0,120.0,-0.7170062220289992,-21.366169676052166,0.4012369860704186,0.15061639132104868,-4.88454595548743e-51,1.441715488875687,TRACKING
96.35254096984863,0.11390307023272,-0.05835459180737352,0.9497426563477676,0.15625,0.25,1.0,0.042346929767279995,0.3083545918073735,0.050257343652232445,0.3152802203443557,159.42238666002686,97.44218380236296,24.574589041248956,160.0,120.0,-0.5776133399731407,-22.557816197637038,0.4009651824653974,0.15316701955529394,-3.907636764389944e-51,1.441715488875687,TRACKING
96.45361518859863,0.11356690457307522,-0.061685538383256903,0.95030468308992,0.15625,0.25,1.0,0.04268309542692478,0.3116855383832569,0.04969531691008,0.31849544109025796,159.44955132901745,96.14381519297147,24.274895173106987,160.0,120.0,-0.5504486709825471,-23.856184807028527,0.39225579714184733,0.15747202905188562,-3.126109411511956e-51,1.441715488875687,TRACKING
96.57572817802429,0.11341100964297038,-0.0642447672824958,0.9509308252753551,0.15625,0.25,1.0,0.04283899035702962,0.3142447672824958,0.04906917472464489,0.32092481482022756,159.29220836386133,95.13097987543145,23.998595631287852,160.0,120.0,-0.7077916361386656,-24.86902012456855,0.38477066027710827,0.1589701005522659,-2.5008875292095646e-51,1.441715488875687,TRACKING
96.67988014221191,0.11340539671299131,-0.0660375500300563,0.9516149670097107,0.15625,0.25,1.0,0.04284460328700869,0.3160375500300563,0.04838503299028929,0.3225779045088068,159.01493543650986,94.73513691903045,23.816671770322458,160.0,120.0,-0.9850645634901412,-25.264863080969548,0.3701654464586028,0.15432035736047153,-2.0007100233676517e-51,1.441715488875687,TRACKING
96.78642797470093,0.11356900859154015,-0.06708841457014383,0.9523495556659158,0.15625,0.25,1.0,0.04268099140845985,0.3170884145701438,0.04765044433408416,0.32347688406971536,159.0097080337314,94.74247255755046,23.544673415998904,160.0,120.0,-0.9902919662685861,-25.257527442449543,0.3698250707879983,0.14653517394952126,-1.6005680186941217e-51,1.441715488875687,TRACKING
96.91100788116455,0.1139351495030462,-0.06737721573115743,0.9531164516713466,0.15625,0.25,1.0,0.0423148504969538,0.3173772157311574,0.04688354832865338,0.32359992389017395,158.90267100073402,94.4503260497369,23.371552807526975,160.0,120.0,-1.097328999265983,-25.5496739502631,0.3604022267455681,0.14358961512601462,-1.2804544149552974e-51,1.441715488875687,TRACKING
97.02055811882019,0.11448856820949775,-0.06687099060280798,0.9539030177033522,0.15625,0.25,1.0,0.04176143179050225,0.316870990602808,0.046096982296647826,0.3229182151066351,158.7617361504771,94.11771193232899,23.252948839052692,160.0,120.0,-1.2382638495228946,-25.882288067671013,0.3479808354191904,0.14194543827808317,-1.024363531964238e-51,1.441715488875687,TRACKING
97.14211654663086,0.11519770373970961,-0.06558744636191907,0.9547069420026193,0.15625,0.25,1.0,0.04105229626029039,0.31558744636191904,0.045293057997380703,0.321453244550796,158.49512849781013,94.34114631619451,23.178254845817598,160.0,120.0,-1.5048715021898715,-25.65885368380549,0.333964814905667,0.13482772703504192,-8.194908255713904e-52,1.441715488875687,TRACKING
97.25969290733337,0.1160626447294197,-0.06356244046271327,0.9555265630238906,0.15625,0.25,1.0,0.0401873552705803,0.31356244046271325,0.04447343697610939,0.3192402139283903,158.49683352357658,94.74674510552643,23.127305163941596,160.0,120.0,-1.5031664764234165,-25.25325489447357,0.3206202424375475,0.12692797080202636,-6.5559266045711246e-52,1.441715488875687,TRACKING
97.35927081108093,0.11707232876458669,-0.060810790372484644,0.9563596602078628,0.15625,0.25,1.0,0.03917767123541331,0.31081079037248466,0.04364033979213722,0.3162952996687936,158.67294179032478,95.18538431859218,23.173575535517116,160.0,120.0,-1.327058209675215,-24.814615681407815,0.2994320302603036,0.11987347293804963,-5.2447412836569004e-52,1.441715488875687,TRACKING
97.46133303642273,0.11815974763951673,-0.057366566485687664,0.9572086347630903,0.15625,0.25,1.0,0.03809025236048327,0.30736656648568766,0.04279136523690974,0.31265983825385146,158.76302175233417,95.83211556025874,23.203697339510686,160.0,120.0,-1.2369782476658315,-24.167884439741258,0.283962977773142,0.11154224458742586,-4.19579302692552e-52,1.441715488875687,TRACKING
97.55387258529663,0.11924586241327598,-0.05328216404426007,0.958078324464863,0.15625,0.25,1.0,0.03700413758672402,0.30328216404426006,0.04192167553513704,0.30839391061689264,158.6709641390172,96.76587511416818,23.30929917522296,160.0,120.0,-1.329035860982799,-23.234124885831818,0.2629382156093065,0.1011318973059315,-3.356634421540416e-52,1.441715488875687,TRACKING
97.65743112564087,0.12030455451393637,-0.0485903421502667,0.9589632223463823,0.15625,0.25,1.0,0.035945445486063626,0.2985903421502667,0.041036777653617684,0.3035330041310127,158.7861266903612,97.72281882420933,23.450213050625884,160.0,120.0,-1.2138733096388137,-22.277181175790673,0.2414313069908377,0.09169303390813914,-2.685307537232333e-52,1.441715488875687,TRACKING
97.75355243682861,0.12134110369289143,-0.04332748736481617,0.9598601321456351,0.15625,0.25,1.0,0.03490889630710857,0.2933274873648162,0.04013986785436485,0.2981121515076209,159.03598234873476,98.69483223573607,23.617113199093346,160.0,120.0,-0.9640176512652374,-21.305167764263928,0.2203341176396267,0.083099229234384,-2.1482460297858667e-52,1.441715488875687,TRACKING
97.85012149810791,0.12233354666527053,-0.03757705371262862,0.9607755579670344,0.15625,0.25,1.0,0.033916453334729466,0.28757705371262865,0.0392244420329656,0.29221472324583586,158.84838852667758,100.20164095322845,23.738388307956818,160.0,120.0,-1.1516114733224185,-19.79835904677155,0.20738894454711176,0.06945933809095786,-1.7185968238286935e-52,1.441715488875687,TRACKING
97.95268392562866,0.12324955498228632,-0.03143225118169212,0.9617126398468661,0.15625,0.25,1.0,0.03300044501771368,0.28143225118169213,0.03828736015313394,0.28593541810006323,158.7074881563541,101.79227420016491,24.050349967920955,160.0,120.0,-1.2925118436459115,-18.20772579983509,0.17486512389800118,0.056245511103454736,-1.3748774590629549e-52,1.441715488875687,TRACKING
98.05321383476257,0.12410873481686163,-0.024947459148713706,0.9626650047283496,0.15625,0.25,1.0,0.03214126518313837,0.2749474591487137,0.037334995271650406,0.2793260963315826,158.78009358947196,103.10453397046363,24.398560952354188,160.0,120.0,-1.21990641052804,-16.895466029536365,0.14260966128331876,0.047273837722164966,-1.0999019672503639e-52,1.441715488875687,TRACKING
98.15078377723694,0.12493637763062647,-0.018172698782253218,0.9636240713242625,0.15625,0.25,1.0,0.03131362236937353,0.2681726987822532,0.03637592867573747,0.2724341158979014,158.85706083315677,104.46794708080137,24.782383672680126,160.0,120.0,-1.1429391668432345,-15.532052919198634,0.11038642222773584,0.0383317600429309,-8.799215738002911e-53,1.441715488875687,TRACKING
98.2413501739502,0.12569847390563552,-0.011201601080798318,0.964589099546504,0.15625,0.25,1.0,0.030551526094364484,0.2612016010807983,0.03541090045349604,0.2653556180388773,158.69863617241128,106.32674059946913,25.19297092654872,160.0,120.0,-1.301363827588716,-13.673259400530867,0.07892879709091885,0.02448737439690915,-7.03937259040233e-53,1.441715488875687,TRACKING
98.33390140533447,0.12634734135500703,-0.00413637314434928,0.9655561657263239,0.15625,0.25,1.0,0.029902658644992974,0.2541363731443493,0.034443834273676144,0.25819729446389517,158.44806797984077,108.31515047840006,25.615732043723952,160.0,120.0,-1.551932020159228,-11.684849521599944,0.049527548286703235,0.010284352131089296,-5.631498072321864e-53,1.441715488875687,TRACKING
98.4309811592102,0.12688727935067887,0.0029598330422576737,0.9665122331175098,0.15625,0.25,1.0,0.029362720649321133,0.24704016695774234,0.03348776688249022,0.25102279574814573,158.60750776721878,110.05086602995416,26.284362219106605,160.0,120.0,-1.3924922327812226,-9.949133970045835,-0.004440939284485634,-0.0001253487082312349,-4.505198457857492e-53,1.441715488875687,TRACKING
98.52451729774475,0.12733672707180943,0.010031518710701818,0.9674422828298914,0.15625,0.25,1.0,0.02891327292819057,0.23996848128929818,0.03255771717010858,0.24388697035930615,158.88629850572346,111.7062173689331,26.95141640555406,160.0,120.0,-1.1137014942765404,-8.293782631066904,-0.052119945006160254,-0.009161515033828234,-3.604158766285994e-53,1.441715488875687,TRACKING
98.62307238578796,0.1276828818947237,0.01700305022591791,0.9683207882740835,0.15625,0.25,1.0,0.02856711810527629,0.23299694977408208,0.03167921172591648,0.2368696504334027,158.71091153360305,113.40147827100768,27.62924887253348,160.0,120.0,-1.2890884663969473,-6.598521728992324,-0.09613754065210588,-0.09081995717980278,-2.8833270130287956e-53,1.441715488875687,TRACKING
98.70764207839966,0.12792219018651815,0.02381484756986688,0.9691184756842943,0.15625,0.25,1.0,0.028327809813481847,0.22618515243013312,0.030881524315705677,0.23003446814060904,158.36544943043575,115.11805010955342,28.393663141963657,160.0,120.0,-1.6345505695642544,-4.8819498904465775,-0.1457762899517128,-0.07265596574384223,-2.306661610423036e-53,1.441715488875687,TRACKING
98.80770897865295,0.12809299079590572,0.030426322725580563,0.9698259405862764,0.15625,0.25,1.0,0.02815700920409428,0.21957367727441943,0.030174059413723642,0.22341864465758732,158.54008576991995,116.48562997111208,29.281693572793955,160.0,120.0,-1.4599142300800452,-3.5143700288879245,-0.2046584761219432,-0.05812477259507379,-1.845329288338429e-53,1.441715488875687,TRACKING
98.90128374099731,0.12822710094594517,0.03677715633916587,0.9704398697522879,0.15625,0.25,1.0,0.028022899054054834,0.21322284366083413,0.02956013024771209,0.21707847712398382,159.00190108736203,118.00470481508516,30.22775357042398,160.0,120.0,-0.9980989126379711,-1.9952951849148377,-0.26446814364214927,-0.04649981807605903,-1.4762634306707435e-53,1.441715488875687,TRACKING
98.99280905723572,0.12830653851353493,0.042806145358747,0.9709609752263175,0.15625,0.25,1.0,0.027943461486465065,0.207193854641253,0.029039024773682476,0.2110767523929454,159.2224156689435,119.37739399101142,31.157890704259476,160.0,120.0,-0.777584331056488,-0.6226060089885834,-0.3171581214694955,-0.037199854460847226,-1.181010744536595e-53,1.441715488875687,TRACKING
99.09135341644287,0.12831106698265035,0.04849375630033104,0.9713934613800275,0.15625,0.25,1.0,0.02793893301734965,0.20150624369966896,0.028606538619972532,0.20543535304302984,159.16560137377812,120.49156959818575,32.20733915521739,160.0,120.0,-0.8343986262218834,0.4915695981857482,-0.3791600689225076,-0.029759883568677786,-9.44808595629276e-54,1.441715488875687,TRACKING
99.18889856338501,0.12826742545861378,0.053814149187743986,0.9717403924110878,0.15625,0.25,1.0,0.027982574541386224,0.196185850812256,0.028259607588912217,0.20017621726362078,159.80669561097335,121.45331921953363,33.23622156173114,160.0,120.0,-0.19330438902665037,1.4533192195336255,-0.4338084822727653,-0.02380790685494223,-7.558468765034207e-54,1.441715488875687,TRACKING
99.27744269371033,0.1282039187201298,0.05869010815025937,0.9720012388202731,0.15625,0.25,1.0,0.02804608127987021,0.19130989184974062,0.027998761179726883,0.19537141045279866,160.5545813341444,122.83188359743319,34.239705056385006,160.0,120.0,0.5545813341443875,2.8318835974331904,-0.4818897914526322,-0.019046325483953783,-6.046775012027366e-54,1.441715488875687,TRACKING
99.3719801902771,0.1281001079713623,0.06304047124652601,0.9721704580338588,0.15625,0.25,1.0,0.028149892028637713,0.186959528753474,0.02782954196614118,0.19110406908014868,160.80323833472315,124.60725494746244,35.33815711019761,160.0,120.0,0.8032383347231473,4.607254947462437,-0.5379967081730503,-0.01523706038716303,-4.8374200096218933e-54,1.441715488875687,TRACKING
99.4535186290741,0.12793341907527722,0.06682990657171846,0.9722415117970101,0.15625,0.25,1.0,0.02831658092472278,0.18317009342828156,0.027758488202989873,0.18741303462968442,161.0780802593669,125.81204588552832,36.39575026463382,160.0,120.0,1.0780802593669137,5.81204588552832,-0.5860033809757913,-0.012189648309730423,-3.8699360076975145e-54,1.441715488875687,TRACKING
99.55609321594238,0.12772937986098437,0.07002687523986338,0.9722089524369617,0.15625,0.25,1.0,0.02852062013901563,0.1799731247601366,0.027791047563038296,0.18432605278064407,161.75611410706506,126.91304177017349,37.43434472004665,160.0,120.0,1.7561141070650592,6.913041770173493,-0.6296878167482247,-0.00975171864778434,-3.095948806158012e-54,1.441715488875687,TRACKING
99.64867115020752,0.12751975640001073,0.07257862742262491,0.972045594130778,0.15625,0.25,1.0,0.02873024359998927,0.17742137257737509,0.027954405869222043,0.18189342800677452,162.55090028653564,128.09765042942138,38.364850847205126,160.0,120.0,2.5509002865356365,8.097650429421378,-0.6598212514552236,-0.0967405688013723,-2.47675904492641e-54,1.441715488875687,TRACKING
99.7462112903595,0.12729268851248599,0.07445511118397796,0.971715963387906,0.15625,0.25,1.0,0.028957311487514015,0.17554488881602204,0.028284036612094,0.18015138246788095,162.96153290963684,129.21002505573523,39.236676594994854,160.0,120.0,2.961532909636844,9.21002505573523,-0.6838810756975064,-0.09703288258041456,-1.981407235941128e-54,1.441715488875687,TRACKING
99.84233570098877,0.1270328273154842,0.075649828233396,0.9711986672357337,0.15625,0.25,1.0,0.02921717268451579,0.174350171766604,0.02880133276426633,0.17911209435356154,163.25238057705496,129.88336382040757,39.94999285528914,160.0,120.0,3.2523805770549643,9.883363820407567,-0.6915103546238702,-0.09346433313074011,-1.5851257887529025e-54,1.441715488875687,TRACKING
99.9419150352478,0.12676340472280012,0.0761291491644964,0.970484636185682,0.15625,0.25,1.0,0.02948659527719988,0.1738708508355036,0.029515363814317963,0.17880628840282684,163.9394936946658,130.55291649425124,40.503873453472124,160.0,120.0,3.9394936946657992,10.552916494251235,-0.684782084562978,-0.09118513687434866,-1.268100631002322e-54,1.441715488875687,TRACKING
100.06201720237732,0.1265094436089902,0.07585213615731738,0.9695671811715016,0.15625,0.25,1.0,0.02974055639100981,0.1741478638426826,0.030432818828498354,0.17927112326658903,164.54400601505816,131.17606060773792,40.957477423406786,160.0,120.0,4.544006015058159,11.176060607737924,-0.6720657056633823,-0.08946581579900469,-1.0144805048018578e-54,1.441715488875687,TRACKING
100.19810557365417,0.12625758231481077,0.07482459335809025,0.9684516474288893,0.15625,0.25,1.0,0.029992417685189232,0.17517540664190975,0.03154835257111066,0.18050281648969468,164.5042989476296,131.27485428150425,41.17352113759234,160.0,120.0,4.504298947629593,11.274854281504247,-0.6385085937404982,-0.08290245871316364,-8.115844038414862e-55,1.441715488875687,TRACKING
100.31465077400208,0.1259893912268935,0.07305731882729112,0.9671478869536287,0.15625,0.25,1.0,0.03026060877310649,0.1769426811727089,0.032852113046371256,0.1824929538242983,164.34791760697485,131.00756458473558,41.1853952076357,160.0,120.0,4.347917606974846,11.007564584735576,-0.5903490439863928,-0.0737215182257339,-6.492675230731891e-55,1.441715488875687,TRACKING
100.42612171173096,0.12571127575709015,0.07051889093505365,0.9656672802616884,0.15625,0.25,1.0,0.030538724242909848,0.17948110906494635,0.034332719738311646,0.18526958151352615,164.68114751264886,130.8999159119629,40.97114298573225,160.0,120.0,4.681147512648863,10.899915911962893,-0.5266236032337585,-0.06788514086064143,-5.194140184585513e-55,1.441715488875687,TRACKING
100.54067492485046,0.12541854097755598,0.06718357259931558,0.9640223935313909,0.15625,0.25,1.0,0.030831459022444024,0.18281642740068443,0.03597760646860915,0.18885659416661224,165.08553229069247,130.71335415625245,40.657586667837776,160.0,120.0,5.08553229069247,10.71335415625245,-0.4630412871465303,-0.06225063232425944,-4.155312147668411e-55,1.441715488875687,TRACKING
100.64420509338379,0.1250951779731902,0.0630744383565617,0.9622373672158115,0.15625,0.25,1.0,0.031154822026809803,0.18692556164343832,0.037762632784188455,0.19322992771832867,164.85234434100087,130.02571557143716,39.97653716905549,160.0,120.0,4.852344341000872,10.02571557143716,-0.3688948024282291,-0.052068516712751034,-3.324249718134729e-55,1.441715488875687,TRACKING
100.74783539772034,0.12473776656417826,0.058235735308274104,0.9603511200007926,0.15625,0.25,1.0,0.03151223343582174,0.1917642646917259,0.03964887999920741,0.19833957687275522,164.3860253170119,128.8757143737535,39.18186429507894,160.0,120.0,4.3860253170118995,8.87571437375351,-0.2761071748153932,-0.03821420615612613,-2.659399774507783e-55,1.441715488875687,TRACKING
100.83645439147949,0.12433156165242146,0.05269621450563437,0.9584030298767332,0.15625,0.25,1.0,0.03191843834757854,0.1973037854943656,0.0415969701232668,0.20415160641148716,164.41385743506163,127.62513666044467,38.31972355632767,160.0,120.0,4.4138574350616295,7.625136660444667,-0.18877145532547573,-0.024971924549666156,-2.1275198196062264e-55,1.441715488875687,TRACKING
100.9315276145935,0.12386946939133661,0.04649205571500802,0.9564454119986607,0.15625,0.25,1.0,0.03238053060866339,0.20350794428499197,0.04355458800133927,0.2106204745165303,164.35716956423536,126.17402223993356,37.27648657900801,160.0,120.0,4.357169564235363,6.174022239933564,-0.09262133509033571,0.056782169408743394,-1.7020158556849813e-55,1.441715488875687,TRACKING
101.0300841331482,0.12337911502390536,0.0397083409680045,0.9545415052099668,0.15625,0.25,1.0,0.03287088497609464,0.2102916590319955,0.045458494790033166,0.21764547246868282,163.8930229486866,124.23923445107401,36.176561140246804,160.0,120.0,3.8930229486865926,4.239234451074012,-0.002060810071821989,0.04542573552699472,-1.361612684547985e-55,1.441715488875687,TRACKING
101.11263132095337,0.1228709518574781,0.0324458844595425,0.9527346019073015,0.15625,0.25,1.0,0.033379048142521905,0.2175541155404575,0.047265398092698474,0.22511768455710626,163.40546491664628,121.89257209534655,35.03046756098464,160.0,120.0,3.405464916646281,1.8925720953465515,0.08324868612232478,0.03634058842159578,-1.0892901476383879e-55,1.441715488875687,TRACKING
101.20918250083923,0.12231518944947178,0.024764965996957548,0.9510438503069754,0.15625,0.25,1.0,0.033934810550528216,0.22523503400304246,0.04895614969302464,0.2329787468895345,163.25126887062476,119.94069775614031,33.837007817838256,160.0,120.0,3.251268870624756,-0.05930224385969041,0.16481447525473314,0.02907247073727662,-8.714321181107104e-56,1.441715488875687,TRACKING
101.30272579193115,0.12169581951006345,0.01671902356356176,0.9494767709271705,0.15625,0.25,1.0,0.03455418048993655,0.23328097643643825,0.05052322907282947,0.24117753218825086,163.27561572049595,118.23905630943554,32.726173878897114,160.0,120.0,3.2756157204959493,-1.76094369056446,0.22918375985253828,0.0232579765898213,-6.971456944885684e-56,1.441715488875687,TRACKING
101.39782404899597,0.12105348235140485,0.008408598498220456,0.9480452688897703,0.15625,0.25,1.0,0.035196517648595146,0.24159140150177955,0.051954731110229746,0.2496086821785616,162.77588865216026,116.0782122236917,31.61273834782121,160.0,120.0,2.775888652160262,-3.9217877763083067,0.2887458831040369,0.01860638127185704,-5.5771655559085475e-56,1.441715488875687,TRACKING
101.49736404418945,0.12043515236013158,-5.2679955945201824e-05,0.9467548670466523,0.15625,0.25,1.0,0.03581484763986842,0.2500526799559452,0.05324513295334765,0.25815516699813895,162.1161318231229,113.79530968612225,30.566296932004196,160.0,120.0,2.116131823122913,-6.204690313877748,0.33669968833682334,0.014885105017485634,-4.461732444726838e-56,1.441715488875687,TRACKING
101.58590483665466,0.11983500710361993,-0.008573500434595985,0.9456252629060532,0.15625,0.25,1.0,0.036414992896380075,0.258573500434596,0.0543747370939468,0.26672629954445676,161.86873061911194,111.70166008199021,29.578325931217766,160.0,120.0,1.8687306191119433,-8.298339918009788,0.37585083003335223,0.10305151744679603,-3.5693859557814706e-56,1.441715488875687,TRACKING
101.67945146560669,0.11924137989449379,-0.01704651437947321,0.9446788022313295,0.15625,0.25,1.0,0.03700862010550621,0.2670465143794732,0.055321197768670505,0.2752161218513556,161.76434302376066,109.47307772577899,28.656697129797166,160.0,120.0,1.7643430237606594,-10.526922274221008,0.40667048250698046,0.11452528842799903,-2.855508764625177e-56,1.441715488875687,TRACKING
101.77146220207214,0.11868733573628987,-0.02534023270050532,0.9439328584986586,0.15625,0.25,1.0,0.03756266426371013,0.27534023270050534,0.0560671415013414,0.28349025000216155,161.29485839635262,107.00668150625341,27.818974735472892,160.0,120.0,1.2948583963526232,-12.993318493746585,0.42839686978245806,0.12835916130489108,-2.2844070117001415e-56,1.441715488875687,TRACKING
101.87257528305054,0.11819856525189906,-0.03334535387012243,0.943390020878306,0.15625,0.25,1.0,0.03805143474810094,0.28334535387012244,0.056609979121693965,0.2914398582595259,160.6666579576292,104.72934297906473,27.091044439263435,160.0,120.0,0.6666579576292122,-15.270657020935275,0.4393672797938736,0.13961063915346966,-1.827525609360113e-56,1.441715488875687,TRACKING
101.96211075782776,0.11774588643547121,-0.04096861051897791,0.9430439083383416,0.15625,0.25,1.0,0.03850411356452879,0.29096861051897793,0.05695609166165838,0.29898042652673107,160.43332767245897,102.72407293639208,26.38716884523803,160.0,120.0,0.4333276724589723,-17.275927063607924,0.4505498041722951,0.14771116289398767,-1.4620204874880905e-56,1.441715488875687,TRACKING
102.06265711784363,0.11729572624675433,-0.048088379631227515,0.9428813462210888,0.15625,0.25,1.0,0.03895427375324567,0.29808837963122753,0.05711865377891123,0.3060010753646607,160.45666298709833,100.54564740865484,25.8419908269804,160.0,120.0,0.4566629870983263,-19.454352591345156,0.446680563862373,0.15793157050314469,-1.1696163899904725e-56,1.441715488875687,TRACKING
102.16625213623047,0.11686837795938389,-0.05458329401126598,0.9428866146949212,0.15625,0.25,1.0,0.03938162204061611,0.304583294011266,0.05711338530507881,0.3123841127943443,160.0997850431764,98.23675852314518,25.355037300781888,160.0,120.0,0.09978504317641068,-21.763241476854816,0.44089191953002926,0.16953770920376326,-9.35693111992378e-57,1.441715488875687,TRACKING
102.25879287719727,0.11648743575647132,-0.06038450418498631,0.94304004971531,0.15625,0.25,1.0,0.039762564243528684,0.3103845041849863,0.05695995028469003,0.3180629464269846,159.70673726170725,96.40758604846721,24.938946471460376,160.0,120.0,-0.2932627382927535,-23.59241395153279,0.4317472292366952,0.17567021639700728,-7.485544895939026e-57,1.441715488875687,TRACKING
102.35834646224976,0.1161294692399211,-0.06543871655001213,0.9433216594297499,0.15625,0.25,1.0,0.040120530760078904,0.3154387165500121,0.05667834057025012,0.32299175713473954,159.80937922010972,94.8649309315037,24.529754617612575,160.0,120.0,-0.19062077989028126,-25.135069068496307,0.4265728073493177,0.1791060479411602,-5.98843591675122e-57,1.441715488875687,TRACKING
102.46443247795105,0.11577165508875384,-0.06967801178477738,0.9437138264715963,0.15625,0.25,1.0,0.04047834491124616,0.3196780117847774,0.056286173528403705,0.3271095549749222,160.2098451197803,93.3447646910487,24.243529115339776,160.0,120.0,0.2098451197803115,-26.655235308951305,0.4115499747102651,0.18302181087338049,-4.790748733400976e-57,1.441715488875687,TRACKING
